e52	e23	x38	xv38	vinqi	vinqi_fonetik	pnzabi	xp38	guzraji	xg38	bNgali	xb38
a	a	a	vxi	है	ा	হৈ	vxi	হৈ	vxi		
abandon	abandon	abnqo	snnyas	संन्यास	ाबंदों	সংন্যাস	snnyas	সংন্যাস	snnyas		
ability	ability	ebiliti	yogyja	योग्यता	एबिलिटी	যোগ্যতা	yogyja	যোগ্যতা	yogyja		
able	able	xble	kabil	काबिल	अबले	কাবিল	kabil	কাবিল	kabil		
abortion	abortion	ebarSn	grBpaj	गर्भपात	एबॉर्शन	গর্ভপাত	grBpaj	গর্ভপাত	grBpaj		
about	about	xbaut	ke bare me	के बारे में	अबाउट	কে বারে মেং	ke bare me	কে বারে মেং	ke bare me		
above	abowe	xbowe	ke upr	के ऊपर	अबोवे	কে ঊপর	ke upr	কে ঊপর	ke upr		
abroad	abroad	xbrad	wiqeSi	विदेशी	अब्रॉड	঵িদেশী	wiqeSi	঵িদেশী	wiqeSi		
absence	absence	ebsens	xnupsJiji	अनुपस्थिति	एब्सेंस	অনুপস্থিতি	xnupsJiji	অনুপস্থিতি	xnupsJiji		
absolute	absolute	xbsolute	SuqQ	शुद्ध	अब्सोलुटे	শুদ্ধ	SuqQ	শুদ্ধ	SuqQ		
absolutely	absolutely	xbsolujely	bilkul	बिल्कुल	अब्सोलुतेल्य	বিল্কুল	bilkul	বিল্কুল	bilkul		
absorb	absorb	xbsarb	soK lena	सोख लेना	अब्सॉर्ब	সোখ লেনা	soK lena	সোখ লেনা	soK lena		
abuse	abuse	ebyuz	gali qena	गाली देना	एब्यूज	গালী দেনা	gali qena	গালী দেনা	gali qena		
academic	academic	xkaqmik	SxiSik	शैक्षिक	अकादमिक	শৈক্ষিক	SxiSik	শৈক্ষিক	SxiSik		
accept	accept	eksept	manna	मानना	एक्सेप्ट	মাননা	manna	মাননা	manna		
access	access	ekses	pvunc	पहुँच	एक्सेस	পহুঁচ	pvunc	পহুঁচ	pvunc		
accident	accident	eksident	qurGtna	दुर्घटना	एक्सीडेंट	দুর্ঘটনা	qurGtna	দুর্ঘটনা	qurGtna		
accompany	accompany	xikpeni	saJ	साथ	ैकपेनी	সাথ	saJ	সাথ	saJ		
accomplish	accomplish	xikpliS	pura krna	पूरा करना	ैकपलिश	পূরা করনা	pura krna	পূরা করনা	pura krna		
according	according	xkardiNg	xnusar	अनुसार	अकॉर्डिंग	অনুসার	xnusar	অনুসার	xnusar		
account	account	xkaunt	Kaja	खाता	अकाउंट	খাতা	Kaja	খাতা	Kaja		
accurate	accurate	ekyuret	stik	सटीक	एक्यूरेट	সটীক	stik	সটীক	stik		
accuse	accuse	xikse	qosi	दोषी	ैकसे	দোষী	qosi	দোষী	qosi		
achieve	achiewe	xciw	prapj krna	प्राप्त करना	अचीव	প্রাপ্ত করনা	prapj krna	প্রাপ্ত করনা	prapj krna		
achievement	achiewement	xciwment	uplbQi	उपलब्धि	अचीवमेंट	উপলব্ধি	uplbQi	উপলব্ধি	uplbQi		
acid	acid	esid	Ktta	खट्टा	एसिड	খট্টা	Ktta	খট্টা	Ktta		
acknowledge	acknowledge	eknalez	swikar krna	स्वीकार करना	एकनॉलेज	স্঵ীকার করনা	swikar krna	স্঵ীকার করনা	swikar krna		
acquire	ackuire	ekwayr	xQigrvn krna	अधिग्रहण करना	एक्वायर	অধিগ্রহণ করনা	xQigrvn krna	অধিগ্রহণ করনা	xQigrvn krna		
across	across	xkras	xar–par	आर–पार	अक्रॉस	আর–পার	xar–par	আর–পার	xar–par		
act	act	ekt	karywavi krna	कार्यवाही करना	एक्ट	কার্য঵াহী করনা	karywavi krna	কার্য঵াহী করনা	karywavi krna		
action	action	ekSn	Bndar	भण्डार	एक्शन	ভণ্ডার	Bndar	ভণ্ডার	Bndar		
active	actiwe	ektiw	skriy	सक्रिय	एक्टिव	সক্রিয	skriy	সক্রিয	skriy		
activist	actiwist	ektiwist	karykrja	कार्यकर्ता	एक्टिविस्ट	কার্যকর্তা	karykrja	কার্যকর্তা	karykrja		
activity	actiwity	ektiwiti	gjiwiQi	गतिविधि	एक्टिविटी	গতি঵িধি	gjiwiQi	গতি঵িধি	gjiwiQi		
actor	actor	ektr	xBineja	अभिनेता	एक्टर	অভিনেতা	xBineja	অভিনেতা	xBineja		
actress	actress	ektres	xBinejri	अभिनेत्री	एक्ट्रेस	অভিনেত্রী	xBinejri	অভিনেত্রী	xBinejri		
actual	actual	ekcuxl	wrjman	वर्तमान	एक्चुअल	঵র্তমান	wrjman	঵র্তমান	wrjman		
actually	actually	ekcuxli	wasjw me	वास्तव में	एक्चुअली	঵াস্ত঵ মেং	wasjw me	঵াস্ত঵ মেং	wasjw me		
ad	ad	xड़	wigyapn	विज्ञापन	अड़	঵িজ্ঞাপন	wigyapn	঵িজ্ঞাপন	wigyapn		
adapt	adapt	edapt	xnukul bnana	अनुकूल बनाना	एडाप्ट	অনুকূল বনানা	xnukul bnana	অনুকূল বনানা	xnukul bnana		
add	add	ed	zoRe	जोड़ें	ऐड	জোড়েং	zoRe	জোড়েং	zoRe		
addition	addition	xqqijio	yog	योग	अद्दितीओं	যোগ	yog	যোগ	yog		
additional	additional	ediSnl	xjirikj	अतिरिक्त	एडिशनल	অতিরিক্ত	xjirikj	অতিরিক্ত	xjirikj		
address	address	edres	pja	पता	एड्रेस	পতা	pja	পতা	pja		
adequate	adekuate	aqkje	pryapj	पर्याप्त	ादकते	পর্যাপ্ত	pryapj	পর্যাপ্ত	pryapj		
adjust	adzust	edzst	smayozij krna	समायोजित करना	एडजस्ट	সমাযোজিত করনা	smayozij krna	সমাযোজিত করনা	smayozij krna		
adjustment	adzustment	edzstment	smayozn	समायोजन	एडजस्टमेंट	সমাযোজন	smayozn	সমাযোজন	smayozn		
administration	administration	edministreSn	prSasn	प्रशासन	एडमिनिस्ट्रेशन	প্রশাসন	prSasn	প্রশাসন	prSasn		
administrator	administrator	edministretr	prSask	प्रशासक	एडमिनिस्ट्रेटर	প্রশাসক	prSask	প্রশাসক	prSask		
admire	admire	xqmire	prSnsa krna	प्रशंसा करना	अदमीरे	প্রশংসা করনা	prSnsa krna	প্রশংসা করনা	prSnsa krna		
admission	admission	edmiSn	prweS	प्रवेश	एडमिशन	প্র঵েশ	prweS	প্র঵েশ	prweS		
admit	admit	edmit	swikar kiya	स्वीकार किया	एडमिट	স্঵ীকার কিযা	swikar kiya	স্঵ীকার কিযা	swikar kiya		
adolescent	adolescent	edolsent	kiSor	किशोर	एडोलसेंट	কিশোর	kiSor	কিশোর	kiSor		
adopt	adopt	xdapt	muv boli bvn	मुह बोली बहन	अडॉप्ट	মুহ বোলী বহন	muv boli bvn	মুহ বোলী বহন	muv boli bvn		
adult	adult	edlt	wysk	वयस्क	एडल्ट	঵যস্ক	wysk	঵যস্ক	wysk		
advance	adwance	edwans	xage	आगे	एडवांस	আগে	xage	আগে	xage		
advanced	adwanced	edwansd	wiksij	विकसित	एडवांस्ड	঵িকসিত	wiksij	঵িকসিত	wiksij		
advantage	adwantage	edwantez	fayqa	फायदा	एडवांटेज	ফাযদা	fayqa	ফাযদা	fayqa		
adventure	adwenture	edwencr	savsik kam	साहसिक काम	एडवेंचर	সাহসিক কাম	savsik kam	সাহসিক কাম	savsik kam		
advertising	adwertising	edwrtaiziNg	wigyapn qena	विज्ञापन देना	एडवरटाइजिंग	঵িজ্ঞাপন দেনা	wigyapn qena	঵িজ্ঞাপন দেনা	wigyapn qena		
advice	adwice	edwais	slav	सलाह	एडवाइस	সলাহ	slav	সলাহ	slav		
advise	adwise	xdwise	slav qena	सलाह देना	अडवीसे	সলাহ দেনা	slav qena	সলাহ দেনা	slav qena		
adviser	adwiser	xqwiser	slavkar	सलाहकार	अद्विसेर	সলাহকার	slavkar	সলাহকার	slavkar		
advocate	adwocate	xQiwkja	wkil	वकील	अधिवक्ता	঵কীল	wkil	঵কীল	wkil		
affair	affair	xfeyr	ckkr	चक्कर	अफेयर	চক্কর	ckkr	চক্কর	ckkr		
affect	affect	efekt	prBawij krna	प्रभावित करना	एफेक्ट	প্রভা঵িত করনা	prBawij krna	প্রভা঵িত করনা	prBawij krna		
afford	afford	xफ़ford	Krc wvn krna	खर्च वहन करना	अफ़्फोर्ड	খর্চ ঵হন করনা	Krc wvn krna	খর্চ ঵হন করনা	Krc wvn krna		
afraid	afraid	xfred	dra vuxa	डरा हुआ	अफ्रेड	ডরা হুআ	dra vuxa	ডরা হুআ	dra vuxa		
african	african	xfrikn	xfriki	अफ़्रीकी	अफ्रीकन	অফ়্রীকী	xfriki	অফ়্রীকী	xfriki		
african-american	african-american	xfrikn-xmerikn	xfriki xmeriki	अफ्रीकी अमेरिकी	अफ्रीकन-अमेरिकन	অফ্রীকী অমেরিকী	xfriki xmeriki	অফ্রীকী অমেরিকী	xfriki xmeriki		
after	after	xaftr	baq me	बाद में	आफ्टर	বাদ মেং	baq me	বাদ মেং	baq me		
afternoon	afternoon	xaftrnun	qopvr baq	दोपहर बाद	आफ्टरनून	দোপহর বাদ	qopvr baq	দোপহর বাদ	qopvr baq		
again	again	xgen	fir se	फिर से	अगेन	ফির সে	fir se	ফির সে	fir se		
against	against	xgenst	ke Kilaf	के खिलाफ	अगेंस्ट	কে খিলাফ	ke Kilaf	কে খিলাফ	ke Kilaf		
age	age	xage	xayu	आयु	आगे	আযু	xayu	আযু	xayu		
agency	agency	ezensi	ezensi	एजेंसी	एजेंसी	এজেংসী	ezensi	এজেংসী	ezensi		
agenda	agenda	ezenda	dayri	डायरी	एजेंडा	ডাযরী	dayri	ডাযরী	dayri		
agent	agent	ezent	prjiniQi	प्रतिनिधि	एजेंट	প্রতিনিধি	prjiniQi	প্রতিনিধি	prjiniQi		
aggressive	aggressiwe	egresiw	xakramk	आक्रामक	एग्रेसिव	আক্রামক	xakramk	আক্রামক	xakramk		
ago	ago	ego	pvle	पहले	एगो	পহলে	pvle	পহলে	pvle		
agree	agree	egri	svmj vona	सहमत होना	एग्री	সহমত হোনা	svmj vona	সহমত হোনা	svmj vona		
agreement	agreement	egriment	smZouja	समझौता	एग्रीमेंट	সমঝৌতা	smZouja	সমঝৌতা	smZouja		
agricultural	agricultural	egriklcrl	krsi	कृषि	एग्रीकल्चरल	কৃষি	krsi	কৃষি	krsi		
ah	ah	yv	eec	एएच	यह	এএচ	eec	এএচ	eec		
ahead	ahead	xved	xage	आगे	अहेड	আগে	xage	আগে	xage		
aid	aid	xiQ	mqq krja vxi	मदद करता है	अिध	মদদ করতা হৈ	mqq krja vxi	মদদ করতা হৈ	mqq krja vxi		
aide	aide	xaide	svayja	सहायता	आइडे	সহাযতা	svayja	সহাযতা	svayja		
aids	aids	eds	eds	एड्स	एड्स	এড্স	eds	এড্স	eds		
aim	aim	exaiem	pyar	प्यार	एआईएम	প্যার	pyar	প্যার	pyar		
air	air	eyr	wayu	वायु	एयर	঵াযু	wayu	঵াযু	wayu		
aircraft	aircraft	eyrkraft	vwai zvaz	हवाई जहाज	एयरक्राफ्ट	হ঵াঈ জহাজ	vwai zvaz	হ঵াঈ জহাজ	vwai zvaz		
airline	airline	eyrlain	eyrlain	एयरलाइन	एयरलाइन	এযরলাইন	eyrlain	এযরলাইন	eyrlain		
airport	airport	eyrport	vwai xdda	हवाई अड्डा	एयरपोर्ट	হ঵াঈ অড্ডা	vwai xdda	হ঵াঈ অড্ডা	vwai xdda		
album	album	elbm	elbm	एल्बम	एल्बम	এল্বম	elbm	এল্বম	elbm		
alcohol	alcohol	xlkovl	Srab pina	शराब पीना	अल्कोहल	শরাব পীনা	Srab pina	শরাব পীনা	Srab pina		
alive	aliwe	xlaiw	ziwij	जीवित	अलाइव	জী঵িত	ziwij	জী঵িত	ziwij		
all	all	xal	sb	सब	आल	সব	sb	সব	sb		
alliance	alliance	xlayns	snQi	संधि	अलायन्स	সংধি	snQi	সংধি	snQi		
allow	allow	xllow	xnumji	अनुमति	अल्लोव	অনুমতি	xnumji	অনুমতি	xnumji		
ally	ally	xlly	mijr	मित्र	अल्ल्य	মিত্র	mijr	মিত্র	mijr		
almost	almost	aolmost	lgBg	लगभग	ऑलमोस्ट	লগভগ	lgBg	লগভগ	lgBg		
alone	alone	xlon	xkela	अकेला	अलोन	অকেলা	xkela	অকেলা	xkela		
along	along	xloNg	saJ–saJ	साथ–साथ	अलोंग	সাথ–সাথ	saJ–saJ	সাথ–সাথ	saJ–saJ		
already	already	xalredi	pvle se vi	पहले से ही	आलरेडी	পহলে সে হী	pvle se vi	পহলে সে হী	pvle se vi		
also	also	xalso	Bi	भी	आल्सो	ভী	Bi	ভী	Bi		
alter	alter	xaltr	ekanjr	एकांतर	आल्टर	একাংতর	ekanjr	একাংতর	ekanjr		
alternative	alternatiwe	xltrnetiw	wiklp	विकल्प	अल्टरनेटिव	঵িকল্প	wiklp	঵িকল্প	wiklp		
although	although	xlJouG	yqypi	यद्यपि	अल्थौघ	যদ্যপি	yqypi	যদ্যপি	yqypi		
always	always	aolwez	vmeSa	हमेशा	ऑलवेज	হমেশা	vmeSa	হমেশা	vmeSa		
am	am	ऍm	purwavn	पूर्वाह्न	ऍम	পূর্঵াহ্ন	purwavn	পূর্঵াহ্ন	purwavn		
amazing	amazing	xmeziNg	bvuj bRiya	बहुत बढ़िया	अमेजिंग	বহুত বঢ়িযা	bvuj bRiya	বহুত বঢ়িযা	bvuj bRiya		
american	american	xmerikn	xmerikn	अमेरिकन	अमेरिकन	অমেরিকন	xmerikn	অমেরিকন	xmerikn		
among	among	xmNg	ke bic	के बीच	अमंग	কে বীচ	ke bic	কে বীচ	ke bic		
amount	amount	xmaunt	rkm	रकम	अमाउंट	রকম	rkm	রকম	rkm		
analysis	analysis	enalisis	wiSlesn	विश्लेषण	एनालिसिस	঵িশ্লেষণ	wiSlesn	঵িশ্লেষণ	wiSlesn		
analyst	analyst	enalist	wiSlesk	विश्लेषक	एनालिस्ट	঵িশ্লেষক	wiSlesk	঵িশ্লেষক	wiSlesk		
analyze	analyze	enalaiz	wiSlesn	विश्लेषण	एनालाइज	঵িশ্লেষণ	wiSlesn	঵িশ্লেষণ	wiSlesn		
ancient	ancient	xnsient	pracin	प्राचीन	अन्सिएंट	প্রাচীন	pracin	প্রাচীন	pracin		
and	and	end	jJa	तथा	एंड	তথা	jJa	তথা	jJa		
anger	anger	eNgr	qewquj	देवदूत	एंगर	দে঵দূত	qewquj	দে঵দূত	qewquj		
angle	angle	eNgl	kon	कोण	एंगल	কোণ	kon	কোণ	kon		
angry	angry	eNgri	naraz	नाराज़	एंग्री	নারাজ়	naraz	নারাজ়	naraz		
animal	animal	eniml	zanwr	जानवर	एनिमल	জান঵র	zanwr	জান঵র	zanwr		
anniversary	anniwersary	eniwrsri	salgirv	सालगिरह	एनिवर्सरी	সালগিরহ	salgirv	সালগিরহ	salgirv		
announce	announce	xnnouns	ki Gosna	की घोषणा	अन्नोउंस	কী ঘোষণা	ki Gosna	কী ঘোষণা	ki Gosna		
annual	annual	enuxl	salana	सालाना	एनुअल	সালানা	salana	সালানা	salana		
another	another	anoJer	qusra	दूसरा	ानोथेर	দূসরা	qusra	দূসরা	qusra		
answer	answer	xansr	zwab	जवाब	आंसर	জ঵াব	zwab	জ঵াব	zwab		
anticipate	anticipate	anjikipje	purwanuman krna	पूर्वानुमान करना	ांतिकिपते	পূর্঵ানুমান করনা	purwanuman krna	পূর্঵ানুমান করনা	purwanuman krna		
anxiety	anxiety	eNgzayti	cinja	चिंता	एंग्जायटी	চিংতা	cinja	চিংতা	cinja		
any	any	xny	koi	कोई	अन्य	কোঈ	koi	কোঈ	koi		
anybody	anybody	xnyboqy	koi	कोई	अन्य्बोद्य	কোঈ	koi	কোঈ	koi		
anymore	anymore	enimor	iske baq	इसके बाद	एनीमोर	ইসকে বাদ	iske baq	ইসকে বাদ	iske baq		
anyone	anyone	eniwn	kisi ko	किसी को	एनीवन	কিসী কো	kisi ko	কিসী কো	kisi ko		
anything	anything	eniJiNg	kuC Bi	कुछ भी	एनीथिंग	কুছ ভী	kuC Bi	কুছ ভী	kuC Bi		
anyway	anyway	eniwe	wxise Bi	वैसे भी	एनीवे	঵ৈসে ভী	wxise Bi	঵ৈসে ভী	wxise Bi		
anywhere	anywhere	eniweyr	kvi Bi	कहीं भी	एनीवेयर	কহীং ভী	kvi Bi	কহীং ভী	kvi Bi		
apart	apart	xpart	xlg	अलग	अपार्ट	অলগ	xlg	অলগ	xlg		
apartment	apartment	xpartment	xpartment	अपार्टमेंट	अपार्टमेंट	অপার্টমেংট	xpartment	অপার্টমেংট	xpartment		
apparent	apparent	xapprent	prkt	प्रकट	आपपरेंट	প্রকট	prkt	প্রকট	prkt		
apparently	apparently	xapprentli	zavira jour pr	जाहिरा तौर पर	आपपरेंटली	জাহিরা তৌর পর	zavira jour pr	জাহিরা তৌর পর	zavira jour pr		
appeal	appeal	xpil	xpil krna	अपील करना	अपील	অপীল করনা	xpil krna	অপীল করনা	xpil krna		
appear	appear	xppexr	ke zxisa lgna	के जैसा लगना	अप्पेअर	কে জৈসা লগনা	ke zxisa lgna	কে জৈসা লগনা	ke zxisa lgna		
appearance	appearance	xpiyrens	qiKawt	दिखावट	अपीयरेंस	দিখা঵ট	qiKawt	দিখা঵ট	qiKawt		
apple	apple	eppl	seb	सेब	एप्पल	সেব	seb	সেব	seb		
application	application	eplikeSn	xaweqn pjr	आवेदन पत्र	एप्लीकेशन	আ঵েদন পত্র	xaweqn pjr	আ঵েদন পত্র	xaweqn pjr		
apply	apply	xplai	lagu	लागू	अप्लाई	লাগূ	lagu	লাগূ	lagu		
appoint	appoint	xppoint	xjirikj	अतिरिक्त	अप्पोइंट	অতিরিক্ত	xjirikj	অতিরিক্ত	xjirikj		
appointment	appointment	xpaintment	niyukji	नियुक्ति	अपॉइंटमेंट	নিযুক্তি	niyukji	নিযুক্তি	niyukji		
appreciate	appreciate	xppresiyje	sravna	सराहना	अप्प्रेसियते	সরাহনা	sravna	সরাহনা	sravna		
approach	approach	eproc	qrstikon	दृष्टिकोण	एप्रोच	দৃষ্টিকোণ	qrstikon	দৃষ্টিকোণ	qrstikon		
appropriate	appropriate	epropriyet	ucij	उचित	एप्रोप्रियेट	উচিত	ucij	উচিত	ucij		
approval	approwal	xpruwl	xnumoqn	अनुमोदन	अप्रूवल	অনুমোদন	xnumoqn	অনুমোদন	xnumoqn		
approve	approwe	xpprowe	mnzur	मंजूर	अप्प्रोवे	মংজূর	mnzur	মংজূর	mnzur		
approximately	approximately	xpproksimateli	xnqazn	अंदाज़न	अप्प्रोक्सिमाटेली	অংদাজ়ন	xnqazn	অংদাজ়ন	xnqazn		
arab	arab	xrb	xrbi	अरबी	अरब	অরবী	xrbi	অরবী	xrbi		
architect	architect	xarkitekt	xarkitekt	आर्किटेक्ट	आर्किटेक्ट	আর্কিটেক্ট	xarkitekt	আর্কিটেক্ট	xarkitekt		
area	area	eriya	Sejr	क्षेत्र	एरिया	ক্ষেত্র	Sejr	ক্ষেত্র	Sejr		
argue	argue	xage	bvs krna	बहस करना	आगे	বহস করনা	bvs krna	বহস করনা	bvs krna		
argument	argument	xargument	bvs	बहस	आर्गुमेंट	বহস	bvs	বহস	bvs		
arise	arise	xrse	uTna	उठना	अरसे	উঠনা	uTna	উঠনা	uTna		
arm	arm	exaryem	vJiyaro	हथियारों	एआरएम	হথিযারোং	vJiyaro	হথিযারোং	vJiyaro		
armed	armed	xarmd	vJiyarbnq	हथियारबंद	आर्म्ड	হথিযারবংদ	vJiyarbnq	হথিযারবংদ	vJiyarbnq		
army	army	xarmi	sena	सेना	आर्मी	সেনা	sena	সেনা	sena		
around	around	xraund	caro or	चारों ओर	अराउंड	চারোং ওর	caro or	চারোং ওর	caro or		
arrange	arrange	xrrNge	wywsJij krna	व्यवस्थित करना	अर्रंगे	঵্য঵স্থিত করনা	wywsJij krna	঵্য঵স্থিত করনা	wywsJij krna		
arrangement	arrangement	xrenzment	wywsJa	व्यवस्था	अरेंजमेंट	঵্য঵স্থা	wywsJa	঵্য঵স্থা	wywsJa		
arrest	arrest	xrest	girfjar krna	गिरफ़्तार करना	अरेस्ट	গিরফ়্তার করনা	girfjar krna	গিরফ়্তার করনা	girfjar krna		
arrival	arriwal	xrriwal	xagmn	आगमन	अर्रिवाल	আগমন	xagmn	আগমন	xagmn		
arrive	arriwe	xrriwe	pvunc gye	पहुंच गए	अर्रिवे	পহুংচ গএ	pvunc gye	পহুংচ গএ	pvunc gye		
art	art	xart	kla	कला	आर्ट	কলা	kla	কলা	kla		
article	article	xartikl	leK	लेख	आर्टिकल	লেখ	leK	লেখ	leK		
artist	artist	xartist	klakar	कलाकार	आर्टिस्ट	কলাকার	klakar	কলাকার	klakar		
artistic	artistic	xartistik	klajmk	कलात्मक	आर्टिस्टिक	কলাত্মক	klajmk	কলাত্মক	klajmk		
as	as	xs	es	ऐस	अस	ঐস	es	ঐস	es		
asian	asian	eSiyai	eSiyai	एशियाई	एशियाई	এশিযাঈ	eSiyai	এশিযাঈ	eSiyai		
aside	aside	xasiqe	xlg	अलग	आसीदे	অলগ	xlg	অলগ	xlg		
ask	ask	xask	puCna	पूछना	आस्क	পূছনা	puCna	পূছনা	puCna		
asleep	asleep	xslip	sona	सोना	अस्लीप	সোনা	sona	সোনা	sona		
aspect	aspect	xaspekt	pvlu	पहलू	आस्पेक्ट	পহলূ	pvlu	পহলূ	pvlu		
assault	assault	xsalt	vmla	हमला	असाल्ट	হমলা	vmla	হমলা	vmla		
assert	assert	xssert	zor	ज़ोर	अस्सेर्ट	জ়োর	zor	জ়োর	zor		
assess	assess	xssess	xakln	आकलन	अस्सेस्स	আকলন	xakln	আকলন	xakln		
assessment	assessment	xsesment	mulyaNkn	मूल्यांकन	असेसमेंट	মূল্যাংকন	mulyaNkn	মূল্যাংকন	mulyaNkn		
asset	asset	eset	smpjji	संपत्ति	एसेट	সংপত্তি	smpjji	সংপত্তি	smpjji		
assign	assign	xsain	soumpna	सौंपना	असाइन	সৌংপনা	soumpna	সৌংপনা	soumpna		
assignment	assignment	xsainment	karyBar	कार्यभार	असाइनमेंट	কার্যভার	karyBar	কার্যভার	karyBar		
assist	assist	xsist	svayja qena	सहायता देना	असिस्ट	সহাযতা দেনা	svayja qena	সহাযতা দেনা	svayja qena		
assistance	assistance	xsistens	svayja	सहायता	असिस्टेंस	সহাযতা	svayja	সহাযতা	svayja		
assistant	assistant	xsistent	svayk	सहायक	असिस्टेंट	সহাযক	svayk	সহাযক	svayk		
associate	associate	esosiet	smbnqQ krna	संबंद्ध करना	एसोसिएट	সংবংদ্ধ করনা	smbnqQ krna	সংবংদ্ধ করনা	smbnqQ krna		
association	association	esosieSn	sNgTn	संगठन	एसोसिएशन	সংগঠন	sNgTn	সংগঠন	sNgTn		
assume	assume	asume	man lena	मान लेना	ासुमे	মান লেনা	man lena	মান লেনা	man lena		
assumption	assumption	xasumptio	klpna	कल्पना	आसुमप्टीओं	কল্পনা	klpna	কল্পনা	klpna		
assure	assure	xsure	suniScij	सुनिश्चित	असुरे	সুনিশ্চিত	suniScij	সুনিশ্চিত	suniScij		
at	at	aj	kiya	किया	ात	কিযা	kiya	কিযা	kiya		
athlete	athlete	eJlit	Qawk	धावक	एथलिट	ধা঵ক	Qawk	ধা঵ক	Qawk		
athletic	athletic	eJletik	pust	पुष्ट	एथलेटिक	পুষ্ট	pust	পুষ্ট	pust		
atmosphere	atmosphere	xtmasfere	wayumndl	वायुमंडल	अट्मॉस्फेरे	঵াযুমংডল	wayumndl	঵াযুমংডল	wayumndl		
attach	attach	xajjac	snlgn krna	संलग्न करना	आत्ताच	সংলগ্ন করনা	snlgn krna	সংলগ্ন করনা	snlgn krna		
attack	attack	xtxik	vmla	हमला	अटैक	হমলা	vmla	হমলা	vmla		
attempt	attempt	etempt	koSiS krna	कोशिश करना	एटेम्पट	কোশিশ করনা	koSiS krna	কোশিশ করনা	koSiS krna		
attend	attend	xtend	wets	वेट्स	अटेंड	঵েট্স	wets	঵েট্স	wets		
attention	attention	xtenSn	cejawni	चेतावनी	अटेंशन	চেতা঵নী	cejawni	চেতা঵নী	cejawni		
attitude	attitude	etitud	rwxiya	रवैया	ऐटिटूड	র঵ৈযা	rwxiya	র঵ৈযা	rwxiya		
attorney	attorney	xtarni	prjiniQi	प्रतिनिधि	अटॉर्नी	প্রতিনিধি	prjiniQi	প্রতিনিধি	prjiniQi		
attract	attract	xjjrkt	xakrsij	आकर्षित	अत्त्रक्ट	আকর্ষিত	xakrsij	আকর্ষিত	xakrsij		
attractive	attractiwe	xtrxiktiw	xakrsk	आकर्षक	अट्रैक्टिव	আকর্ষক	xakrsk	আকর্ষক	xakrsk		
attribute	attribute	etribyut	wiSesja	विशेषता	एट्रिब्यूट	঵িশেষতা	wiSesja	঵িশেষতা	wiSesja		
audience	audience	aodiyns	Sroja	श्रोता	ऑडियंस	শ্রোতা	Sroja	শ্রোতা	Sroja		
author	author	aoJr	leKk	लेखक	ऑथर	লেখক	leKk	লেখক	leKk		
authority	authority	xJariti	praQikrn	प्राधिकरण	अथॉरिटी	প্রাধিকরণ	praQikrn	প্রাধিকরণ	praQikrn		
auto	auto	aoto	gaRi	गाड़ी	ऑटो	গাড়ী	gaRi	গাড়ী	gaRi		
available	awailable	xwelebl	uplbQ	उपलब्ध	अवेलेबल	উপলব্ধ	uplbQ	উপলব্ধ	uplbQ		
average	awerage	ewrez	ousj	औसत	एवरेज	ঔসত	ousj	ঔসত	ousj		
avoid	awoid	xwayd	bcna	बचना	अवॉयड	বচনা	bcna	বচনা	bcna		
award	award	xward	purskar	पुरस्कार	अवार्ड	পুরস্কার	purskar	পুরস্কার	purskar		
aware	aware	xweyr	xwgj	अवगत	अवेयर	অ঵গত	xwgj	অ঵গত	xwgj		
awareness	awareness	xweyrnes	zagrukja	जागरूकता	अवेयरनेस	জাগরূকতা	zagrukja	জাগরূকতা	zagrukja		
away	away	xwe	qur	दूर	अवे	দূর	qur	দূর	qur		
awful	awful	awful	bvuj bRiya	बहुत बढ़िया	ावफुल	বহুত বঢ়িযা	bvuj bRiya	বহুত বঢ়িযা	bvuj bRiya		
baby	baby	bebi	SiSu	शिशु	बेबी	শিশু	SiSu	শিশু	SiSu		
back	back	bxik	piCe	पीछे	बैक	পীছে	piCe	পীছে	piCe		
background	background	bxikgraund	parSwBumi	पार्श्वभूमि	बैकग्राउंड	পার্শ্঵ভূমি	parSwBumi	পার্শ্঵ভূমি	parSwBumi		
bad	bad	baq	bura	बुरा	बाद	বুরা	bura	বুরা	bura		
badly	badly	bqli	buri jrv	बुरी तरह	बदली	বুরী তরহ	buri jrv	বুরী তরহ	buri jrv		
bag	bag	bxig	Jxila	थैला	बैग	থৈলা	Jxila	থৈলা	Jxila		
bake	bake	bake	seNkna	सेंकना	बाके	সেংকনা	seNkna	সেংকনা	seNkna		
balance	balance	bxilens	snjuln	संतुलन	बैलेंस	সংতুলন	snjuln	সংতুলন	snjuln		
ball	ball	bal	genq	गेंद	बॉल	গেংদ	genq	গেংদ	genq		
ban	ban	bn	prjibnQ	प्रतिबंध	बन	প্রতিবংধ	prjibnQ	প্রতিবংধ	prjibnQ		
band	band	bnq	bxind	बैंड	बंद	বৈংড	bxind	বৈংড	bxind		
bank	bank	bxiNk	bxiNk	बैंक	बैंक	বৈংক	bxiNk	বৈংক	bxiNk		
bar	bar	bar	CR	छड़	बार	ছড়	CR	ছড়	CR		
barely	barely	breli	muSkil se	मुश्किल से	बरेली	মুশ্কিল সে	muSkil se	মুশ্কিল সে	muSkil se		
barrel	barrel	bxirl	bxirl	बैरल	बैरल	বৈরল	bxirl	বৈরল	bxirl		
barrier	barrier	bxiriyr	baQao	बाधाओं	बैरियर	বাধাওং	baQao	বাধাওং	baQao		
base	base	bes	xaQar	आधार	बेस	আধার	xaQar	আধার	xaQar		
baseball	baseball	besbal	besbal	बेसबॉल	बेसबॉल	বেসব৉ল	besbal	বেসব৉ল	besbal		
basic	basic	besik	buniyaqi	बुनियादी	बेसिक	বুনিযাদী	buniyaqi	বুনিযাদী	buniyaqi		
basically	basically	bsikli	mul rup se	मूल रूप से	बसीकली	মূল রূপ সে	mul rup se	মূল রূপ সে	mul rup se		
basis	basis	besis	xaQar	आधार	बेसिस	আধার	xaQar	আধার	xaQar		
basket	basket	basket	basketbal	बास्केटबाल	बास्केट	বাস্কেটবাল	basketbal	বাস্কেটবাল	basketbal		
basketball	basketball	basketbal	basketbal	बास्केटबाल	बास्केटबॉल	বাস্কেটবাল	basketbal	বাস্কেটবাল	basketbal		
bathroom	bathroom	baJrum	snanGr	स्नानघर	बाथरूम	স্নানঘর	snanGr	স্নানঘর	snanGr		
battery	battery	bxitri	bxitri	बैटरी	बैटरी	বৈটরী	bxitri	বৈটরী	bxitri		
battle	battle	bxitl	yuqQ	युद्ध	बैटल	যুদ্ধ	yuqQ	যুদ্ধ	yuqQ		
be	be	be	vona	होना	बे	হোনা	vona	হোনা	vona		
beach	beach	bic	sagrjt	सागरतट	बीच	সাগরতট	sagrjt	সাগরতট	sagrjt		
bean	bean	bin	sem	सेम	बीन	সেম	sem	সেম	sem		
bear	bear	beyr	svna	सहना	बेयर	সহনা	svna	সহনা	svna		
beat	beat	bit	vrana	हराना	बीट	হরানা	vrana	হরানা	vrana		
beautiful	beautiful	byutiful	sunqr	सुंदर	ब्यूटीफुल	সুংদর	sunqr	সুংদর	sunqr		
beauty	beauty	byuti	sunqrja	सुंदरता	ब्यूटी	সুংদরতা	sunqrja	সুংদরতা	sunqrja		
because	because	bikaज़	isliye	इसलिये	बिकॉज़	ইসলিযে	isliye	ইসলিযে	isliye		
become	become	bikm	bnna	बनना	बिकम	বননা	bnna	বননা	bnna		
bed	bed	bied	bisjr	बिस्तर	बीएड	বিস্তর	bisjr	বিস্তর	bisjr		
bedroom	bedroom	bxidrum	SynkS	शयनकक्ष	बैडरूम	শযনকক্ষ	SynkS	শযনকক্ষ	SynkS		
beer	beer	biyr	biyr	बीयर	बियर	বীযর	biyr	বীযর	biyr		
before	before	bifor	isse pvle	इससे पहले	बिफोर	ইসসে পহলে	isse pvle	ইসসে পহলে	isse pvle		
begin	begin	bigin	Suru krna	शुरू करना	बिगिन	শুরূ করনা	Suru krna	শুরূ করনা	Suru krna		
beginning	beginning	bigniNg	Suruxaj	शुरुआत	बिगनिंग	শুরুআত	Suruxaj	শুরুআত	Suruxaj		
behavior	behawior	bivewiyr	w‍ywvar	व्‍यवहार	बिहेवियर	঵্‍য঵হার	w‍ywvar	঵্‍য঵হার	w‍ywvar		
behind	behind	bivaind	piCe	पीछे	बिहाइंड	পীছে	piCe	পীছে	piCe		
being	being	biiNg	prani	प्राणी	बीइंग	প্রাণী	prani	প্রাণী	prani		
belief	belief	bilif	wiSwas	विश्वास	बिलीफ	঵িশ্঵াস	wiSwas	঵িশ্঵াস	wiSwas		
believe	beliewe	biliw	manna	मानना	बिलीव	মাননা	manna	মাননা	manna		
bell	bell	bell	sunqr	सुंदर	बेल्ल	সুংদর	sunqr	সুংদর	sunqr		
belong	belong	biloNg	smbnQij vona	संबंधित होना	बिलोंग	সংবংধিত হোনা	smbnQij vona	সংবংধিত হোনা	smbnQij vona		
below	below	bilo	nice	नीचे	बिलो	নীচে	nice	নীচে	nice		
belt	belt	belt	belt	बेल्ट	बेल्ट	বেল্ট	belt	বেল্ট	belt		
bench	bench	benc	benc	बेंच	बेंच	বেংচ	benc	বেংচ	benc		
bend	bend	bend	Zukna	झुकना	बेंड	ঝুকনা	Zukna	ঝুকনা	Zukna		
beneath	beneath	biniJ	nice	नीचे	बिनीथ	নীচে	nice	নীচে	nice		
benefit	benefit	benifit	fayqa	फायदा	बेनिफिट	ফাযদা	fayqa	ফাযদা	fayqa		
beside	beside	beside	pas	पास	बेसीडे	পাস	pas	পাস	pas		
besides	besides	besides	ke xjirikj	के अतिरिक्त	बेसिडेस	কে অতিরিক্ত	ke xjirikj	কে অতিরিক্ত	ke xjirikj		
best	best	best	SresT	श्रेष्ठ	बेस्ट	শ্রেষ্ঠ	SresT	শ্রেষ্ঠ	SresT		
bet	bet	bet	Srj	शर्त	बेट	শর্ত	Srj	শর্ত	Srj		
better	better	betr	bevjr	बेहतर	बेटर	বেহতর	bevjr	বেহতর	bevjr		
between	between	bitwin	ke bic	के बीच	बिटवीन	কে বীচ	ke bic	কে বীচ	ke bic		
beyond	beyond	biyand	xage	आगे	बियॉन्ड	আগে	xage	আগে	xage		
bible	bible	baibil	baibil	बाइबिल	बाइबिल	বাইবিল	baibil	বাইবিল	baibil		
big	big	big	bRa	बड़ा	बिग	বড়া	bRa	বড়া	bRa		
bike	bike	baik	saikil	साइकिल	बाइक	সাইকিল	saikil	সাইকিল	saikil		
bill	bill	bil	bil	बिल	बिल	বিল	bil	বিল	bil		
billion	billion	biliyn	Krb	खरब	बिलियन	খরব	Krb	খরব	Krb		
bind	bind	banQ	banQna	बाँधना	बाँध	বাঁধনা	banQna	বাঁধনা	banQna		
biological	biological	bayolazikl	zxiwik	जैविक	बायोलॉजिकल	জৈ঵িক	zxiwik	জৈ঵িক	zxiwik		
bird	bird	brd	ciRiya	चिड़िया	बर्ड	চিড়িযা	ciRiya	চিড়িযা	ciRiya		
birth	birth	birJ	znm	जन्म	बिरथ	জন্ম	znm	জন্ম	znm		
birthday	birthday	brJde	znmqin	जन्मदिन	बर्थडे	জন্মদিন	znmqin	জন্মদিন	znmqin		
bit	bit	bit	kata	काटा	बिट	কাটা	kata	কাটা	kata		
bite	bite	bait	murga	मुर्गा	बाईट	মুর্গা	murga	মুর্গা	murga		
black	black	blxik	kala	काला	ब्लैक	কালা	kala	কালা	kala		
blade	blade	bled	bled	ब्लेड	ब्लेड	ব্লেড	bled	ব্লেড	bled		
blame	blame	blame	xarop	आरोप	ब्लामे	আরোপ	xarop	আরোপ	xarop		
blanket	blanket	blxiNket	kmbl	कंबल	ब्लैंकेट	কংবল	kmbl	কংবল	kmbl		
blind	blind	blaind	xnQa	अंधा	ब्लाइंड	অংধা	xnQa	অংধা	xnQa		
block	block	blak	Knd mxiJa	खंड मैथा	ब्लॉक	খংড মৈথা	Knd mxiJa	খংড মৈথা	Knd mxiJa		
blood	blood	bld	rkj	रक्त	ब्लड	রক্ত	rkj	রক্ত	rkj		
blow	blow	blo	fuNk mara	फुंक मारा	ब्लो	ফুংক মারা	fuNk mara	ফুংক মারা	fuNk mara		
blue	blue	blu	nila	नीला	ब्लू	নীলা	nila	নীলা	nila		
board	board	bord	mndl	मंडल	बोर्ड	মংডল	mndl	মংডল	mndl		
boat	boat	bot	naw	नाव	बोट	না঵	naw	না঵	naw		
body	body	badi	jn	तन	बॉडी	তন	jn	তন	jn		
bomb	bomb	bm	bm	बम	बम	বম	bm	বম	bm		
bombing	bombing	bambiNg	bm wisfot	बम विस्फोट	बॉम्बिंग	বম ঵িস্ফোট	bm wisfot	বম ঵িস্ফোট	bm wisfot		
bond	bond	band	kuqna	कूदना	बांड	কূদনা	kuqna	কূদনা	kuqna		
bone	bone	bon	vddi	हड्डी	बोन	হড্ডী	vddi	হড্ডী	vddi		
book	book	buk	kijab	किताब	बुक	কিতাব	kijab	কিতাব	kijab		
boom	boom	bum	bum	बूम	बूम	বূম	bum	বূম	bum		
boot	boot	but	Gutno jk pvne zane wale zuje	घुटनों तक पहने जाने वाले जूते	बूट	ঘুটনোং তক পহনে জানে ঵ালে জূতে	Gutno jk pvne zane wale zuje	ঘুটনোং তক পহনে জানে ঵ালে জূতে	Gutno jk pvne zane wale zuje		
border	border	bardr	sima	सीमा	बॉर्डर	সীমা	sima	সীমা	sima		
born	born	born	pxiqa vona	पैदा होना	बोर्न	পৈদা হোনা	pxiqa vona	পৈদা হোনা	pxiqa vona		
borrow	borrow	borrow	uQar	उधार	बोर्रोव	উধার	uQar	উধার	uQar		
boss	boss	bas	rob zmana	रोब जमाना	बॉस	রোব জমানা	rob zmana	রোব জমানা	rob zmana		
both	both	boJ	qono	दोनों	बोथ	দোনোং	qono	দোনোং	qono		
bother	bother	boJer	preSan krna	परेशान करना	बोथेर	পরেশান করনা	preSan krna	পরেশান করনা	preSan krna		
bottle	bottle	bojl	bojl	बोतल	बोतल	বোতল	bojl	বোতল	bojl		
bottom	bottom	batm	nice	नीचे	बॉटम	নীচে	nice	নীচে	nice		
boundary	boundary	baundri	sima	सीमा	बाउंड्री	সীমা	sima	সীমা	sima		
bowl	bowl	baul	ktora	कटोरा	बाउल	কটোরা	ktora	কটোরা	ktora		
box	box	baks	dibba	डिब्बा	बॉक्स	ডিব্বা	dibba	ডিব্বা	dibba		
boy	boy	bay	lRka	लड़का	बॉय	লড়কা	lRka	লড়কা	lRka		
boyfriend	boyfriend	bayfrend	qosj	दोस्त	बॉयफ्रेंड	দোস্ত	qosj	দোস্ত	qosj		
brain	brain	bren	qimag	दिमाग	ब्रेन	দিমাগ	qimag	দিমাগ	qimag		
branch	branch	branc	SaKa	शाखा	ब्रांच	শাখা	SaKa	শাখা	SaKa		
brand	brand	brand	brxind	ब्रैंड	ब्रांड	ব্রৈংড	brxind	ব্রৈংড	brxind		
bread	bread	bred	roti	रोटी	ब्रेड	রোটী	roti	রোটী	roti		
break	break	brek	tutna	टूटना	ब्रेक	টূটনা	tutna	টূটনা	tutna		
breakfast	breakfast	brekfast	subv ka naSja	सुबह का नाश्ता	ब्रेकफास्ट	সুবহ কা নাশ্তা	subv ka naSja	সুবহ কা নাশ্তা	subv ka naSja		
breast	breast	brxist	sjn	स्तन	ब्रैस्ट	স্তন	sjn	স্তন	sjn		
breath	breath	breJ	sans lena	साँस लेना	ब्रेथ	সাঁস লেনা	sans lena	সাঁস লেনা	sans lena		
breathe	breathe	brexJe	sans lena	साँस लेना	ब्रेअथे	সাঁস লেনা	sans lena	সাঁস লেনা	sans lena		
brick	brick	brik	brgi	ब्रगि	ब्रिक	ব্রগি	brgi	ব্রগি	brgi		
bridge	bridge	briz	pul	पुल	ब्रिज	পুল	pul	পুল	pul		
brief	brief	brif	snSipj	संक्षिप्त	ब्रीफ	সংক্ষিপ্ত	snSipj	সংক্ষিপ্ত	snSipj		
briefly	briefly	briefli	snSipj	संक्षिप्त	ब्रिएफ्ली	সংক্ষিপ্ত	snSipj	সংক্ষিপ্ত	snSipj		
bright	bright	brait	cmkqar	चमकदार	ब्राइट	চমকদার	cmkqar	চমকদার	cmkqar		
brilliant	brilliant	briliynt	bvuj Kub	बहुत खूब	ब्रिलियंट	বহুত খূব	bvuj Kub	বহুত খূব	bvuj Kub		
bring	bring	briNg	lao	लाओ	ब्रिंग	লাও	lao	লাও	lao		
british	british	britiS	xNgrezo	अंग्रेजों	ब्रिटिश	অংগ্রেজোং	xNgrezo	অংগ্রেজোং	xNgrezo		
broad	broad	brad	couRa	चौड़ा	ब्रॉड	চৌড়া	couRa	চৌড়া	couRa		
broken	broken	brokn	tuti vui	टूटी हुई	ब्रोकन	টূটী হুঈ	tuti vui	টূটী হুঈ	tuti vui		
brother	brother	broJer	Bai	भाई	बरोथेर	ভাঈ	Bai	ভাঈ	Bai		
brown	brown	braun	Bura	भूरा	ब्राउन	ভূরা	Bura	ভূরা	Bura		
brush	brush	brS	brS	ब्रश	ब्रश	ব্রশ	brS	ব্রশ	brS		
buck	buck	bukk	bk	बक	बुक्क	বক	bk	বক	bk		
budget	budget	bzt	bzt	बजट	बजट	বজট	bzt	বজট	bzt		
build	build	bild	bnana	बनाना	बिल्ड	বনানা	bnana	বনানা	bnana		
building	building	bildiNg	imarj	इमारत	बिल्डिंग	ইমারত	imarj	ইমারত	imarj		
bullet	bullet	bulet	goli	गोली	बुलेट	গোলী	goli	গোলী	goli		
bunch	bunch	bnc	gucCa	गुच्छा	बंच	গুচ্ছা	gucCa	গুচ্ছা	gucCa		
burden	burden	brdn	boZ	बोझ	बर्डन	বোঝ	boZ	বোঝ	boZ		
burn	burn	burn	zlana	जलाना	बुरण	জলানা	zlana	জলানা	zlana		
bury	bury	bri	qfnana	दफ़नाना	बरी	দফ়নানা	qfnana	দফ়নানা	qfnana		
bus	bus	bs	bs	बस	बस	বস	bs	বস	bs		
business	business	biज़nes	wyapar	व्यापार	बिज़नेस	঵্যাপার	wyapar	঵্যাপার	wyapar		
busy	busy	bizi	wysj	व्यस्त	बिजी	঵্যস্ত	wysj	঵্যস্ত	wysj		
but	but	buj	uqqeSy	उद्देश्य	बूत	উদ্দেশ্য	uqqeSy	উদ্দেশ্য	uqqeSy		
butter	butter	btr	mkKn	मक्खन	बटर	মক্খন	mkKn	মক্খন	mkKn		
button	button	btn	btn	बटन	बटन	বটন	btn	বটন	btn		
buy	buy	buy	Kriqna	खरीदना	बुय	খরীদনা	Kriqna	খরীদনা	Kriqna		
buyer	buyer	buer	kreja	क्रेता	बुएर	ক্রেতা	kreja	ক্রেতা	kreja		
by	by	bi	qwara	द्वारा	बी	দ্঵ারা	qwara	দ্঵ারা	qwara		
cabin	cabin	kebin	kebin	केबिन	केबिन	কেবিন	kebin	কেবিন	kebin		
cabinet	cabinet	kxibinet	karyaly	कार्यालय	कैबिनेट	কার্যালয	karyaly	কার্যালয	karyaly		
cable	cable	kebl	kebl	केबल	केबल	কেবল	kebl	কেবল	kebl		
cake	cake	kek	kek	केक	केक	কেক	kek	কেক	kek		
calculate	calculate	kxilkulet	calculate	calculate	कैलकुलेट	calculate	calculate	calculate	calculate		
call	call	kal	bulana	बुलाना	कॉल	বুলানা	bulana	বুলানা	bulana		
camera	camera	kximra	kximra	कैमरा	कैमरा	কৈমরা	kximra	কৈমরা	kximra		
camp	camp	kximp	Siwir	शिविर	कैंप	শি঵ির	Siwir	শি঵ির	Siwir		
campaign	campaign	kximpen	xBiyan	अभियान	कैंपेन	অভিযান	xBiyan	অভিযান	xBiyan		
campus	campus	kximps	kximps	कैंपस	कैंपस	কৈংপস	kximps	কৈংপস	kximps		
can	can	kxin	kr skje vxi	कर सकते हैं	कैन	কর সকতে হৈং	kr skje vxi	কর সকতে হৈং	kr skje vxi		
canadian	canadian	kxinediyn	kxinediyn	कैनेडियन	कैनेडियन	কৈনেডিযন	kxinediyn	কৈনেডিযন	kxinediyn		
cancer	cancer	kxinsr	kxinsr	कैंसर	कैंसर	কৈংসর	kxinsr	কৈংসর	kxinsr		
candidate	candidate	kxindidet	ummiqwar	उम्मीदवार	कैंडिडेट	উম্মীদ঵ার	ummiqwar	উম্মীদ঵ার	ummiqwar		
cap	cap	kxip	paTykrm	पाठ्यक्रम	कैप	পাঠ্যক্রম	paTykrm	পাঠ্যক্রম	paTykrm		
capability	capability	kpabiliti	Smja	क्षमता	कपाबिलिटी	ক্ষমতা	Smja	ক্ষমতা	Smja		
capable	capable	kpble	kabil	काबिल	कपबले	কাবিল	kabil	কাবিল	kabil		
capacity	capacity	kxipesiti	Smja	क्षमता	कैपेसिटी	ক্ষমতা	Smja	ক্ষমতা	Smja		
capital	capital	kxipitl	razQani	राजधानी	कैपिटल	রাজধানী	razQani	রাজধানী	razQani		
captain	captain	kpjan	kpjan	कप्तान	कप्तान	কপ্তান	kpjan	কপ্তান	kpjan		
capture	capture	kxipcr	kbza	कब्जा	कैप्चर	কব্জা	kbza	কব্জা	kbza		
car	car	kar	isliye	इसलिये	कार	ইসলিযে	isliye	ইসলিযে	isliye		
carbon	carbon	karbn	karbn	कार्बन	कार्बन	কার্বন	karbn	কার্বন	karbn		
card	card	kard	kard	कार्ड	कार्ड	কার্ড	kard	কার্ড	kard		
care	care	keyr	Qyan	ध्यान	केयर	ধ্যান	Qyan	ধ্যান	Qyan		
career	career	kriyr	kriyr	करियर	करियर	করিযর	kriyr	করিযর	kriyr		
careful	careful	keyrful	sawQan	सावधान	केयरफुल	সা঵ধান	sawQan	সা঵ধান	sawQan		
carefully	carefully	krefulli	sawQani se	सावधानी से	करेफुल्ली	সা঵ধানী সে	sawQani se	সা঵ধানী সে	sawQani se		
carrier	carrier	krrier	wavk	वाहक	कर्रिएर	঵াহক	wavk	঵াহক	wavk		
carry	carry	kxirri	le zana	ले जाना	कैर्री	লে জানা	le zana	লে জানা	le zana		
case	case	kes	dibba	डिब्बा	केस	ডিব্বা	dibba	ডিব্বা	dibba		
cash	cash	kॅS	nkq	नकद	कॅश	নকদ	nkq	নকদ	nkq		
cast	cast	kast	feNkna	फेंकना	कास्ट	ফেংকনা	feNkna	ফেংকনা	feNkna		
cat	cat	kxit	billi	बिल्ली	कैट	বিল্লী	billi	বিল্লী	billi		
catch	catch	kxic	pkR	पकड़	कैच	পকড়	pkR	পকড়	pkR		
category	category	ketegri	Sreni	श्रेणी	केटेगरी	শ্রেণী	Sreni	শ্রেণী	Sreni		
catholic	catholic	kxiJolik	kxiJolik	कैथोलिक	कैथोलिक	কৈথোলিক	kxiJolik	কৈথোলিক	kxiJolik		
cause	cause	kaz	karn	कारण	कॉज	কারণ	karn	কারণ	karn		
ceiling	ceiling	siliNg	Cj	छत	सीलिंग	ছত	Cj	ছত	Cj		
celebrate	celebrate	selibret	zSn	जश्न	सेलिब्रेट	জশ্ন	zSn	জশ্ন	zSn		
celebration	celebration	selibreSn	ujsw	उत्सव	सेलिब्रेशन	উত্স঵	ujsw	উত্স঵	ujsw		
celebrity	celebrity	selibriti	selibriti	सेलिब्रिटी	सेलिब्रिटी	সেলিব্রিটী	selibriti	সেলিব্রিটী	selibriti		
cell	cell	sel	kS	कक्ष	सेल	কক্ষ	kS	কক্ষ	kS		
center	center	sentr	kenqr	केंद्र	सेण्टर	কেংদ্র	kenqr	কেংদ্র	kenqr		
central	central	sentrl	kenqriy	केंद्रीय	सेंट्रल	কেংদ্রীয	kenqriy	কেংদ্রীয	kenqriy		
century	century	sencuri	sqi	सदी	सेंचुरी	সদী	sqi	সদী	sqi		
ceo	ceo	siio	siio	सीईओ	सीईओ	সীঈও	siio	সীঈও	siio		
ceremony	ceremony	seremni	xnusTanik	अनुष्ठानिक	सेरेमनी	অনুষ্ঠানিক	xnusTanik	অনুষ্ঠানিক	xnusTanik		
certain	certain	srten	niScij	निश्चित	सर्टेन	নিশ্চিত	niScij	নিশ্চিত	niScij		
certainly	certainly	srtenli	niScij rup se	निश्चित रूप से	सर्टेनली	নিশ্চিত রূপ সে	niScij rup se	নিশ্চিত রূপ সে	niScij rup se		
chain	chain	cxin	znzir	जंजीर	चैन	জংজীর	znzir	জংজীর	znzir		
chair	chair	ceyr	mans	माँस	चेयर	মাঁস	mans	মাঁস	mans		
chairman	chairman	ceyrmxin	xQyS	अध्यक्ष	चेयरमैन	অধ্যক্ষ	xQyS	অধ্যক্ষ	xQyS		
challenge	challenge	cxilenz	cunouji	चुनौती	चैलेंज	চুনৌতী	cunouji	চুনৌতী	cunouji		
chamber	chamber	cximbr	SynkS	शयनकक्ष	चैम्बर	শযনকক্ষ	SynkS	শযনকক্ষ	SynkS		
champion	champion	cximpiyn	cximpiyn	चैंपियन	चैंपियन	চৈংপিযন	cximpiyn	চৈংপিযন	cximpiyn		
championship	championship	cximpiynSip	cximpiynSip	चैंपियनशिप	चैंपियनशिप	চৈংপিযনশিপ	cximpiynSip	চৈংপিযনশিপ	cximpiynSip		
chance	chance	cans	moka	मोका	चांस	মোকা	moka	মোকা	moka		
change	change	cenz	len qen	लेन देन	चेंज	লেন দেন	len qen	লেন দেন	len qen		
changing	changing	cenziNg	bqlna	बदलना	चेंजिंग	বদলনা	bqlna	বদলনা	bqlna		
channel	channel	cxinl	cxinl	चैनल	चैनल	চৈনল	cxinl	চৈনল	cxinl		
chapter	chapter	cxiptr	xQyay	अध्याय	चैप्टर	অধ্যায	xQyay	অধ্যায	xQyay		
character	character	krxiktr	crijr	चरित्र	करैक्टर	চরিত্র	crijr	চরিত্র	crijr		
characteristic	characteristic	kxirektristik	wiSesja	विशेषता	कैरेक्टरिस्टिक	঵িশেষতা	wiSesja	঵িশেষতা	wiSesja		
characterize	characterize	crkterize	wiSesjae	विशेषताएँ	चरक्टेरिजे	঵িশেষতাএঁ	wiSesjae	঵িশেষতাএঁ	wiSesjae		
charge	charge	carz	Sulk	शुल्क	चार्ज	শুল্ক	Sulk	শুল্ক	Sulk		
charity	charity	cxiriti	qan puny	दान पुण्य	चैरिटी	দান পুণ্য	qan puny	দান পুণ্য	qan puny		
chart	chart	cart	cart	चार्ट	चार्ट	চার্ট	cart	চার্ট	cart		
chase	chase	ces	piCa	पीछा	चेस	পীছা	piCa	পীছা	piCa		
cheap	cheap	cip	ssja	सस्ता	चीप	সস্তা	ssja	সস্তা	ssja		
check	check	cek	zanc	जांच	चेक	জাংচ	zanc	জাংচ	zanc		
cheek	cheek	cik	gal	गाल	चीक	গাল	gal	গাল	gal		
cheese	cheese	ciज़	pnir	पनीर	चीज़	পনীর	pnir	পনীর	pnir		
chef	chef	Sef	muKiya	मुखिया	शेफ	মুখিযা	muKiya	মুখিযা	muKiya		
chemical	chemical	kemikl	rasaynik	रासायनिक	केमिकल	রাসাযনিক	rasaynik	রাসাযনিক	rasaynik		
chest	chest	cest	Caji	छाती	चेस्ट	ছাতী	Caji	ছাতী	Caji		
chicken	chicken	cikn	murga	मुर्गा	चिकन	মুর্গা	murga	মুর্গা	murga		
chief	chief	cif	neja	नेता	चीफ	নেতা	neja	নেতা	neja		
child	child	caild	bcca	बच्चा	चाइल्ड	বচ্চা	bcca	বচ্চা	bcca		
childhood	childhood	caildvud	bcpn	बचपन	चाइल्डहुड	বচপন	bcpn	বচপন	bcpn		
chinese	chinese	cinese	cini	चीनी	चिनेसे	চীনী	cini	চীনী	cini		
chip	chip	cip	cips	चिप्स	चिप	চিপ্স	cips	চিপ্স	cips		
chocolate	chocolate	caklet	caklet	चॉकलेट	चॉकलेट	চ৉কলেট	caklet	চ৉কলেট	caklet		
choice	choice	cais	psnq	पसंद	चॉइस	পসংদ	psnq	পসংদ	psnq		
cholesterol	cholesterol	kolestral	kolestral	कोलेस्ट्रॉल	कोलेस्ट्रॉल	কোলেস্ট্র৉ল	kolestral	কোলেস্ট্র৉ল	kolestral		
choose	choose	cuse	cune	चुनें	चूसे	চুনেং	cune	চুনেং	cune		
christian	christian	krisciyn	isai	ईसाई	क्रिस्चियन	ঈসাঈ	isai	ঈসাঈ	isai		
christmas	christmas	krisms	krisms	क्रिसमस	क्रिसमस	ক্রিসমস	krisms	ক্রিসমস	krisms		
church	church	crc	girzaGr	गिरजाघर	चर्च	গিরজাঘর	girzaGr	গিরজাঘর	girzaGr		
cigarette	cigarette	sigret	sigret	सिगरेट	सिगरेट	সিগরেট	sigret	সিগরেট	sigret		
circle	circle	srkil	Gera	घेरा	सर्किल	ঘেরা	Gera	ঘেরা	Gera		
circumstance	circumstance	srkmstans	prisJiji	परिस्थिति	सरकमस्टांस	পরিস্থিতি	prisJiji	পরিস্থিতি	prisJiji		
cite	cite	Cite	uqQrj	उद्धृत	छीटे	উদ্ধৃত	uqQrj	উদ্ধৃত	uqQrj		
citizen	citizen	sitizn	nagrik	नागरिक	सिटीजन	নাগরিক	nagrik	নাগরিক	nagrik		
city	city	siti	Svr	शहर	सिटी	শহর	Svr	শহর	Svr		
civil	ciwil	siwil	nagrik	नागरिक	सिविल	নাগরিক	nagrik	নাগরিক	nagrik		
civilian	ciwilian	siwiliyn	xsxinik	असैनिक	सिविलियन	অসৈনিক	xsxinik	অসৈনিক	xsxinik		
claim	claim	klem	qawa	दावा	क्लेम	দা঵া	qawa	দা঵া	qawa		
class	class	klas	kSa	कक्षा	क्लास	কক্ষা	kSa	কক্ষা	kSa		
classic	classic	klasik	klasik	क्लासिक	क्लासिक	ক্লাসিক	klasik	ক্লাসিক	klasik		
classroom	classroom	klasrum	kSa	कक्षा	क्लासरूम	কক্ষা	kSa	কক্ষা	kSa		
clean	clean	klin	swcC	स्वच्छ	क्लीन	স্঵চ্ছ	swcC	স্঵চ্ছ	swcC		
clear	clear	kliyr	spst	स्पष्ट	क्लियर	স্পষ্ট	spst	স্পষ্ট	spst		
clearly	clearly	klexrly	spst rup se	स्पष्ट रूप से	क्लेअर्ल्य	স্পষ্ট রূপ সে	spst rup se	স্পষ্ট রূপ সে	spst rup se		
client	client	klaint	gravk	ग्राहक	क्लाइंट	গ্রাহক	gravk	গ্রাহক	gravk		
climate	climate	klaimet	zlwayu	जलवायु	क्लाइमेट	জল঵াযু	zlwayu	জল঵াযু	zlwayu		
climb	climb	klaimb	cDna	चढना	क्लाइंब	চঢনা	cDna	চঢনা	cDna		
clinic	clinic	klinik	klinikl	क्लीनिकल	क्लिनिक	ক্লীনিকল	klinikl	ক্লীনিকল	klinikl		
clinical	clinical	klinikl	klinikl	क्लीनिकल	क्लीनिकल	ক্লীনিকল	klinikl	ক্লীনিকল	klinikl		
clock	clock	klak	GRi	घड़ी	क्लॉक	ঘড়ী	GRi	ঘড়ী	GRi		
close	close	kloz	bnq krna	बंद करना	क्लोज	বংদ করনা	bnq krna	বংদ করনা	bnq krna		
closely	closely	kloseli	nikt se	निकट से	क्लोसेली	নিকট সে	nikt se	নিকট সে	nikt se		
closer	closer	kloज़r	krib	करीब	क्लोज़र	করীব	krib	করীব	krib		
clothes	clothes	kloJs	kpRe	कपड़े	क्लोथ्स	কপড়ে	kpRe	কপড়ে	kpRe		
clothing	clothing	kloJiNg	kpRe	कपड़े	क्लोथिंग	কপড়ে	kpRe	কপড়ে	kpRe		
cloud	cloud	klaud	baqlo	बादलों	क्लाउड	বাদলোং	baqlo	বাদলোং	baqlo		
club	club	klb	klb	क्लब	क्लब	ক্লব	klb	ক্লব	klb		
clue	clue	klu	sNkej	संकेत	क्लू	সংকেত	sNkej	সংকেত	sNkej		
cluster	cluster	klstr	Zund	झुंड	क्लस्टर	ঝুংড	Zund	ঝুংড	Zund		
coach	coach	koc	prSiSk	प्रशिक्षक	कोच	প্রশিক্ষক	prSiSk	প্রশিক্ষক	prSiSk		
coal	coal	kol	koyla	कोयला	कोल्	কোযলা	koyla	কোযলা	koyla		
coalition	coalition	koeliSn	gTbnQn	गठबंधन	कोएलिशन	গঠবংধন	gTbnQn	গঠবংধন	gTbnQn		
coast	coast	kost	jt	तट	कोस्ट	তট	jt	তট	jt		
coat	coat	kot	prj	परत	कोट	পরত	prj	পরত	prj		
code	code	kod	kodij	कोडित	कोड	কোডিত	kodij	কোডিত	kodij		
coffee	coffee	kaफ़i	kafi	कॉफ़ी	कॉफ़ी	ক৉ফ়ী	kafi	ক৉ফ়ী	kafi		
cognitive	cognitiwe	kagnitiw	sNgyanajmk	संज्ञानात्मक	कॉग्निटिव	সংজ্ঞানাত্মক	sNgyanajmk	সংজ্ঞানাত্মক	sNgyanajmk		
cold	cold	kold	Tnda	ठंडा	कोल्ड	ঠংডা	Tnda	ঠংডা	Tnda		
collapse	collapse	klpse	gir zana	गिर जाना	कलपसे	গির জানা	gir zana	গির জানা	gir zana		
colleague	colleague	kleg	saJ kam krne wala	साथ काम करने वाला	कलेग	সাথ কাম করনে ঵ালা	saJ kam krne wala	সাথ কাম করনে ঵ালা	saJ kam krne wala		
collect	collect	klekt	iktTa krna	इकट्ठा करना	कलेक्ट	ইকট্ঠা করনা	iktTa krna	ইকট্ঠা করনা	iktTa krna		
collection	collection	klekSn	sNgrv	संग्रह	कलेक्शन	সংগ্রহ	sNgrv	সংগ্রহ	sNgrv		
collective	collectiwe	klektiw	samuvik	सामूहिक	कलेक्टिव	সামূহিক	samuvik	সামূহিক	samuvik		
college	college	kalez	midil skul	मिडिल स्कूल	कॉलेज	মিডিল স্কূল	midil skul	মিডিল স্কূল	midil skul		
colonial	colonial	koloniyl	oupniweSik	औपनिवेशिक	कोलोनियल	ঔপনি঵েশিক	oupniweSik	ঔপনি঵েশিক	oupniweSik		
color	color	klr	rNg	रंग	कलर	রংগ	rNg	রংগ	rNg		
column	column	kalm	kalm	कॉलम	कॉलम	ক৉লম	kalm	ক৉লম	kalm		
combination	combination	kambineSn	snyozn	संयोजन	कॉम्बिनेशन	সংযোজন	snyozn	সংযোজন	snyozn		
combine	combine	kmbain	snyukj	संयुक्त	कंबाइन	সংযুক্ত	snyukj	সংযুক্ত	snyukj		
come	come	ke	psnq krna	पसंद करना	के	পসংদ করনা	psnq krna	পসংদ করনা	psnq krna		
comedy	comedy	kamedi	kamedi	कॉमेडी	कॉमेडी	ক৉মেডী	kamedi	ক৉মেডী	kamedi		
comfort	comfort	kmfrt	xaramqev	आरामदेह	कम्फर्ट	আরামদেহ	xaramqev	আরামদেহ	xaramqev		
comfortable	comfortable	kmfrteble	xaramqev	आरामदेह	कम्फर्टेबले	আরামদেহ	xaramqev	আরামদেহ	xaramqev		
command	command	kmand	xagya	आज्ञा	कमांड	আজ্ঞা	xagya	আজ্ঞা	xagya		
commander	commander	kmandr	gn	गण	कमांडर	গণ	gn	গণ	gn		
comment	comment	kment	kxise? ‘ya‘ kya?	कैसे? ‘या‘ क्या?	कमेंट	কৈসে? ‘যা‘ ক্যা?	kxise? ‘ya‘ kya?	কৈসে? ‘যা‘ ক্যা?	kxise? ‘ya‘ kya?		
commercial	commercial	kmrSiyl	wyawsayik	व्यावसायिक	कमर्शियल	঵্যা঵সাযিক	wyawsayik	঵্যা঵সাযিক	wyawsayik		
commission	commission	kmiSn	xayog	आयोग	कमीशन	আযোগ	xayog	আযোগ	xayog		
commit	commit	kmit	waqa krna	वादा करना	कमिट	঵াদা করনা	waqa krna	঵াদা করনা	waqa krna		
commitment	commitment	kmitment	prjibqQja	प्रतिबद्धता	कमिटमेंट	প্রতিবদ্ধতা	prjibqQja	প্রতিবদ্ধতা	prjibqQja		
committee	committee	smiji	smiji	समिति	समिति	সমিতি	smiji	সমিতি	smiji		
common	common	kamn	samany	सामान्य	कॉमन	সামান্য	samany	সামান্য	samany		
communicate	communicate	kmyuniket	bajcij krna	बातचीत करना	कम्यूनिकेट	বাতচীত করনা	bajcij krna	বাতচীত করনা	bajcij krna		
communication	communication	kmyunikeSn	sncar	संचार	कम्युनिकेशन	সংচার	sncar	সংচার	sncar		
community	community	kmyuniti	smuqay	समुदाय	कम्युनिटी	সমুদায	smuqay	সমুদায	smuqay		
company	company	kmpni	kmpni	कंपनी	कंपनी	কংপনী	kmpni	কংপনী	kmpni		
compare	compare	kpड़e	julna	तुलना	कपड़े	তুলনা	julna	তুলনা	julna		
comparison	comparison	kpriso	julna	तुलना	कपरिसों	তুলনা	julna	তুলনা	julna		
compete	compete	kpt	pura	पूरा	कपट	পূরা	pura	পূরা	pura		
competition	competition	kmptiSn	mukabla	मुकाबला	कम्पटीशन	মুকাবলা	mukabla	মুকাবলা	mukabla		
competitive	competitiwe	kampititiw	prjisprqQi	प्रतिस्पर्द्धी	कॉम्पिटिटिव	প্রতিস্পর্দ্ধী	prjisprqQi	প্রতিস্পর্দ্ধী	prjisprqQi		
competitor	competitor	kampititr	prjiyogi	प्रतियोगी	कॉम्पिटिटर	প্রতিযোগী	prjiyogi	প্রতিযোগী	prjiyogi		
complain	complain	kmplen	Sikayj krna	शिकायत करना	कम्प्लेन	শিকাযত করনা	Sikayj krna	শিকাযত করনা	Sikayj krna		
complaint	complaint	kmplent	wilap	विलाप	कंप्लेंट	঵িলাপ	wilap	঵িলাপ	wilap		
complete	complete	kmplit	pura	पूरा	कम्पलीट	পূরা	pura	পূরা	pura		
completely	completely	kmplitli	puri jrv	पूरी तरह	कम्प्लीटली	পূরী তরহ	puri jrv	পূরী তরহ	puri jrv		
complex	complex	kampleks	ztil	जटिल	काम्प्लेक्स	জটিল	ztil	জটিল	ztil		
complicated	complicated	kampliketed	ulZa vuxa	उलझा हुआ	कॉम्प्लिकेटेड	উলঝা হুআ	ulZa vuxa	উলঝা হুআ	ulZa vuxa		
component	component	kamponent	xwyw	अवयव	कॉम्पोनेन्ट	অ঵য঵	xwyw	অ঵য঵	xwyw		
compose	compose	kmpoज़	miSrn	मिश्रण	कंपोज़	মিশ্রণ	miSrn	মিশ্রণ	miSrn		
composition	composition	kmpoziSn	snyozn	संयोजन	कम्पोजीशन	সংযোজন	snyozn	সংযোজন	snyozn		
comprehensive	comprehensiwe	kmprevxinsiw	wisjrj	विस्तृत	कम्प्रेहैन्सिव	঵িস্তৃত	wisjrj	঵িস্তৃত	wisjrj		
computer	computer	kmpyutr	sNgnk	संगणक	कंप्यूटर	সংগণক	sNgnk	সংগণক	sNgnk		
concentrate	concentrate	knsntret	Qyan kenqrij krna	ध्यान केंद्रित करना	कंसन्ट्रेट	ধ্যান কেংদ্রিত করনা	Qyan kenqrij krna	ধ্যান কেংদ্রিত করনা	Qyan kenqrij krna		
concentration	concentration	knsntreSn	ekagrja	एकाग्रता	कंसंट्रेशन	একাগ্রতা	ekagrja	একাগ্রতা	ekagrja		
concept	concept	kansept	sNklpna	संकल्पना	कांसेप्ट	সংকল্পনা	sNklpna	সংকল্পনা	sNklpna		
concern	concern	knsrn	smbnQij	सम्बंधित	कंसर्न	সম্বংধিত	smbnQij	সম্বংধিত	smbnQij		
concerned	concerned	knsrnd	Samil	शामिल	कंसर्नड	শামিল	Samil	শামিল	Samil		
concert	concert	kansrt	sNgij smarov	संगीत समारोह	कॉन्सर्ट	সংগীত সমারোহ	sNgij smarov	সংগীত সমারোহ	sNgij smarov		
conclude	conclude	kNklude	niskrs nikalna	निष्कर्ष निकालना	कंक्लूडे	নিষ্কর্ষ নিকালনা	niskrs nikalna	নিষ্কর্ষ নিকালনা	niskrs nikalna		
conclusion	conclusion	knklusio	niskrs	निष्कर्ष	कन्क्लूसिओं	নিষ্কর্ষ	niskrs	নিষ্কর্ষ	niskrs		
concrete	concrete	kNkrit	Tos	ठोस	कंक्रीट	ঠোস	Tos	ঠোস	Tos		
condition	condition	kndiSn	sJi‍ji	स्थि‍ति	कंडीशन	স্থি‍তি	sJi‍ji	স্থি‍তি	sJi‍ji		
conduct	conduct	kndkt	clana	चलाना	कंडक्ट	চলানা	clana	চলানা	clana		
conference	conference	kamfrens	smmeln	सम्मेलन	कांफ्रेंस	সম্মেলন	smmeln	সম্মেলন	smmeln		
confidence	confidence	kanfidens	xajmwiSwas	आत्मविश्वास	कॉन्फिडेंस	আত্ম঵িশ্঵াস	xajmwiSwas	আত্ম঵িশ্঵াস	xajmwiSwas		
confident	confident	kamfident	wiSwaspajr	विश्वासपात्र	कॉंफिडेंट	঵িশ্঵াসপাত্র	wiSwaspajr	঵িশ্঵াসপাত্র	wiSwaspajr		
confirm	confirm	knfrm	ki pusti ki	की पुष्टि की	कन्फर्म	কী পুষ্টি কী	ki pusti ki	কী পুষ্টি কী	ki pusti ki		
conflict	conflict	knflikt	tkraw	टकराव	कनफ्लिक्ट	টকরা঵	tkraw	টকরা঵	tkraw		
confront	confront	komfront	samna vona	सामना होना	कोंफ्रोंट	সামনা হোনা	samna vona	সামনা হোনা	samna vona		
confusion	confusion	knfusio	ulZn	उलझन	कन्फूसिओं	উলঝন	ulZn	উলঝন	ulZn		
congress	congress	kaNgres	kaNgres	कांग्रेस	कांग्रेस	কাংগ্রেস	kaNgres	কাংগ্রেস	kaNgres		
congressional	congressional	kaNgreSnl	kaNgres	कांग्रेस	कांग्रेशनल	কাংগ্রেস	kaNgres	কাংগ্রেস	kaNgres		
connect	connect	knekt	zudiye	जुडिये	कनेक्ट	জুডিযে	zudiye	জুডিযে	zudiye		
connection	connection	knekSn	smbnQ	संबंध	कनेक्शन	সংবংধ	smbnQ	সংবংধ	smbnQ		
consciousness	consciousness	kanSsnes	cejna	चेतना	कांशसनेस	চেতনা	cejna	চেতনা	cejna		
consensus	consensus	knsenss	xam svmji	आम सहमति	कंसेंसस	আম সহমতি	xam svmji	আম সহমতি	xam svmji		
consequence	consekuence	konsekens	njiza	नतीजा	कोंसेकेंस	নতীজা	njiza	নতীজা	njiza		
conservative	conserwatiwe	knserwtiwe	xpriwrjnwaqi	अपरिवर्तनवादी	कन्सेर्वटिवे	অপরি঵র্তন঵াদী	xpriwrjnwaqi	অপরি঵র্তন঵াদী	xpriwrjnwaqi		
consider	consider	knsidr	wicar krna	विचार करना	कंसीडर	঵িচার করনা	wicar krna	঵িচার করনা	wicar krna		
considerable	considerable	knsidrable	wicarniy	विचारणीय	कन्सिडराबले	঵িচারণীয	wicarniy	঵িচারণীয	wicarniy		
consideration	consideration	knsidrajio	soc–wicar	सोच–विचार	कन्सिडरातिओं	সোচ–঵িচার	soc–wicar	সোচ–঵িচার	soc–wicar		
consist	consist	knsist	bna vona	बना होना	कन्सिस्ट	বনা হোনা	bna vona	বনা হোনা	bna vona		
consistent	consistent	knsistent	nivij vona	निहित होना	कंसिस्टेंट	নিহিত হোনা	nivij vona	নিহিত হোনা	nivij vona		
constant	constant	kanstent	lgajar	लगातार	कांस्टेंट	লগাতার	lgajar	লগাতার	lgajar		
constantly	constantly	konsjanjli	lgajar	लगातार	कोंस्तांतली	লগাতার	lgajar	লগাতার	lgajar		
constitute	constitute	konstitute	gTij krna	गठित करना	कोंस्टीटूटे	গঠিত করনা	gTij krna	গঠিত করনা	gTij krna		
constitutional	constitutional	konstituSnl	snwxiQanik	संवैधानिक	कोंस्टीटूशनल	সং঵ৈধানিক	snwxiQanik	সং঵ৈধানিক	snwxiQanik		
construct	construct	knstrkt	nirman	निर्माण	कंस्ट्रक्ट	নির্মাণ	nirman	নির্মাণ	nirman		
construction	construction	knstrkSn	nirman	निर्माण	कंस्ट्रक्शन	নির্মাণ	nirman	নির্মাণ	nirman		
consultant	consultant	knsltent	slavkar	सलाहकार	कंसलटेंट	সলাহকার	slavkar	সলাহকার	slavkar		
consume	consume	ksme	upBog krna	उपभोग करना	कसमे	উপভোগ করনা	upBog krna	উপভোগ করনা	upBog krna		
consumer	consumer	knsyumr	upBokja	उपभोक्ता	कंस्यूमर	উপভোক্তা	upBokja	উপভোক্তা	upBokja		
consumption	consumption	konsumpSn	upBog	उपभोग	कोन्सुम्प्शन	উপভোগ	upBog	উপভোগ	upBog		
contact	contact	kantekt	smprk Ajay kre	संपर्क Ajay करें	कांटेक्ट	সংপর্ক Ajay করেং	smprk Ajay kre	সংপর্ক Ajay করেং	smprk Ajay kre		
contain	contain	kantxin	rokna	रोकना	कॉन्टैन	রোকনা	rokna	রোকনা	rokna		
container	container	kntenr	pajr	पात्र	कंटेनर	পাত্র	pajr	পাত্র	pajr		
contemporary	contemporary	kntemprri	smkalin	समकालीन	कंटेम्पररी	সমকালীন	smkalin	সমকালীন	smkalin		
content	content	kntent	prsnn	प्रसन्न	कंटेंट	প্রসন্ন	prsnn	প্রসন্ন	prsnn		
contest	contest	kantest	prjiyogija	प्रतियोगिता	कांटेस्ट	প্রতিযোগিতা	prjiyogija	প্রতিযোগিতা	prjiyogija		
context	context	kantekst	parSwBumi	पार्श्वभूमि	कॉन्टेक्स्ट	পার্শ্঵ভূমি	parSwBumi	পার্শ্঵ভূমি	parSwBumi		
continue	continue	kntinyu	zari rKie	जारी रखिए	कंटिन्यू	জারী রখিএ	zari rKie	জারী রখিএ	zari rKie		
continued	continued	kantinoed	nirnjr	निरंतर	कॉन्टिनोएड	নিরংতর	nirnjr	নিরংতর	nirnjr		
contract	contract	kantrxikt	xnubnQ	अनुबंध	कॉन्ट्रैक्ट	অনুবংধ	xnubnQ	অনুবংধ	xnubnQ		
contrast	contrast	kntrast	xnjr	अंतर	कंट्रास्ट	অংতর	xnjr	অংতর	xnjr		
contribute	contribute	kntribyut	yogqan qena	योगदान देना	कंट्रीब्यूट	যোগদান দেনা	yogqan qena	যোগদান দেনা	yogqan qena		
contribution	contribution	kntribyuSn	yogqan	योगदान	कंट्रीब्यूशन	যোগদান	yogqan	যোগদান	yogqan		
control	control	kntrol	niynjrn	नियंत्रण	कण्ट्रोल	নিযংত্রণ	niynjrn	নিযংত্রণ	niynjrn		
controversial	controwersial	kntrowrsixl	wiwaqij	विवादित	कंट्रोवर्सिअल	঵ি঵াদিত	wiwaqij	঵ি঵াদিত	wiwaqij		
controversy	controwersy	kntrowrsi	wiwaq	विवाद	कंट्रोवर्सी	঵ি঵াদ	wiwaq	঵ি঵াদ	wiwaq		
convention	conwention	knwenSn	smZouja	समझौता	कन्वेंशन	সমঝৌতা	smZouja	সমঝৌতা	smZouja		
conventional	conwentional	knwenSnl	parmprik	पारंपरिक	कन्वेंशनल	পারংপরিক	parmprik	পারংপরিক	parmprik		
conversation	conwersation	knwrseSn	bajcij	बातचीत	कन्वर्सेशन	বাতচীত	bajcij	বাতচীত	bajcij		
convert	conwert	knwrt	bqlna	बदलना	कन्वर्ट	বদলনা	bqlna	বদলনা	bqlna		
conviction	conwiction	knwikSn	qossiqQi	दोषसिद्धि	कन्विक्शन	দোষসিদ্ধি	qossiqQi	দোষসিদ্ধি	qossiqQi		
convince	conwince	knwins	mnwana	मनवाना	कन्विंस	মন঵ানা	mnwana	মন঵ানা	mnwana		
cook	cook	kuk	bawrci	बावर्ची	कुक	বা঵র্চী	bawrci	বা঵র্চী	bawrci		
cookie	cookie	kuki	kukiz	कुकीज़	कुकी	কুকীজ়	kukiz	কুকীজ়	kukiz		
cooking	cooking	kukiNg	Kana bnana	खाना बनाना	कुकिंग	খানা বনানা	Kana bnana	খানা বনানা	Kana bnana		
cool	cool	kul	Tnda	ठंडा	कूल	ঠংডা	Tnda	ঠংডা	Tnda		
cooperation	cooperation	koaopreSn	svyog	सहयोग	कोऑपरेशन	সহযোগ	svyog	সহযোগ	svyog		
cop	cop	kp	pulis	पुलिस	कप	পুলিস	pulis	পুলিস	pulis		
cope	cope	Cope	samna krna	सामना करना	छोपे	সামনা করনা	samna krna	সামনা করনা	samna krna		
copy	copy	kapi	prjilipi	प्रतिलिपि	कॉपी	প্রতিলিপি	prjilipi	প্রতিলিপি	prjilipi		
core	core	kor	sar	सार	कोर	সার	sar	সার	sar		
corn	corn	karn	siNg	सींग	कॉर्न	সীংগ	siNg	সীংগ	siNg		
corner	corner	karnr	kona	कोना	कार्नर	কোনা	kona	কোনা	kona		
corporate	corporate	karporet	nigmij	निगमित	कॉर्पोरेट	নিগমিত	nigmij	নিগমিত	nigmij		
corporation	corporation	karporeSn	nigm	निगम	कारपोरेशन	নিগম	nigm	নিগম	nigm		
correct	correct	krekt	svi	सही	करेक्ट	সহী	svi	সহী	svi		
correspondent	correspondent	korespondent	xnurup	अनुरूप	कोरेस्पोंडेंट	অনুরূপ	xnurup	অনুরূপ	xnurup		
cost	cost	kast	lagj	लागत	कॉस्ट	লাগত	lagj	লাগত	lagj		
cotton	cotton	katn	kpas	कपास	कॉटन	কপাস	kpas	কপাস	kpas		
couch	couch	kauc	sofa	सोफ़ा	काउच	সোফ়া	sofa	সোফ়া	sofa		
could	could	kud	skja vxi	सकता है	कुड	সকতা হৈ	skja vxi	সকতা হৈ	skja vxi		
council	council	kounsil	prisq	परिषद	कौंसिल	পরিষদ	prisq	পরিষদ	prisq		
counselor	counselor	kaunslr	kaunslr	काउंसलर	काउंसलर	কাউংসলর	kaunslr	কাউংসলর	kaunslr		
count	count	kaunt	ginji krna	गिनती करना	काउंट	গিনতী করনা	ginji krna	গিনতী করনা	ginji krna		
counter	counter	kauntr	wiroQ krna	विरोध करना	काउंटर	঵িরোধ করনা	wiroQ krna	঵িরোধ করনা	wiroQ krna		
country	country	kntri	qeS	देश	कंट्री	দেশ	qeS	দেশ	qeS		
county	county	kaunti	kaunti	काउंटी	काउंटी	কাউংটী	kaunti	কাউংটী	kaunti		
couple	couple	kpl	zoRa	जोड़ा	कपल	জোড়া	zoRa	জোড়া	zoRa		
courage	courage	krez	savs	साहस	करेज	সাহস	savs	সাহস	savs		
course	course	kors	zaji	जाति	कोर्स	জাতি	zaji	জাতি	zaji		
court	court	kort	km	कम	कोर्ट	কম	km	কম	km		
cousin	cousin	kzin	ccera Bai	चचेरा भाई	कजिन	চচেরা ভাঈ	ccera Bai	চচেরা ভাঈ	ccera Bai		
cover	cower	kwr	Dkna	ढकना	कवर	ঢকনা	Dkna	ঢকনা	Dkna		
coverage	cowerage	kwrez	kwrez	कवरेज	कवरेज	ক঵রেজ	kwrez	ক঵রেজ	kwrez		
cow	cow	kau	gay	गाय	काऊ	গায	gay	গায	gay		
crack	crack	krxik	qrar	दरार	क्रैक	দরার	qrar	দরার	qrar		
craft	craft	kraft	Silp	शिल्प	क्राफ्ट	শিল্প	Silp	শিল্প	Silp		
crash	crash	krxiS	tkra zana	टकरा जाना	क्रैश	টকরা জানা	tkra zana	টকরা জানা	tkra zana		
crazy	crazy	krezi	pagl	पागल	क्रेजी	পাগল	pagl	পাগল	pagl		
cream	cream	krim	mlai	मलाई	क्रीम	মলাঈ	mlai	মলাঈ	mlai		
create	create	kriet	srzn krna	सृजन करना	क्रिएट	সৃজন করনা	srzn krna	সৃজন করনা	srzn krna		
creation	creation	krieSn	nirman	निर्माण	क्रिएशन	নির্মাণ	nirman	নির্মাণ	nirman		
creative	creatiwe	krietiw	rcnajmk	रचनात्मक	क्रिएटिव	রচনাত্মক	rcnajmk	রচনাত্মক	rcnajmk		
creature	creature	krexture	znju	जंतु	क्रेअटुरे	জংতু	znju	জংতু	znju		
credit	credit	kredit	Srey	श्रेय	क्रेडिट	শ্রেয	Srey	শ্রেয	Srey		
crew	crew	kru	krmi ql	कर्मी दल	क्रू	কর্মী দল	krmi ql	কর্মী দল	krmi ql		
crime	crime	kraim	xpraQ	अपराध	क्राइम	অপরাধ	xpraQ	অপরাধ	xpraQ		
criminal	criminal	kriminl	xapraQik	आपराधिक	क्रिमिनल	আপরাধিক	xapraQik	আপরাধিক	xapraQik		
crisis	crisis	kraisis	sNkt	संकट	क्राइसिस	সংকট	sNkt	সংকট	sNkt		
criteria	criteria	kraiteriya	manqnd	मानदंड	क्राइटेरिया	মানদংড	manqnd	মানদংড	manqnd		
critic	critic	kritik	smiSk	समीक्षक	क्रिटिक	সমীক্ষক	smiSk	সমীক্ষক	smiSk		
critical	critical	kritikl	nazuk	नाजुक	क्रिटिकल	নাজুক	nazuk	নাজুক	nazuk		
criticism	criticism	kritisizm	xalocna	आलोचना	क्रिटिसिज्म	আলোচনা	xalocna	আলোচনা	xalocna		
criticize	criticize	kritisiज़e	xalocna krna	आलोचना करना	क्रिटिसिज़े	আলোচনা করনা	xalocna krna	আলোচনা করনা	xalocna krna		
crop	crop	krap	katna	काटना	क्रॉप	কাটনা	katna	কাটনা	katna		
cross	cross	kras	par	पार	क्रॉस	পার	par	পার	par		
crowd	crowd	kraud	zn sxilab	जन सैलाब	क्राउड	জন সৈলাব	zn sxilab	জন সৈলাব	zn sxilab		
crucial	crucial	kruSl	mvjwpurn	महत्वपूर्ण	क्रुशल	মহত্঵পূর্ণ	mvjwpurn	মহত্঵পূর্ণ	mvjwpurn		
cry	cry	krai	rona	रोना	क्राई	রোনা	rona	রোনা	rona		
cultural	cultural	klcrl	sanskrjik	सांस्कृतिक	कल्चरल	সাংস্কৃতিক	sanskrjik	সাংস্কৃতিক	sanskrjik		
culture	culture	klcr	snskrji	संस्कृति	कल्चर	সংস্কৃতি	snskrji	সংস্কৃতি	snskrji		
cup	cup	kp	kp	कप	कप	কপ	kp	কপ	kp		
curious	curious	kyuriys	zigyasu	जिज्ञासु	क्यूरियस	জিজ্ঞাসু	zigyasu	জিজ্ঞাসু	zigyasu		
current	current	krnt	wrjman	वर्तमान	करंट	঵র্তমান	wrjman	঵র্তমান	wrjman		
currently	currently	krrentli	wrjman me	वर्तमान में	कर्रेंटली	঵র্তমান মেং	wrjman me	঵র্তমান মেং	wrjman me		
curriculum	curriculum	krikulm	paTykrm	पाठ्यक्रम	करिकुलम	পাঠ্যক্রম	paTykrm	পাঠ্যক্রম	paTykrm		
custom	custom	kstm	riji	रीति	कस्टम	রীতি	riji	রীতি	riji		
customer	customer	kstmr	gravk	ग्राहक	कस्टमर	গ্রাহক	gravk	গ্রাহক	gravk		
cut	cut	kt	kt gya	कट गया	कट	কট গযা	kt gya	কট গযা	kt gya		
cycle	cycle	saikil	ckr	चक्र	साइकिल	চক্র	ckr	চক্র	ckr		
dad	dad	dxid	papa	पापा	डैड	পাপা	papa	পাপা	papa		
daily	daily	deli	roz	रोज	डेली	রোজ	roz	রোজ	roz		
damage	damage	dximez	Sji	क्षति	डैमेज	ক্ষতি	Sji	ক্ষতি	Sji		
dance	dance	dans	nrjy	नृत्य	डांस	নৃত্য	nrjy	নৃত্য	nrjy		
danger	danger	denzr	Kjra	खतरा	डेंजर	খতরা	Kjra	খতরা	Kjra		
dangerous	dangerous	denzrs	Kjrnak	खतरनाक	डेंजरस	খতরনাক	Kjrnak	খতরনাক	Kjrnak		
dare	dare	dre	vimmj	हिम्मत	डरे	হিম্মত	vimmj	হিম্মত	vimmj		
dark	dark	dark	xnQera	अँधेरा	डार्क	অঁধেরা	xnQera	অঁধেরা	xnQera		
darkness	darkness	darknes	xnQera	अंधेरा	डार्कनेस	অংধেরা	xnQera	অংধেরা	xnQera		
data	data	data	zankari	जानकारी	डाटा	জানকারী	zankari	জানকারী	zankari		
date	date	det	qinaNk	दिनांक	डेट	দিনাংক	qinaNk	দিনাংক	qinaNk		
daughter	daughter	datr	beti	बेटी	डॉटर	বেটী	beti	বেটী	beti		
day	day	de	qin	दिन	डे	দিন	qin	দিন	qin		
dead	dead	ded	mrj	मृत	डेड	মৃত	mrj	মৃত	mrj		
deal	deal	dil	souqa	सौदा	डील	সৌদা	souqa	সৌদা	souqa		
dealer	dealer	dilr	wikreja	विक्रेता	डीलर	঵িক্রেতা	wikreja	঵িক্রেতা	wikreja		
dear	dear	dixr	priy	प्रिय	डिअर	প্রিয	priy	প্রিয	priy		
death	death	deJ	mouj	मौत	डेथ	মৌত	mouj	মৌত	mouj		
debate	debate	dibet	bvs	बहस	डिबेट	বহস	bvs	বহস	bvs		
debt	debt	debt	ka krz	का कर्ज	डेब्ट	কা কর্জ	ka krz	কা কর্জ	ka krz		
decade	decade	diked	qSk	दशक	डिकेड	দশক	qSk	দশক	qSk		
decide	decide	dide	jy krna	तय करना	डीडे	তয করনা	jy krna	তয করনা	jy krna		
decision	decision	disiSn	fesla	फेसला	डिसिशन	ফেসলা	fesla	ফেসলা	fesla		
deck	deck	dek	zvaz ki Cj	जहाज़ की छत	डेक	জহাজ় কী ছত	zvaz ki Cj	জহাজ় কী ছত	zvaz ki Cj		
declare	declare	diklexr	Gosij	घोषित	डिक्लेअर	ঘোষিত	Gosij	ঘোষিত	Gosij		
decline	decline	diklain	pjn	पतन	डिक्लाइन	পতন	pjn	পতন	pjn		
decrease	decrease	dikrise	kmi	कमी	डिक्रीसे	কমী	kmi	কমী	kmi		
deep	deep	dip	gvra	गहरा	डीप	গহরা	gvra	গহরা	gvra		
deeply	deeply	dipli	gvra	गहरा	डीपली	গহরা	gvra	গহরা	gvra		
deer	deer	diyr	virn	हिरन	डियर	হিরন	virn	হিরন	virn		
defeat	defeat	deफ़ext	var	हार	डेफ़ेअट	হার	var	হার	var		
defend	defend	difend	rSa krna	रक्षा करना	डिफेंड	রক্ষা করনা	rSa krna	রক্ষা করনা	rSa krna		
defendant	defendant	qfeqanj	prjiwaqi	प्रतिवादी	दफेदान्त	প্রতি঵াদী	prjiwaqi	প্রতি঵াদী	prjiwaqi		
defense	defense	difens	rSa	रक्षा	डिफेंस	রক্ষা	rSa	রক্ষা	rSa		
defensive	defensiwe	difensiw	bcaw	बचाव	डिफेंसिव	বচা঵	bcaw	বচা঵	bcaw		
deficit	deficit	defisit	Gata	घाटा	डेफिसिट	ঘাটা	Gata	ঘাটা	Gata		
define	define	difain	priBasij krna	परिभाषित करना	डिफाइन	পরিভাষিত করনা	priBasij krna	পরিভাষিত করনা	priBasij krna		
definitely	definitely	definiteli	niScij rup se	निश्चित रूप से	डेफिनिटेली	নিশ্চিত রূপ সে	niScij rup se	নিশ্চিত রূপ সে	niScij rup se		
definition	definition	definiSn	priBasa	परिभाषा	डेफिनिशन	পরিভাষা	priBasa	পরিভাষা	priBasa		
degree	degree	digri	digri	डिग्री	डिग्री	ডিগ্রী	digri	ডিগ্রী	digri		
delay	delay	dile	qeri	देरी	डिले	দেরী	qeri	দেরী	qeri		
deliver	deliwer	diliwr	bantna	बाँटना	डिलीवर	বাঁটনা	bantna	বাঁটনা	bantna		
delivery	deliwery	diliwri	wijrn	वितरण	डिलीवरी	঵িতরণ	wijrn	঵িতরণ	wijrn		
demand	demand	dimand	maNg	मांग	डिमांड	মাংগ	maNg	মাংগ	maNg		
democracy	democracy	demokresi	lokjnjr	लोकतंत्र	डेमोक्रेसी	লোকতংত্র	lokjnjr	লোকতংত্র	lokjnjr		
democrat	democrat	demokrxit	przajnjrwaqi	प्रजातंत्रवादी	डेमोक्रैट	প্রজাতংত্র঵াদী	przajnjrwaqi	প্রজাতংত্র঵াদী	przajnjrwaqi		
democratic	democratic	demokretik	lokjanjrik	लोकतांत्रिक	डेमोक्रेटिक	লোকতাংত্রিক	lokjanjrik	লোকতাংত্রিক	lokjanjrik		
demonstrate	demonstrate	demonstrete	qiKana	दिखाना	डेमोंस्ट्रेटे	দিখানা	qiKana	দিখানা	qiKana		
demonstration	demonstration	demonstreSn	prqrSn	प्रदर्शन	डेमोंस्ट्रेशन	প্রদর্শন	prqrSn	প্রদর্শন	prqrSn		
deny	deny	qeny	xswikar krna	अस्वीकार करना	देंय	অস্঵ীকার করনা	xswikar krna	অস্঵ীকার করনা	xswikar krna		
department	department	dipartment	wiBag	विभाग	डिपार्टमेंट	঵িভাগ	wiBag	঵িভাগ	wiBag		
depend	depend	qepenq	nirBr krna	निर्भर करना	देपेंद	নির্ভর করনা	nirBr krna	নির্ভর করনা	nirBr krna		
dependent	dependent	dipendent	xaSrij	आश्रित	डिपेंडेंट	আশ্রিত	xaSrij	আশ্রিত	xaSrij		
depending	depending	dependiNg	nirBr krja vxi	निर्भर करता है	डेपेंडिंग	নির্ভর করতা হৈ	nirBr krja vxi	নির্ভর করতা হৈ	nirBr krja vxi		
depict	depict	depist	cijrij	चित्रित	डेपिस्ट	চিত্রিত	cijrij	চিত্রিত	cijrij		
depression	depression	dipreSn	dipreSn	डिप्रेशन	डिप्रेशन	ডিপ্রেশন	dipreSn	ডিপ্রেশন	dipreSn		
depth	depth	depJ	gvrai	गहराई	डेप्थ	গহরাঈ	gvrai	গহরাঈ	gvrai		
deputy	deputy	dipti	dipti	डिप्टी	डिप्टी	ডিপ্টী	dipti	ডিপ্টী	dipti		
derive	deriwe	qeऱiwe	nikale zaje vxi	निकाले जाते हैं	देऱीवे	নিকালে জাতে হৈং	nikale zaje vxi	নিকালে জাতে হৈং	nikale zaje vxi		
describe	describe	deskribe	wrnn krna	वर्णन करना	डेस्क्रिबे	঵র্ণন করনা	wrnn krna	঵র্ণন করনা	wrnn krna		
description	description	diskripSn	wiwrn	विवरण	डिस्क्रिप्शन	঵ি঵রণ	wiwrn	঵ি঵রণ	wiwrn		
desert	desert	dezrt	regisjan	रेगिस्तान	डेजर्ट	রেগিস্তান	regisjan	রেগিস্তান	regisjan		
deserve	deserwe	deserwe	yogy vona	योग्य होना	डेसेर्वे	যোগ্য হোনা	yogy vona	যোগ্য হোনা	yogy vona		
design	design	diज़ain	dizain	डिजाईन	डिज़ाइन	ডিজাঈন	dizain	ডিজাঈন	dizain		
designer	designer	diज़ainr	dizainr	डिजाइनर	डिज़ाइनर	ডিজাইনর	dizainr	ডিজাইনর	dizainr		
desire	desire	dizayr	icCa	इच्छा	डिजायर	ইচ্ছা	icCa	ইচ্ছা	icCa		
desk	desk	desk	mez	मेज़	डेस्क	মেজ়	mez	মেজ়	mez		
desperate	desperate	desperet	bekrar	बेकरार	डेस्पेरेट	বেকরার	bekrar	বেকরার	bekrar		
despite	despite	qespije	iske bawzuq	इसके बावजूद	देस्पिते	ইসকে বা঵জূদ	iske bawzuq	ইসকে বা঵জূদ	iske bawzuq		
destroy	destroy	distray	nst krna	नष्ट करना	डिस्ट्रॉय	নষ্ট করনা	nst krna	নষ্ট করনা	nst krna		
destruction	destruction	distrkSn	winaS	विनाश	डिस्ट्रक्शन	঵িনাশ	winaS	঵িনাশ	winaS		
detail	detail	ditel	wiwrn	विवरण	डिटेल	঵ি঵রণ	wiwrn	঵ি঵রণ	wiwrn		
detailed	detailed	diteld	wisjrj	विस्तृत	डिटेल्ड	঵িস্তৃত	wisjrj	঵িস্তৃত	wisjrj		
detect	detect	ditekt	pja lgana	पता लगाना	डिटेक्ट	পতা লগানা	pja lgana	পতা লগানা	pja lgana		
determine	determine	detrmine	Tanna	ठानना	डेटर्मिने	ঠাননা	Tanna	ঠাননা	Tanna		
develop	dewelop	dewelop	wikas krna	विकास करना	डेवेलोप	঵িকাস করনা	wikas krna	঵িকাস করনা	wikas krna		
developing	deweloping	dewlpiNg	wiksij vona	विकसित होना	डेवलपिंग	঵িকসিত হোনা	wiksij vona	঵িকসিত হোনা	wiksij vona		
development	dewelopment	dewlpment	wikas	विकास	डेवलपमेंट	঵িকাস	wikas	঵িকাস	wikas		
device	dewice	diwais	upkrn	उपकरण	डिवाइस	উপকরণ	upkrn	উপকরণ	upkrn		
devote	dewote	qewoje	smrpij	समर्पित	देवोते	সমর্পিত	smrpij	সমর্পিত	smrpij		
dialogue	dialogue	daylag	warja	वार्ता	डायलाग	঵ার্তা	warja	঵ার্তা	warja		
die	die	qie	mrna	मरना	दिए	মরনা	mrna	মরনা	mrna		
diet	diet	dait	xavar	आहार	डाइट	আহার	xavar	আহার	xavar		
differ	differ	difr	xlg vona	अलग होना	डिफर	অলগ হোনা	xlg vona	অলগ হোনা	xlg vona		
difference	difference	difrens	xnjr	अंतर	डिफरेंस	অংতর	xnjr	অংতর	xnjr		
different	different	difrent	wiBinn	विभिन्न	डिफरेंट	঵িভিন্ন	wiBinn	঵িভিন্ন	wiBinn		
differently	differently	difrentli	xlg DNg se	अलग ढंग से	डिफरेंटली	অলগ ঢংগ সে	xlg DNg se	অলগ ঢংগ সে	xlg DNg se		
difficult	difficult	difiklt	kTin	कठिन	डिफिकल्ट	কঠিন	kTin	কঠিন	kTin		
difficulty	difficulty	difiklti	kTinai	कठिनाई	डिफीकल्टी	কঠিনাঈ	kTinai	কঠিনাঈ	kTinai		
dig	dig	qig	gdDa krna	गड्ढा करना	दिग	গড্ঢা করনা	gdDa krna	গড্ঢা করনা	gdDa krna		
digital	digital	dizitl	dizitl	डिजिटल	डिजिटल	ডিজিটল	dizitl	ডিজিটল	dizitl		
dimension	dimension	daymenSn	xayam	आयाम	डायमेंशन	আযাম	xayam	আযাম	xayam		
dining	dining	dainiNg	Bozn	भोजन	डाइनिंग	ভোজন	Bozn	ভোজন	Bozn		
dinner	dinner	dinr	raj ka Kana	रात का खाना	डिनर	রাত কা খানা	raj ka Kana	রাত কা খানা	raj ka Kana		
direct	direct	dayrekt	prjyS	प्रत्यक्ष	डायरेक्ट	প্রত্যক্ষ	prjyS	প্রত্যক্ষ	prjyS		
direction	direction	dayrekSn	qiSa	दिशा	डायरेक्शन	দিশা	qiSa	দিশা	qiSa		
directly	directly	dayrektli	siQe	सीधे	डायरेक्टली	সীধে	siQe	সীধে	siQe		
director	director	dayrektr	nirqeSk	निर्देशक	डायरेक्टर	নির্দেশক	nirqeSk	নির্দেশক	nirqeSk		
dirt	dirt	drt	gnQ	गंध	डर्ट	গংধ	gnQ	গংধ	gnQ		
dirty	dirty	drti	gnqa	गंदा	डर्टी	গংদা	gnqa	গংদা	gnqa		
disability	disability	disebiliti	wiklaNgja	विकलांगता	डिसेबिलिटी	঵িকলাংগতা	wiklaNgja	঵িকলাংগতা	wiklaNgja		
disagree	disagree	disagri	xsvmj	असहमत	डिसागरी	অসহমত	xsvmj	অসহমত	xsvmj		
disappear	disappear	disxppexr	gayb vona	गायब होना	डिसअप्पेअर	গাযব হোনা	gayb vona	গাযব হোনা	gayb vona		
disaster	disaster	dizastr	xapqa	आपदा	डिजास्टर	আপদা	xapqa	আপদা	xapqa		
discipline	discipline	disiplin	xnuSasn	अनुशासन	डिसिप्लिन	অনুশাসন	xnuSasn	অনুশাসন	xnuSasn		
discourse	discourse	diskors	prwcn	प्रवचन	डिस्कोर्स	প্র঵চন	prwcn	প্র঵চন	prwcn		
discover	discower	diskwr	Koz krna	खोज करना	डिस्कवर	খোজ করনা	Koz krna	খোজ করনা	Koz krna		
discovery	discowery	diskwri	Koz	खोज	डिस्कवरी	খোজ	Koz	খোজ	Koz		
discrimination	discrimination	diskrimineSn	BeqBaw	भेदभाव	डिस्क्रिमिनेशन	ভেদভা঵	BeqBaw	ভেদভা঵	BeqBaw		
discuss	discuss	disks	crca kre	चर्चा करें	डिसकस	চর্চা করেং	crca kre	চর্চা করেং	crca kre		
discussion	discussion	diskSn	bvs	बहस	डिस्कशन	বহস	bvs	বহস	bvs		
disease	disease	diziz	bimari	बीमारी	डिजीज	বীমারী	bimari	বীমারী	bimari		
dish	dish	diS	wynzn	व्यंजन	डिश	঵্যংজন	wynzn	঵্যংজন	wynzn		
dismiss	dismiss	dismis	nkar qena	नकार देना	डिसमिस	নকার দেনা	nkar qena	নকার দেনা	nkar qena		
disorder	disorder	disaordr	wikar	विकार	डिसऑर्डर	঵িকার	wikar	঵িকার	wikar		
display	display	disple	qiKana	दिखाना	डिस्प्ले	দিখানা	qiKana	দিখানা	qiKana		
dispute	dispute	dispyut	wiwaq	विवाद	डिस्प्यूट	঵ি঵াদ	wiwaq	঵ি঵াদ	wiwaq		
distance	distance	distens	quri	दूरी	डिस्टेंस	দূরী	quri	দূরী	quri		
distant	distant	distent	qursJ	दूरस्थ	डिस्टेंट	দূরস্থ	qursJ	দূরস্থ	qursJ		
distinct	distinct	distiNkt	xlg	अलग	डिस्टिंक्ट	অলগ	xlg	অলগ	xlg		
distinction	distinction	distiNkSn	Beq	भेद	डिस्टिंक्शन	ভেদ	Beq	ভেদ	Beq		
distinguish	distinguish	distiNguiS	xnjr krna	अंतर करना	डिस्टिंगुइश	অংতর করনা	xnjr krna	অংতর করনা	xnjr krna		
distribute	distribute	distribyut	banto	बांटो	डिस्ट्रीब्यूट	বাংটো	banto	বাংটো	banto		
distribution	distribution	distribyuSn	wijrn	वितरण	डिस्ट्रीब्यूशन	঵িতরণ	wijrn	঵িতরণ	wijrn		
district	district	distrikt	zila Seoni	जिला Seoni	डिस्ट्रिक्ट	জিলা Seoni	zila Seoni	জিলা Seoni	zila Seoni		
diverse	diwerse	qiwerse	wiwiQ	विविध	दिवेर्से	঵ি঵িধ	wiwiQ	঵ি঵িধ	wiwiQ		
diversity	diwersity	daiwrsiti	wiwiQja	विविधता	डाइवर्सिटी	঵ি঵িধতা	wiwiQja	঵ি঵িধতা	wiwiQja		
divide	diwide	diwaid	wiBazij krna	विभाजित करना	डिवाइड	঵িভাজিত করনা	wiBazij krna	঵িভাজিত করনা	wiBazij krna		
division	diwision	diwiज़n	wiBazn	विभाजन	डिवीज़न	঵িভাজন	wiBazn	঵িভাজন	wiBazn		
divorce	diworce	daiwors	jlak	तलाक	डाइवोर्स	তলাক	jlak	তলাক	jlak		
dna	dna	dienye	dienye	डीएनए	डीएनए	ডীএনএ	dienye	ডীএনএ	dienye		
do	do	qo	krna	करना	दो	করনা	krna	করনা	krna		
doctor	doctor	daktr	cikijsk	चिकित्सक	डॉक्टर	চিকিত্সক	cikijsk	চিকিত্সক	cikijsk		
document	document	dakyument	qsjawez	दस्तावेज़	डॉक्यूमेंट	দস্তা঵েজ়	qsjawez	দস্তা঵েজ়	qsjawez		
dog	dog	dag	kujja	कुत्ता	डॉग	কুত্তা	kujja	কুত্তা	kujja		
domestic	domestic	domestik	Grelu	घरेलू	डोमेस्टिक	ঘরেলূ	Grelu	ঘরেলূ	Grelu		
dominant	dominant	dominent	prBujw wala	प्रभुत्व वाला	डोमिनेंट	প্রভুত্঵ ঵ালা	prBujw wala	প্রভুত্঵ ঵ালা	prBujw wala		
dominate	dominate	dominaje	vawi vona	हावी होना	डोमिनाते	হা঵ী হোনা	vawi vona	হা঵ী হোনা	vawi vona		
door	door	qur	qwar	द्वार	दूर	দ্঵ার	qwar	দ্঵ার	qwar		
double	double	dbl	qovra	दोहरा	डबल	দোহরা	qovra	দোহরা	qovra		
doubt	doubt	daut	Sk	शक	डाउट	শক	Sk	শক	Sk		
down	down	daun	nice	नीचे	डाउन	নীচে	nice	নীচে	nice		
downtown	downtown	dauntaun	Svr	शहर	डाउनटाउन	শহর	Svr	শহর	Svr		
dozen	dozen	doज़en	qrzn	दर्जन	डोज़ेन	দর্জন	qrzn	দর্জন	qrzn		
draft	draft	draft	prarup	प्रारूप	ड्राफ्ट	প্রারূপ	prarup	প্রারূপ	prarup		
drag	drag	drxig	Kince	खींचें	ड्रैग	খীংচেং	Kince	খীংচেং	Kince		
drama	drama	drama	natk	नाटक	ड्रामा	নাটক	natk	নাটক	natk		
dramatic	dramatic	drametik	natkiy	नाटकीय	ड्रामेटिक	নাটকীয	natkiy	নাটকীয	natkiy		
dramatically	dramatically	drmxitiklly	natkiy rup se	नाटकीय रूप से	ड्रमैटिकल्ल्य	নাটকীয রূপ সে	natkiy rup se	নাটকীয রূপ সে	natkiy rup se		
draw	draw	dra	cijr bnana	चित्र बनाना	ड्रा	চিত্র বনানা	cijr bnana	চিত্র বনানা	cijr bnana		
drawing	drawing	draiNg	cijrkari	चित्रकारी	ड्राइंग	চিত্রকারী	cijrkari	চিত্রকারী	cijrkari		
dream	dream	drim	spna	सपना	ड्रीम	সপনা	spna	সপনা	spna		
dress	dress	dres	poSak	पोशाक	ड्रेस	পোশাক	poSak	পোশাক	poSak		
drink	drink	driNk	pina	पीना	ड्रिंक	পীনা	pina	পীনা	pina		
drive	driwe	draiw	clana	चलाना	ड्राइव	চলানা	clana	চলানা	clana		
driver	driwer	draiwr	calk	चालक	ड्राइवर	চালক	calk	চালক	calk		
drop	drop	drap	bunq	बूंद	ड्राप	বূংদ	bunq	বূংদ	bunq		
drug	drug	drg	qwa	दवा	ड्रग	দ঵া	qwa	দ঵া	qwa		
dry	dry	drai	suKa	सूखा	ड्राई	সূখা	suKa	সূখা	suKa		
due	due	qey	bkaya	बकाया	देय	বকাযা	bkaya	বকাযা	bkaya		
during	during	quriNg	qouran	दौरान	दूरिंग	দৌরান	qouran	দৌরান	qouran		
dust	dust	dst	Qul	धूल	डस्ट	ধূল	Qul	ধূল	Qul		
duty	duty	dyuti	krjwy	कर्तव्य	ड्यूटी	কর্ত঵্য	krjwy	কর্ত঵্য	krjwy		
each	each	ec	prjyek	प्रत्येक	एच	প্রত্যেক	prjyek	প্রত্যেক	prjyek		
eager	eager	exgr	xajur	आतुर	ेअगर	আতুর	xajur	আতুর	xajur		
ear	ear	exr	kan	कान	एअर	কান	kan	কান	kan		
early	early	xrli	zlqi	जल्दी	अर्ली	জল্দী	zlqi	জল্দী	zlqi		
earn	earn	irn	kmana	कमाना	ीर्ण	কমানা	kmana	কমানা	kmana		
earnings	earnings	exrniNgs	xay	आय	एअर्निंग्स	আয	xay	আয	xay		
earth	earth	exrJ	Qrji	धरती	एअर्थ	ধরতী	Qrji	ধরতী	Qrji		
ease	ease	exse	xaram	आराम	एअसे	আরাম	xaram	আরাম	xaram		
easily	easily	xisily	srlja	सरलता	ैसिलय	সরলতা	srlja	সরলতা	srlja		
east	east	ist	purw	पूर्व	ईस्ट	পূর্঵	purw	পূর্঵	purw		
eastern	eastern	istrn	purw ka	पूर्व का	ईस्टर्न	পূর্঵ কা	purw ka	পূর্঵ কা	purw ka		
easy	easy	izi	xasan	आसान	इजी	আসান	xasan	আসান	xasan		
eat	eat	baj	Kana Ka lo	खाना खा लो	बात	খানা খা লো	Kana Ka lo	খানা খা লো	Kana Ka lo		
economic	economic	iknomik	xarJik	आर्थिक	इकनोमिक	আর্থিক	xarJik	আর্থিক	xarJik		
economics	economics	ikonamiks	xrJSasjr	अर्थशास्त्र	इकोनॉमिक्स	অর্থশাস্ত্র	xrJSasjr	অর্থশাস্ত্র	xrJSasjr		
economist	economist	ikonamist	xrJSasjri	अर्थशास्त्री	इकोनॉमिस्ट	অর্থশাস্ত্রী	xrJSasjri	অর্থশাস্ত্রী	xrJSasjri		
economy	economy	ikanmi	xrJwywsJa	अर्थव्यवस्था	इकॉनमी	অর্থ঵্য঵স্থা	xrJwywsJa	অর্থ঵্য঵স্থা	xrJwywsJa		
edge	edge	ez	kinara	किनारा	एज	কিনারা	kinara	কিনারা	kinara		
edition	edition	ediSn	snskrn	संस्करण	एडिशन	সংস্করণ	snskrn	সংস্করণ	snskrn		
editor	editor	editr	smpaqk	संपादक	एडिटर	সংপাদক	smpaqk	সংপাদক	smpaqk		
educate	educate	edukaje	SiSij	शिक्षित	एडुकाते	শিক্ষিত	SiSij	শিক্ষিত	SiSij		
education	education	ezukeSn	SiSa	शिक्षा	एजुकेशन	শিক্ষা	SiSa	শিক্ষা	SiSa		
educational	educational	ezukeSnl	SiSajmk	शिक्षात्मक	एजुकेशनल	শিক্ষাত্মক	SiSajmk	শিক্ষাত্মক	SiSajmk		
educator	educator	edukajor	SiSk	शिक्षक	एडुकातोर	শিক্ষক	SiSk	শিক্ষক	SiSk		
effect	effect	iफ़ekt	prBaw	प्रभाव	इफ़ेक्ट	প্রভা঵	prBaw	প্রভা঵	prBaw		
effective	effectiwe	ifektiw	prBawi	प्रभावी	इफेक्टिव	প্রভা঵ী	prBawi	প্রভা঵ী	prBawi		
effectively	effectiwely	effektiweli	prBawi rup se	प्रभावी रूप से	एफ्फेक्टिवेली	প্রভা঵ী রূপ সে	prBawi rup se	প্রভা঵ী রূপ সে	prBawi rup se		
efficiency	efficiency	efiSiensi	Smja	क्षमता	एफिशिएंसी	ক্ষমতা	Smja	ক্ষমতা	Smja		
efficient	efficient	effisient	qS	दक्ष	एफ्फिसिएंट	দক্ষ	qS	দক্ষ	qS		
effort	effort	efrt	koSiS	कोशिश	एफर्ट	কোশিশ	koSiS	কোশিশ	koSiS		
egg	egg	eg	xnda	अंडा	एग	অংডা	xnda	অংডা	xnda		
eight	eight	xaT	xaT	आठ	आठ	আঠ	xaT	আঠ	xaT		
either	either	eJer	ya	या	ऐथेर	যা	ya	যা	ya		
elderly	elderly	eldrli	buzurg	बुज़ुर्ग	एल्डर्ली	বুজ়ুর্গ	buzurg	বুজ়ুর্গ	buzurg		
elect	elect	elekt	ilektronik	इलेक्ट्रोनिक	ेलेक्ट	ইলেক্ট্রোনিক	ilektronik	ইলেক্ট্রোনিক	ilektronik		
election	election	ilekSn	cunaw	चुनाव	इलेक्शन	চুনা঵	cunaw	চুনা঵	cunaw		
electric	electric	ilektrik	bizli	बिजली	इलेक्ट्रिक	বিজলী	bizli	বিজলী	bizli		
electricity	electricity	ilektrisiti	bizli	बिजली	इलेक्ट्रिसिटी	বিজলী	bizli	বিজলী	bizli		
electronic	electronic	ilektranik	ilektronik	इलेक्ट्रोनिक	इलेक्ट्रॉनिक	ইলেক্ট্রোনিক	ilektronik	ইলেক্ট্রোনিক	ilektronik		
element	element	eliment	jjw	तत्व	एलिमेंट	তত্঵	jjw	তত্঵	jjw		
elementary	elementary	elimentri	praJmik	प्राथमिक	एलीमेंट्री	প্রাথমিক	praJmik	প্রাথমিক	praJmik		
eliminate	eliminate	eliminet	vtana	हटाना	एलिमिनेट	হটানা	vtana	হটানা	vtana		
elite	elite	ilit	xBizaj wrg	अभिजात वर्ग	इलीट	অভিজাত ঵র্গ	xBizaj wrg	অভিজাত ঵র্গ	xBizaj wrg		
else	else	els	wrna	वरना	ेल्स	঵রনা	wrna	঵রনা	wrna		
elsewhere	elsewhere	elswvere	kvi	कहीं	एल्सव्हेरे	কহীং	kvi	কহীং	kvi		
e-mail	e-mail	i-mel	imel	ईमेल	इ-मेल	ঈমেল	imel	ঈমেল	imel		
embrace	embrace	embras	xpnana	अपनाना	एम्ब्रॉस	অপনানা	xpnana	অপনানা	xpnana		
emerge	emerge	imrz	uBrna	उभरना	इमर्ज	উভরনা	uBrna	উভরনা	uBrna		
emergency	emergency	imrzensi	xapajkalin	आपातकालीन	इमरजेंसी	আপাতকালীন	xapajkalin	আপাতকালীন	xapajkalin		
emission	emission	emiSn	ujsrzn	उत्सर्जन	एमिशन	উত্সর্জন	ujsrzn	উত্সর্জন	ujsrzn		
emotion	emotion	imoSn	Bawna	भावना	इमोशन	ভা঵না	Bawna	ভা঵না	Bawna		
emotional	emotional	imoSnl	Bawnajmk	भावनात्मक	इमोशनल	ভা঵নাত্মক	Bawnajmk	ভা঵নাত্মক	Bawnajmk		
emphasis	emphasis	emfesis	zor	ज़ोर	एम्फेसिस	জ়োর	zor	জ়োর	zor		
emphasize	emphasize	emfxisiज़e	zor qena	ज़ोर देना	एम्फैसिज़े	জ়োর দেনা	zor qena	জ়োর দেনা	zor qena		
employ	employ	emplay	kam	काम	एम्प्लॉय	কাম	kam	কাম	kam		
employee	employee	employi	krmcari	कर्मचारी	एम्प्लोयी	কর্মচারী	krmcari	কর্মচারী	krmcari		
employer	employer	emplayr	niyokja	नियोक्ता	एम्प्लायर	নিযোক্তা	niyokja	নিযোক্তা	niyokja		
employment	employment	emplayment	rozgar	रोज़गार	एम्प्लॉयमेंट	রোজ়গার	rozgar	রোজ়গার	rozgar		
empty	empty	empti	Kali	खाली	एम्प्टी	খালী	Kali	খালী	Kali		
enable	enable	inebl	sSm krna	सक्षम करना	इनेबल	সক্ষম করনা	sSm krna	সক্ষম করনা	sSm krna		
encounter	encounter	enkauntr	muTBeR	मुठभेड़	एनकाउंटर	মুঠভেড়	muTBeR	মুঠভেড়	muTBeR		
encourage	encourage	ensarge	projsavij krna	प्रोत्साहित करना	ेन्सॉरगे	প্রোত্সাহিত করনা	projsavij krna	প্রোত্সাহিত করনা	projsavij krna		
end	end	end	smapj	समाप्त	एन्ड	সমাপ্ত	smapj	সমাপ্ত	smapj		
enemy	enemy	enimi	Sjru	शत्रु	एनिमी	শত্রু	Sjru	শত্রু	Sjru		
energy	energy	enrzi	urza	ऊर्जा	एनर्जी	ঊর্জা	urza	ঊর্জা	urza		
enforcement	enforcement	enforsment	prwrjn	प्रवर्तन	एनफोर्समेंट	প্র঵র্তন	prwrjn	প্র঵র্তন	prwrjn		
engage	engage	iNgge	wysj rKna	व्यस्त रखना	इंगगे	঵্যস্ত রখনা	wysj rKna	঵্যস্ত রখনা	wysj rKna		
engine	engine	inzn	ynjr	यन्त्र	इंजन	যন্ত্র	ynjr	যন্ত্র	ynjr		
engineer	engineer	inziniyr	inziniyr	इंजीनियर	इंजीनियर	ইংজীনিযর	inziniyr	ইংজীনিযর	inziniyr		
engineering	engineering	inziniyriNg	xBiyanjriki	अभियांत्रिकी	इंजीनियरिंग	অভিযাংত্রিকী	xBiyanjriki	অভিযাংত্রিকী	xBiyanjriki		
english	english	iNgliS	xNgrezi	अंग्रेज़ी	इंग्लिश	অংগ্রেজ়ী	xNgrezi	অংগ্রেজ়ী	xNgrezi		
enhance	enhance	envans	bRana	बढ़ाना	एनहान्स	বঢ়ানা	bRana	বঢ়ানা	bRana		
enjoy	enzoy	enzay	ka xannq le	का आनंद लें	एन्जॉय	কা আনংদ লেং	ka xannq le	কা আনংদ লেং	ka xannq le		
enormous	enormous	enormaus	wiSal	विशाल	ेनोरमॉउस	঵িশাল	wiSal	঵িশাল	wiSal		
enough	enough	enf	pryapj	पर्याप्त	एनफ	পর্যাপ্ত	pryapj	পর্যাপ্ত	pryapj		
ensure	ensure	ensure	suniScij krna	सुनिश्चित करना	ेंसुरे	সুনিশ্চিত করনা	suniScij krna	সুনিশ্চিত করনা	suniScij krna		
enter	enter	entr	prweS krna	प्रवेश करना	एंटर	প্র঵েশ করনা	prweS krna	প্র঵েশ করনা	prweS krna		
enterprise	enterprise	entrpraiz	uqym	उद्यम	एंटरप्राइज	উদ্যম	uqym	উদ্যম	uqym		
entertainment	entertainment	entrtenment	mnornzn	मनोरंजन	एंटरटेनमेंट	মনোরংজন	mnornzn	মনোরংজন	mnornzn		
entire	entire	entire	smpurn	संपूर्ण	एंटीरे	সংপূর্ণ	smpurn	সংপূর্ণ	smpurn		
entirely	entirely	entirely	puri jrv se	पूरी तरह से	एंटीरेलय	পূরী তরহ সে	puri jrv se	পূরী তরহ সে	puri jrv se		
entrance	entrance	entrens	prweS	प्रवेश	एंट्रेंस	প্র঵েশ	prweS	প্র঵েশ	prweS		
entry	entry	entri	prweS	प्रवेश	एंट्री	প্র঵েশ	prweS	প্র঵েশ	prweS		
environment	enwironment	enwayrnment	wajawrn	वातावरण	एनवायरनमेंट	঵াতা঵রণ	wajawrn	঵াতা঵রণ	wajawrn		
environmental	enwironmental	enwayrnmentl	pryawrn	पर्यावरण	एनवायर्नमेंटल	পর্যা঵রণ	pryawrn	পর্যা঵রণ	pryawrn		
episode	episode	episod	prkrn	प्रकरण	एपिसोड	প্রকরণ	prkrn	প্রকরণ	prkrn		
equal	ekual	ikwl	brabr	बराबर	इक्वल	বরাবর	brabr	বরাবর	brabr		
equally	ekually	ekwali	sman rup se	समान रूप से	एक्वाली	সমান রূপ সে	sman rup se	সমান রূপ সে	sman rup se		
equipment	ekuipment	ikwipment	upkrn	उपकरण	इक्विपमेंट	উপকরণ	upkrn	উপকরণ	upkrn		
era	era	era	yug	युग	एरा	যুগ	yug	যুগ	yug		
error	error	err	glji	गलती	एरर	গলতী	glji	গলতী	glji		
escape	escape	eskep	bc niklna	बच निकलना	एस्केप	বচ নিকলনা	bc niklna	বচ নিকলনা	bc niklna		
especially	especially	espeSly	wiSeskr	विशेषकर	ेस्पेशलय	঵িশেষকর	wiSeskr	঵িশেষকর	wiSeskr		
essay	essay	esse	nibnQ	निबंध	एस्से	নিবংধ	nibnQ	নিবংধ	nibnQ		
essential	essential	esenSiyl	zruri	ज़रूरी	एसेंशियल	জ়রূরী	zruri	জ়রূরী	zruri		
essentially	essentially	esentixali	xniwary rup se	अनिवार्य रूप से	एसेंटिआली	অনি঵ার্য রূপ সে	xniwary rup se	অনি঵ার্য রূপ সে	xniwary rup se		
establish	establish	estbliS	sJapij krna	स्थापित करना	एस्टब्लिश	স্থাপিত করনা	sJapij krna	স্থাপিত করনা	sJapij krna		
establishment	establishment	istxibliSment	sJapna	स्थापना	इस्टैब्लिशमेंट	স্থাপনা	sJapna	স্থাপনা	sJapna		
estate	estate	estet	zagir	जागीर	एस्टेट	জাগীর	zagir	জাগীর	zagir		
estimate	estimate	estimet	xakln	आकलन	एस्टीमेट	আকলন	xakln	আকলন	xakln		
etc	etc	ets	xaqi	आदि	ेट्स	আদি	xaqi	আদি	xaqi		
ethics	ethics	eJiks	xacar wicar	आचार विचार	एथिक्स	আচার ঵িচার	xacar wicar	আচার ঵িচার	xacar wicar		
ethnic	ethnic	eJnik	snzaji wisyk	संजाति विषयक	एथनिक	সংজাতি ঵িষযক	snzaji wisyk	সংজাতি ঵িষযক	snzaji wisyk		
european	european	yuropiyn	yuropiy	यूरोपीय	यूरोपियन	যূরোপীয	yuropiy	যূরোপীয	yuropiy		
evaluate	ewaluate	ewluet	mulyaNkn krna	मूल्यांकन करना	ेवलुएट	মূল্যাংকন করনা	mulyaNkn krna	মূল্যাংকন করনা	mulyaNkn krna		
evaluation	ewaluation	iwxilyueSn	mulyaNkn	मूल्यांकन	इवैल्यूएशन	মূল্যাংকন	mulyaNkn	মূল্যাংকন	mulyaNkn		
even	ewen	iwn	yva jk ki	यहाँ तक की	इवन	যহাঁ তক কী	yva jk ki	যহাঁ তক কী	yva jk ki		
evening	ewening	iwniNg	Sam	शाम	इवनिंग	শাম	Sam	শাম	Sam		
event	ewent	iwent	prjisprQa	प्रतिस्पर्धा	इवेंट	প্রতিস্পর্ধা	prjisprQa	প্রতিস্পর্ধা	prjisprQa		
eventually	ewentually	ewenjuxlly	xaKirkar	आखिरकार	ेवेन्तुअल्ल्य	আখিরকার	xaKirkar	আখিরকার	xaKirkar		
ever	ewer	ewr	kBi	कभी	एवर	কভী	kBi	কভী	kBi		
every	ewery	ewri	vr ek	हर एक	एव्री	হর এক	vr ek	হর এক	vr ek		
everybody	ewerybody	ewribadi	vr koi	हर कोई	एवरीबॉडी	হর কোঈ	vr koi	হর কোঈ	vr koi		
everyday	eweryday	ewride	vr qin	हर दिन	एवरीडे	হর দিন	vr qin	হর দিন	vr qin		
everyone	eweryone	ewriwn	vr koi	हर कोई	एवरीवन	হর কোঈ	vr koi	হর কোঈ	vr koi		
everything	ewerything	ewriJiNg	vr ciz	हर चीज़	एवरीथिंग	হর চীজ়	vr ciz	হর চীজ়	vr ciz		
everywhere	ewerywhere	ewriwver	vr zgv	हर जगह	एवरीव्हेर	হর জগহ	vr zgv	হর জগহ	vr zgv		
evidence	ewidence	ewidens	prman	प्रमाण	एविडेंस	প্রমাণ	prman	প্রমাণ	prman		
evolution	ewolution	ewoluSn	krmagj unnji	क्रमागत उन्नति	ेवोलुशन	ক্রমাগত উন্নতি	krmagj unnji	ক্রমাগত উন্নতি	krmagj unnji		
evolve	ewolwe	iwalwe	wiksij vona	विकसित होना	इवॉल्वे	঵িকসিত হোনা	wiksij vona	঵িকসিত হোনা	wiksij vona		
exact	exact	eksyekt	stik	सटीक	एक्सएक्ट	সটীক	stik	সটীক	stik		
exactly	exactly	eksaktli	bilkul	बिल्कुल	एक्साक्ट्ली	বিল্কুল	bilkul	বিল্কুল	bilkul		
examination	examination	egzamineSn	injivan	इंतिहान	एग्जामिनेशन	ইংতিহান	injivan	ইংতিহান	injivan		
examine	examine	eksamine	ki zanc	की जांच	एक्सामिने	কী জাংচ	ki zanc	কী জাংচ	ki zanc		
example	example	eksample	uqavrn	उदाहरण	एक्साम्प्ले	উদাহরণ	uqavrn	উদাহরণ	uqavrn		
exceed	exceed	ekssid	sima par krna	सीमा पार करना	एक्ससीड	সীমা পার করনা	sima par krna	সীমা পার করনা	sima par krna		
excellent	excellent	eksilent	xji ujkrst	अति उत्कृष्ट	एक्सीलेंट	অতি উত্কৃষ্ট	xji ujkrst	অতি উত্কৃষ্ট	xji ujkrst		
except	except	eksept	ke xlawa	के अलावा	एक्सेप्ट	কে অলা঵া	ke xlawa	কে অলা঵া	ke xlawa		
exception	exception	eksepSn	xpwaq	अपवाद	एक्सेप्शन	অপ঵াদ	xpwaq	অপ঵াদ	xpwaq		
exchange	exchange	ekscenz	len qen	लेन देन	एक्सचेंज	লেন দেন	len qen	লেন দেন	len qen		
exciting	exciting	ekssitiNg	romanck	रोमांचक	एक्ससिटिंग	রোমাংচক	romanck	রোমাংচক	romanck		
executive	executiwe	egzikyutiw	karypalk	कार्यपालक	एग्जीक्यूटिव	কার্যপালক	karypalk	কার্যপালক	karypalk		
exercise	exercise	eksrsaiz	wyayam	व्यायाम	एक्सरसाइज	঵্যাযাম	wyayam	঵্যাযাম	wyayam		
exhibit	exhibit	eksvibij	qiKana	दिखाना	एक्सहिबित	দিখানা	qiKana	দিখানা	qiKana		
exhibition	exhibition	eksvibiSn	prqrSni	प्रदर्शनी	एक्सहिबिशन	প্রদর্শনী	prqrSni	প্রদর্শনী	prqrSni		
exist	exist	eksist	mouzuq	मौजूद	एक्सिस्ट	মৌজূদ	mouzuq	মৌজূদ	mouzuq		
existence	existence	eksistens	xsjijw	अस्तित्व	एक्सिस्टेंस	অস্তিত্঵	xsjijw	অস্তিত্঵	xsjijw		
existing	existing	eksistiNg	mouzuqa	मौजूदा	एक्सिस्टिंग	মৌজূদা	mouzuqa	মৌজূদা	mouzuqa		
expand	expand	ekspxind	wisjar	विस्तार	एक्सपैंड	঵িস্তার	wisjar	঵িস্তার	wisjar		
expansion	expansion	ekspenSn	wisjar	विस्तार	एक्सपेंशन	঵িস্তার	wisjar	঵িস্তার	wisjar		
expect	expect	ekspekt	xpeSa krna	अपेक्षा करना	एक्सपेक्ट	অপেক্ষা করনা	xpeSa krna	অপেক্ষা করনা	xpeSa krna		
expectation	expectation	ekspekteSn	xpeSa	अपेक्षा	एक्सपेक्टेशन	অপেক্ষা	xpeSa	অপেক্ষা	xpeSa		
expense	expense	ekspens	wyy	व्यय	एक्सपेंस	঵্যয	wyy	঵্যয	wyy		
expensive	expensiwe	ekspensiw	mvNga	महंगा	एक्सपेंसिव	মহংগা	mvNga	মহংগা	mvNga		
experience	experience	ekspiriyns	xnuBw	अनुभव	एक्सपीरियंस	অনুভ঵	xnuBw	অনুভ঵	xnuBw		
experiment	experiment	eksperiment	pryog	प्रयोग	एक्सपेरिमेंट	প্রযোগ	pryog	প্রযোগ	pryog		
expert	expert	eksprt	wiSesgy	विशेषज्ञ	एक्सपर्ट	঵িশেষজ্ঞ	wiSesgy	঵িশেষজ্ঞ	wiSesgy		
explain	explain	eksplen	smZana	समझाना	एक्सप्लेन	সমঝানা	smZana	সমঝানা	smZana		
explanation	explanation	eksplneSn	wyaKya	व्याख्या	एक्सप्लनेशन	঵্যাখ্যা	wyaKya	঵্যাখ্যা	wyaKya		
explode	explode	eksplode	wisfot	विस्फोट	एक्सप्लोडे	঵িস্ফোট	wisfot	঵িস্ফোট	wisfot		
explore	explore	eksplor	xnwesn krna	अन्वेषण करना	एक्स्प्लोर	অন্঵েষণ করনা	xnwesn krna	অন্঵েষণ করনা	xnwesn krna		
explosion	explosion	eksplosiw	wisfot	विस्फोट	एक्सप्लोसिव	঵িস্ফোট	wisfot	঵িস্ফোট	wisfot		
expose	expose	ekspoज़	Kulasa	खुलासा	एक्सपोज़	খুলাসা	Kulasa	খুলাসা	Kulasa		
exposure	exposure	ekspoज़r	snsrg	संसर्ग	एक्सपोज़र	সংসর্গ	snsrg	সংসর্গ	snsrg		
express	express	ekspres	xBiwykj krna	अभिव्यक्त करना	एक्सप्रेस	অভি঵্যক্ত করনা	xBiwykj krna	অভি঵্যক্ত করনা	xBiwykj krna		
expression	expression	ekspreSn	xBiwykji	अभिव्यक्ति	एक्सप्रेशन	অভি঵্যক্তি	xBiwykji	অভি঵্যক্তি	xBiwykji		
extend	extend	ekstend	bRana	बढ़ाना	एक्सटेंड	বঢ়ানা	bRana	বঢ়ানা	bRana		
extension	extension	ekstenSn	wisjar	विस्तार	एक्सटेंशन	঵িস্তার	wisjar	঵িস্তার	wisjar		
extensive	extensiwe	ekstensiw	bvuj bRa	बहुत बड़ा	एक्सटेंसिव	বহুত বড়া	bvuj bRa	বহুত বড়া	bvuj bRa		
extent	extent	ekstent	Sejr	क्षेत्र	एक्सटेंट	ক্ষেত্র	Sejr	ক্ষেত্র	Sejr		
external	external	ekstrnl	bavri	बाहरी	एक्सटर्नल	বাহরী	bavri	বাহরী	bavri		
extra	extra	ekstra	xjirikj	अतिरिक्त	एक्स्ट्रा	অতিরিক্ত	xjirikj	অতিরিক্ত	xjirikj		
extraordinary	extraordinary	ekstraaordinri	xsaQarn	असाधारण	एक्स्ट्राऑर्डिनरी	অসাধারণ	xsaQarn	অসাধারণ	xsaQarn		
extreme	extreme	ekstrim	crm	चरम	एक्सट्रीम	চরম	crm	চরম	crm		
extremely	extremely	ekstremeli	bvuj zyaqa	बहुत ज़्यादा	एक्सट्रेमेली	বহুত জ়্যাদা	bvuj zyaqa	বহুত জ়্যাদা	bvuj zyaqa		
eye	eye	aoy	xaNK	आँख	ऑय	আঁখ	xaNK	আঁখ	xaNK		
fabric	fabric	fxibrik	kpRa	कपड़ा	फैब्रिक	কপড়া	kpRa	কপড়া	kpRa		
face	face	fes	cevra	चेहरा	फेस	চেহরা	cevra	চেহরা	cevra		
facility	facility	fxisiliti	suwiQa	सुविधा	फैसिलिटी	সু঵িধা	suwiQa	সু঵িধা	suwiQa		
fact	fact	fxikt	jJy	तथ्य	फैक्ट	তথ্য	jJy	তথ্য	jJy		
factor	factor	fxiktr	kark	कारक	फैक्टर	কারক	kark	কারক	kark		
factory	factory	fxiktri	karKana	कारखाना	फैक्ट्री	কারখানা	karKana	কারখানা	karKana		
faculty	faculty	fxiklti	sNkay	संकाय	फैकल्टी	সংকায	sNkay	সংকায	sNkay		
fade	fade	fade	vlka vona	हल्का होना	फाडे	হল্কা হোনা	vlka vona	হল্কা হোনা	vlka vona		
fail	fail	फ़xil	wifl	विफल	फ़ैल	঵িফল	wifl	঵িফল	wifl		
failure	failure	feliyr	xsflja	असफलता	फेलियर	অসফলতা	xsflja	অসফলতা	xsflja		
fair	fair	feyr	nispS	निष्पक्ष	फेयर	নিষ্পক্ষ	nispS	নিষ্পক্ষ	nispS		
fairly	fairly	fxirly	xcCi jrv se	अच्छी तरह से	फैरल्य	অচ্ছী তরহ সে	xcCi jrv se	অচ্ছী তরহ সে	xcCi jrv se		
faith	faith	feJ	xasJa	आस्था	फेथ	আস্থা	xasJa	আস্থা	xasJa		
fall	fall	fal	girna	गिरना	फॉल	গিরনা	girna	গিরনা	girna		
false	false	false	xsjy	असत्य	फालसे	অসত্য	xsjy	অসত্য	xsjy		
familiar	familiar	femilixr	pricij	परिचित	फेमिलिअर	পরিচিত	pricij	পরিচিত	pricij		
family	family	fॅmili	priwar	परिवार	फॅमिली	পরি঵ার	priwar	পরি঵ার	priwar		
famous	famous	fems	prsiqQ	प्रसिद्ध	फेमस	প্রসিদ্ধ	prsiqQ	প্রসিদ্ধ	prsiqQ		
fan	fan	fxin	prSnsk	प्रशंसक	फैन	প্রশংসক	prSnsk	প্রশংসক	prSnsk		
fantasy	fantasy	fnjasi	klpna	कल्पना	फंतासी	কল্পনা	klpna	কল্পনা	klpna		
far	far	far	qur	दूर	फार	দূর	qur	দূর	qur		
farm	farm	farm	Kej	खेत	फार्म	খেত	Kej	খেত	Kej		
farmer	farmer	farmr	kisan	किसान	फार्मर	কিসান	kisan	কিসান	kisan		
fashion	fashion	fxiSn	fxiSn	फ़ैशन	फैशन	ফ়ৈশন	fxiSn	ফ়ৈশন	fxiSn		
fast	fast	फ़ast	jez	तेज़	फ़ास्ट	তেজ়	jez	তেজ়	jez		
fat	fat	fxit	mota	मोटा	फैट	মোটা	mota	মোটা	mota		
fate	fate	fate	Bagy	भाग्य	फाटे	ভাগ্য	Bagy	ভাগ্য	Bagy		
father	father	faqr	pija	पिता	फादर	পিতা	pija	পিতা	pija		
fault	fault	falt	qos	दोष	फाल्ट	দোষ	qos	দোষ	qos		
favor	fawor	fewr	pS	पक्ष	फेवर	পক্ষ	pS	পক্ষ	pS		
favorite	faworite	fewret	psnqiqa	पसंदीदा	फेवरेट	পসংদীদা	psnqiqa	পসংদীদা	psnqiqa		
fear	fear	fiyr	dr	डर	फियर	ডর	dr	ডর	dr		
feature	feature	ficr	wiSesja	विशेषता	फीचर	঵িশেষতা	wiSesja	঵িশেষতা	wiSesja		
federal	federal	फ़edrl	sNGiy	संघीय	फ़ेडरल	সংঘীয	sNGiy	সংঘীয	sNGiy		
fee	fee	fi	Sulk	शुल्क	फी	শুল্ক	Sulk	শুল্ক	Sulk		
feed	feed	fid	cara	चारा	फीड	চারা	cara	চারা	cara		
feel	feel	fil	xnuBw krna	अनुभव करना	फील	অনুভ঵ করনা	xnuBw krna	অনুভ঵ করনা	xnuBw krna		
feeling	feeling	filiNg	Bawna	भावना	फीलिंग	ভা঵না	Bawna	ভা঵না	Bawna		
fellow	fellow	felo	saJi	साथी	फेलो	সাথী	saJi	সাথী	saJi		
female	female	fimel	mvila	महिला	फीमेल	মহিলা	mvila	মহিলা	mvila		
fence	fence	fens	baR	बाड़	फेंस	বাড়	baR	বাড়	baR		
few	few	fyu	kuC	कुछ	फ्यू	কুছ	kuC	কুছ	kuC		
fewer	fewer	fewr	se km	से कम	फेवर	সে কম	se km	সে কম	se km		
fiber	fiber	faibr	reSa	रेशा	फाइबर	রেশা	reSa	রেশা	reSa		
fiction	fiction	fikSn	upnyas	उपन्यास	फिक्शन	উপন্যাস	upnyas	উপন্যাস	upnyas		
field	field	fild	Kej	खेत	फील्ड	খেত	Kej	খেত	Kej		
fifteen	fifteen	fiftin	pnqrv	पंद्रह	फिफ्टीन	পংদ্রহ	pnqrv	পংদ্রহ	pnqrv		
fifth	fifth	fifJ	pancwa	पांचवां	फिफ्थ	পাংচ঵াং	pancwa	পাংচ঵াং	pancwa		
fifty	fifty	fifti	pcas	पचास	फिफ्टी	পচাস	pcas	পচাস	pcas		
fight	fight	fait	lRai	लड़ाई	फाइट	লড়াঈ	lRai	লড়াঈ	lRai		
fighter	fighter	faitr	yoqQa	योद्धा	फाइटर	যোদ্ধা	yoqQa	যোদ্ধা	yoqQa		
fighting	fighting	faitiNg	lRai krna	लड़ाई करना	फाइटिंग	লড়াঈ করনা	lRai krna	লড়াঈ করনা	lRai krna		
figure	figure	figr	xakrji	आकृति	फिगर	আকৃতি	xakrji	আকৃতি	xakrji		
file	file	fail	fail	फ़ाइल	फाइल	ফ়াইল	fail	ফ়াইল	fail		
fill	fill	fyill	Brna	भरना	फइलल	ভরনা	Brna	ভরনা	Brna		
film	film	film	pjli prj	पतली परत	फिल्म	পতলী পরত	pjli prj	পতলী পরত	pjli prj		
final	final	fainl	xnjim	अंतिम	फाइनल	অংতিম	xnjim	অংতিম	xnjim		
finally	finally	fainli	xaKirkar	आखिरकार	फाइनली	আখিরকার	xaKirkar	আখিরকার	xaKirkar		
finance	finance	fainens	wijj	वित्त	फाइनेंस	঵িত্ত	wijj	঵িত্ত	wijj		
financial	financial	fainensiyl	wijjiy	वित्तीय	फाइनेंसियल	঵িত্তীয	wijjiy	঵িত্তীয	wijjiy		
find	find	fnd	pana	पाना	फंड	পানা	pana	পানা	pana		
finding	finding	faindiNg	Koz	खोज	फाइंडिंग	খোজ	Koz	খোজ	Koz		
fine	fine	fain	Tik	ठीक	फाइन	ঠীক	Tik	ঠীক	Tik		
finger	finger	fiNgr	uNgliya	उँगलिया	फिंगर	উঁগলিযা	uNgliya	উঁগলিযা	uNgliya		
finish	finish	finiS	smapj	समाप्त	फिनिश	সমাপ্ত	smapj	সমাপ্ত	smapj		
fire	fire	fayr	xag	आग	फायर	আগ	xag	আগ	xag		
firm	firm	frm	qrR	दृढ़	फर्म	দৃঢ়	qrR	দৃঢ়	qrR		
first	first	frst	pvla	पहला	फर्स्ट	পহলা	pvla	পহলা	pvla		
fish	fish	fiS	mCli	मछली	फिश	মছলী	mCli	মছলী	mCli		
fishing	fishing	fiSiNg	mCli pkRne	मछली पकड़ने	फिशिंग	মছলী পকড়নে	mCli pkRne	মছলী পকড়নে	mCli pkRne		
fit	fit	fit	upyukj	उपयुक्त	फिट	উপযুক্ত	upyukj	উপযুক্ত	upyukj		
fitness	fitness	fitnes	swasJy	स्वास्थ्य	फिटनेस	স্঵াস্থ্য	swasJy	স্঵াস্থ্য	swasJy		
five	fiwe	faiw	panc	पांच	फाइव	পাংচ	panc	পাংচ	panc		
fix	fix	fiks	vl krna	हल करना	फिक्स	হল করনা	vl krna	হল করনা	vl krna		
flag	flag	flxig	Znda	झंडा	फ्लैग	ঝংডা	Znda	ঝংডা	Znda		
flame	flame	flem	zyoji	ज्योति	फ्लेम	জ্যোতি	zyoji	জ্যোতি	zyoji		
flat	flat	flxit	smjl	समतल	फ्लैट	সমতল	smjl	সমতল	smjl		
flavor	flawor	flewr	swaq	स्वाद	फ्लेवर	স্঵াদ	swaq	স্঵াদ	swaq		
flee	flee	fli	Bagna	भागना	फली	ভাগনা	Bagna	ভাগনা	Bagna		
flesh	flesh	fleS	mans	माँस	फलेश	মাঁস	mans	মাঁস	mans		
flight	flight	flait	uRan	उड़ान	फ्लाइट	উড়ান	uRan	উড়ান	uRan		
float	float	flot	pani pr jxirna	पानी पर तैरना	फ्लोट	পানী পর তৈরনা	pani pr jxirna	পানী পর তৈরনা	pani pr jxirna		
floor	floor	flor	mnzil	मंज़िल	फ्लोर	মংজ়িল	mnzil	মংজ়িল	mnzil		
flow	flow	flo	bve	बहे	फ्लो	বহে	bve	বহে	bve		
flower	flower	flawr	ful	फूल	फ्लावर	ফূল	ful	ফূল	ful		
fly	fly	flai	uRna	उड़ना	फ्लाई	উড়না	uRna	উড়না	uRna		
focus	focus	foks	kenqr	केंद्र	फोकस	কেংদ্র	kenqr	কেংদ্র	kenqr		
folk	folk	fok	lok	लोक	फोक	লোক	lok	লোক	lok		
follow	follow	falo	paln ​​krna	पालन ​​करना	फॉलो	পালন ​​করনা	paln ​​krna	পালন ​​করনা	paln ​​krna		
following	following	followiNg	nimnliKij	निम्नलिखित	फोल्लोविंग	নিম্নলিখিত	nimnliKij	নিম্নলিখিত	nimnliKij		
food	food	फ़ud	Bozn	भोजन	फ़ूड	ভোজন	Bozn	ভোজন	Bozn		
foot	foot	fut	pxir	पैर	फुट	পৈর	pxir	পৈর	pxir		
football	football	futbal	futbal	फ़ुटबॉल	फुटबॉल	ফ়ুটব৉ল	futbal	ফ়ুটব৉ল	futbal		
for	for	far	ke liye	के लिये	फॉर	কে লিযে	ke liye	কে লিযে	ke liye		
force	force	faॅrs	jakj	ताकत	फाॅर्स	তাকত	jakj	তাকত	jakj		
foreign	foreign	faren	wiqeSi	विदेशी	फॉरेन	঵িদেশী	wiqeSi	঵িদেশী	wiqeSi		
forest	forest	farest	wn	वन	फारेस्ट	঵ন	wn	঵ন	wn		
forever	forewer	faryewr	umr Br	उम्र भर	फॉरएवर	উম্র ভর	umr Br	উম্র ভর	umr Br		
forget	forget	farget	Bul zao	भूल जाओ	फॉरगेट	ভূল জাও	Bul zao	ভূল জাও	Bul zao		
form	form	farm	prpjr	प्रपत्र	फॉर्म	প্রপত্র	prpjr	প্রপত্র	prpjr		
formal	formal	farml	oupcarik	औपचारिक	फॉर्मल	ঔপচারিক	oupcarik	ঔপচারিক	oupcarik		
formation	formation	farmeSn	gTn	गठन	फार्मेशन	গঠন	gTn	গঠন	gTn		
former	former	farmr	Bujpurw	भूतपूर्व	फॉर्मर	ভূতপূর্঵	Bujpurw	ভূতপূর্঵	Bujpurw		
formula	formula	farmula	sujr	सूत्र	फार्मूला	সূত্র	sujr	সূত্র	sujr		
forth	forth	forJ	xage	आगे	फोर्थ	আগে	xage	আগে	xage		
fortune	fortune	farcyun	souBagy	सौभाग्य	फार्च्यून	সৌভাগ্য	souBagy	সৌভাগ্য	souBagy		
forward	forward	farwrd	xage	आगे	फॉरवर्ड	আগে	xage	আগে	xage		
found	found	faund	mil gya	मिल गया	फाउंड	মিল গযা	mil gya	মিল গযা	mil gya		
foundation	foundation	faundeSn	ninw	नींव	फाउंडेशन	নীং঵	ninw	নীং঵	ninw		
founder	founder	faundr	snsJapk	संस्थापक	फाउंडर	সংস্থাপক	snsJapk	সংস্থাপক	snsJapk		
four	four	for	car	चार	फोर	চার	car	চার	car		
fourth	fourth	forJ	couJi	चौथी	फोर्थ	চৌথী	couJi	চৌথী	couJi		
frame	frame	frem	couKta	चौखटा	फ्रेम	চৌখটা	couKta	চৌখটা	couKta		
framework	framework	fremwrk	rupreKa	रूपरेखा	फ्रेमवर्क	রূপরেখা	rupreKa	রূপরেখা	rupreKa		
free	free	fri	ni: Sulk	नि: शुल्क	फ्री	নি: শুল্ক	ni: Sulk	নি: শুল্ক	ni: Sulk		
freedom	freedom	fridm	swjnjrja	स्वतंत्रता	फ्रीडम	স্঵তংত্রতা	swjnjrja	স্঵তংত্রতা	swjnjrja		
freeze	freeze	friz	zmana	जमाना	फ्रीज	জমানা	zmana	জমানা	zmana		
french	french	frenc	frenc	फ्रेंच	फ्रेंच	ফ্রেংচ	frenc	ফ্রেংচ	frenc		
frequency	frekuency	frikwensi	xawrjji	आवृत्ति	फ्रीक्वेंसी	আ঵ৃত্তি	xawrjji	আ঵ৃত্তি	xawrjji		
frequent	frekuent	frikwent	xksr	अक्सर	फ्रीक्वेंट	অক্সর	xksr	অক্সর	xksr		
frequently	frekuently	frekwentli	bar–bar	बार–बार	फ्रेक्वेंटली	বার–বার	bar–bar	বার–বার	bar–bar		
fresh	fresh	freS	jaza	ताज़ा	फ्रेश	তাজ়া	jaza	তাজ়া	jaza		
friend	friend	frend	qosj	दोस्त	फ्रेंड	দোস্ত	qosj	দোস্ত	qosj		
friendly	friendly	frendli	qosjana	दोस्ताना	फ्रेंडली	দোস্তানা	qosjana	দোস্তানা	qosjana		
friendship	friendship	frendSip	mijrja	मित्रता	फ्रेंडशिप	মিত্রতা	mijrja	মিত্রতা	mijrja		
from	from	fram	se	से	फ्रॉम	সে	se	সে	se		
front	front	frnt	samne	सामने	फ्रंट	সামনে	samne	সামনে	samne		
fruit	fruit	frut	fl	फल	फ्रूट	ফল	fl	ফল	fl		
frustration	frustration	फ़rstreSn	niraSa	निराशा	फ़्रस्ट्रेशन	নিরাশা	niraSa	নিরাশা	niraSa		
fuel	fuel	fyul	inQn	ईंधन	फ्यूल	ঈংধন	inQn	ঈংধন	inQn		
full	full	ful	Bra vuxa	भरा हुआ	फुल	ভরা হুআ	Bra vuxa	ভরা হুআ	Bra vuxa		
fully	fully	fulli	puri jrv se	पूरी तरह से	फुल्ली	পূরী তরহ সে	puri jrv se	পূরী তরহ সে	puri jrv se		
fun	fun	fn	mza	मज़ा	फन	মজ়া	mza	মজ়া	mza		
function	function	fNkSn	smarov	समारोह	फंक्शन	সমারোহ	smarov	সমারোহ	smarov		
fund	fund	fnd	niQi	निधि	फण्ड	নিধি	niQi	নিধি	niQi		
fundamental	fundamental	fndamentl	moulik	मौलिक	फंडामेंटल	মৌলিক	moulik	মৌলিক	moulik		
funding	funding	fndiNg	wijj posn	वित्त पोषण	फंडिंग	঵িত্ত পোষণ	wijj posn	঵িত্ত পোষণ	wijj posn		
funeral	funeral	fyunrl	mxiyj	मैयत	फ्यूनरल	মৈযত	mxiyj	মৈযত	mxiyj		
funny	funny	fni	mzeqar	मज़ेदार	फनी	মজ়েদার	mzeqar	মজ়েদার	mzeqar		
furniture	furniture	frnicr	frnicr	फर्नीचर	फर्नीचर	ফর্নীচর	frnicr	ফর্নীচর	frnicr		
furthermore	furthermore	furjermore	xage	आगे	फुरतेरमोरे	আগে	xage	আগে	xage		
future	future	fyucr	Bwisy	भविष्य	फ्यूचर	ভ঵িষ্য	Bwisy	ভ঵িষ্য	Bwisy		
gain	gain	gen	bRj	बढ़त	गेन	বঢ়ত	bRj	বঢ়ত	bRj		
galaxy	galaxy	gxileksi	xakaSgNga	आकाशगंगा	गैलेक्सी	আকাশগংগা	xakaSgNga	আকাশগংগা	xakaSgNga		
gallery	gallery	gxilri	gelri	गेलरी	गैलरी	গেলরী	gelri	গেলরী	gelri		
game	game	gem	Kel	खेल	गेम	খেল	Kel	খেল	Kel		
gang	gang	gxiNg	girov	गिरोह	गैंग	গিরোহ	girov	গিরোহ	girov		
gap	gap	gxip	xnjr	अंतर	गैप	অংতর	xnjr	অংতর	xnjr		
garage	garage	geraz	graz	गराज	गेराज	গরাজ	graz	গরাজ	graz		
garden	garden	gardn	bgica	बगीचा	गार्डन	বগীচা	bgica	বগীচা	bgica		
garlic	garlic	garlik	lvsun	लहसुन	गार्लिक	লহসুন	lvsun	লহসুন	lvsun		
gas	gas	gxis	gxis	गैस	गैस	গৈস	gxis	গৈস	gxis		
gate	gate	get	qrwaza	दरवाज़ा	गेट	দর঵াজ়া	qrwaza	দর঵াজ়া	qrwaza		
gather	gather	gTr	iktTa krna	इकट्ठा करना	गठर	ইকট্ঠা করনা	iktTa krna	ইকট্ঠা করনা	iktTa krna		
gay	gay	ge	smlxiNgik	समलैंगिक	गे	সমলৈংগিক	smlxiNgik	সমলৈংগিক	smlxiNgik		
gaze	gaze	gaze	nigave	निगाहें	गाजे	নিগাহেং	nigave	নিগাহেং	nigave		
gear	gear	giyr	giyr	गियर	गियर	গিযর	giyr	গিযর	giyr		
gender	gender	zendr	liNg	लिंग	जेंडर	লিংগ	liNg	লিংগ	liNg		
gene	gene	zin	zin	जीन	जीन	জীন	zin	জীন	zin		
general	general	znrl	samany	सामान्य	जनरल	সামান্য	samany	সামান্য	samany		
generally	generally	generally	xam jour pr	आम तौर पर	गेनेराल्ल्य	আম তৌর পর	xam jour pr	আম তৌর পর	xam jour pr		
generate	generate	generaje	bnana	बनाना	गेनेराते	বনানা	bnana	বনানা	bnana		
generation	generation	znreSn	piRi	पीढ़ी	जनरेशन	পীঢ়ী	piRi	পীঢ়ী	piRi		
genetic	genetic	zenetik	zenetik	जेनेटिक	जेनेटिक	জেনেটিক	zenetik	জেনেটিক	zenetik		
gentleman	gentleman	zentlmxin	szzn	सज्जन	जेंटलमैन	সজ্জন	szzn	সজ্জন	szzn		
gently	gently	zentli	Qire	धीरे	जेंटली	ধীরে	Qire	ধীরে	Qire		
german	german	zrmn	zrmn	जर्मन	जर्मन	জর্মন	zrmn	জর্মন	zrmn		
gesture	gesture	zescr	vaw–Baw	हाव–भाव	जेस्चर	হা঵–ভা঵	vaw–Baw	হা঵–ভা঵	vaw–Baw		
get	get	get	prapj	प्राप्त	गेट	প্রাপ্ত	prapj	প্রাপ্ত	prapj		
ghost	ghost	Gost	Buj	भूत	घोस्ट	ভূত	Buj	ভূত	Buj		
giant	giant	zaynt	bvuj bRa	बहुत बड़ा	जायंट	বহুত বড়া	bvuj bRa	বহুত বড়া	bvuj bRa		
gift	gift	gift	upvar	उपहार	गिफ्ट	উপহার	upvar	উপহার	upvar		
gifted	gifted	gifted	prjiBaSali	प्रतिभाशाली	गिफ्टेड	প্রতিভাশালী	prjiBaSali	প্রতিভাশালী	prjiBaSali		
girl	girl	grl	lRki	लड़की	गर्ल	লড়কী	lRki	লড়কী	lRki		
girlfriend	girlfriend	grlfrend	qosj	दोस्त	गर्लफ्रेंड	দোস্ত	qosj	দোস্ত	qosj		
give	giwe	giw	qena	देना	गिव	দেনা	qena	দেনা	qena		
given	giwen	giwen	qiya gya	दिया गया	गिवेन	দিযা গযা	qiya gya	দিযা গযা	qiya gya		
glad	glad	glxid	prsnn	प्रसन्न	ग्लैड	প্রসন্ন	prsnn	প্রসন্ন	prsnn		
glance	glance	glans	nzr	नज़र	ग्लांस	নজ়র	nzr	নজ়র	nzr		
glass	glass	gilas	kanc	कांच	गिलास	কাংচ	kanc	কাংচ	kanc		
global	global	globl	wxiSwik	वैश्विक	ग्लोबल	঵ৈশ্঵িক	wxiSwik	঵ৈশ্঵িক	wxiSwik		
glove	glowe	glow	qsjana	दस्ताना	ग्लोव	দস্তানা	qsjana	দস্তানা	qsjana		
go	go	zo	zao	जाओ	जो	জাও	zao	জাও	zao		
goal	goal	goxal	lSy	लक्ष्य	गोआल	লক্ষ্য	lSy	লক্ষ্য	lSy		
god	god	gad	Bgwan	भगवान	गॉड	ভগ঵ান	Bgwan	ভগ঵ান	Bgwan		
gold	gold	gold	sona	सोना	गोल्ड	সোনা	sona	সোনা	sona		
golden	golden	goldn	swrn	स्वर्ण	गोल्डन	স্঵র্ণ	swrn	স্঵র্ণ	swrn		
golf	golf	golf	golf	गोल्फ़	गोल्फ	গোল্ফ়	golf	গোল্ফ়	golf		
good	good	gud	xcCa	अच्छा	गुड	অচ্ছা	xcCa	অচ্ছা	xcCa		
government	gowernment	gwrnment	srkar	सरकार	गवर्नमेंट	সরকার	srkar	সরকার	srkar		
governor	gowernor	gwrnr	razypal	राज्यपाल	गवर्नर	রাজ্যপাল	razypal	রাজ্যপাল	razypal		
grab	grab	grxib	lpkna	लपकना	ग्रैब	লপকনা	lpkna	লপকনা	lpkna		
grade	grade	gred	Sreni	श्रेणी	ग्रेड	শ্রেণী	Sreni	শ্রেণী	Sreni		
gradually	gradually	grezuxli	Qire–Qire	धीरे–धीरे	ग्रेजुअली	ধীরে–ধীরে	Qire–Qire	ধীরে–ধীরে	Qire–Qire		
graduate	graduate	grezuet	snajk	स्नातक	ग्रेजुएट	স্নাতক	snajk	স্নাতক	snajk		
grain	grain	gren	xnaz	अनाज	ग्रेन	অনাজ	xnaz	অনাজ	xnaz		
grand	grand	grxind	bRa	बड़ा	ग्रैंड	বড়া	bRa	বড়া	bRa		
grandfather	grandfather	grandfaqr	qaqa	दादा	ग्रांडफादर	দাদা	qaqa	দাদা	qaqa		
grandmother	grandmother	grxindmqr	qaqi ma	दादी मा	ग्रैंडमदर	দাদী মা	qaqi ma	দাদী মা	qaqi ma		
grant	grant	grant	qena	देना	ग्रांट	দেনা	qena	দেনা	qena		
grass	grass	gras	Gas	घास	ग्रास	ঘাস	Gas	ঘাস	Gas		
grave	grawe	grew	gmBir	गंभीर	ग्रेव	গংভীর	gmBir	গংভীর	gmBir		
gray	gray	gre	sleti	स्लेटी	ग्रे	স্লেটী	sleti	স্লেটী	sleti		
great	great	gret	mvan	महान	ग्रेट	মহান	mvan	মহান	mvan		
greatest	greatest	gretest	mvanjm	महानतम	ग्रेटेस्ट	মহানতম	mvanjm	মহানতম	mvanjm		
green	green	grin	vra	हरा	ग्रीन	হরা	vra	হরা	vra		
grocery	grocery	grosri	kirana	किराना	ग्रोसरी	কিরানা	kirana	কিরানা	kirana		
ground	ground	graund	mxiqan	मैदान	ग्राउंड	মৈদান	mxiqan	মৈদান	mxiqan		
group	group	grup	smuv	समूह	ग्रुप	সমূহ	smuv	সমূহ	smuv		
grow	grow	gro	bRna	बढ़ना	ग्रो	বঢ়না	bRna	বঢ়না	bRna		
growing	growing	groiNg	bR rvi vxi	बढ़ रही है	ग्रोइंग	বঢ় রহী হৈ	bR rvi vxi	বঢ় রহী হৈ	bR rvi vxi		
growth	growth	groJ	wrqQi	वृद्धि	ग्रोथ	঵ৃদ্ধি	wrqQi	঵ৃদ্ধি	wrqQi		
guarantee	guarantee	garnti	garnti	गारंटी	गारंटी	গারংটী	garnti	গারংটী	garnti		
guard	guard	gard	rSk	रक्षक	गार्ड	রক্ষক	rSk	রক্ষক	rSk		
guess	guess	ges	xnuman lgana	अनुमान लगाना	गेस	অনুমান লগানা	xnuman lgana	অনুমান লগানা	xnuman lgana		
guest	guest	gest	xjiJi	अतिथि	गेस्ट	অতিথি	xjiJi	অতিথি	xjiJi		
guide	guide	gaid	margqrSk	मार्गदर्शक	गाइड	মার্গদর্শক	margqrSk	মার্গদর্শক	margqrSk		
guideline	guideline	guideline	qiSanirqeS	दिशानिर्देश	गुइडेलिने	দিশানির্দেশ	qiSanirqeS	দিশানির্দেশ	qiSanirqeS		
guilty	guilty	gilti	xpraQi	अपराधी	गिलटी	অপরাধী	xpraQi	অপরাধী	xpraQi		
gun	gun	gn	bnquk	बंदूक	गन	বংদূক	bnquk	বংদূক	bnquk		
guy	guy	gae	log	लोग	गाए	লোগ	log	লোগ	log		
habit	habit	vxibit	xaqj	आदत	हैबिट	আদত	xaqj	আদত	xaqj		
habitat	habitat	vxibitxit	prakrjik was	प्राकृतिक वास	हैबिटैट	প্রাকৃতিক ঵াস	prakrjik was	প্রাকৃতিক ঵াস	prakrjik was		
hair	hair	veyr	keS	केश	हेयर	কেশ	keS	কেশ	keS		
half	half	vaf	xaQa	आधा	हाफ	আধা	xaQa	আধা	xaQa		
hall	hall	val	bRa kmra	बड़ा कमरा	हॉल	বড়া কমরা	bRa kmra	বড়া কমরা	bRa kmra		
hand	hand	vxind	vaJ	हाथ	हैंड	হাথ	vaJ	হাথ	vaJ		
handful	handful	vnqful	mutTi	मुट्ठी	हन्द्फुल	মুট্ঠী	mutTi	মুট্ঠী	mutTi		
handle	handle	vxindl	smBalna	सँभालना	हैंडल	সঁভালনা	smBalna	সঁভালনা	smBalna		
hang	hang	vxiNg	taNgna	टांगना	हैंग	টাংগনা	taNgna	টাংগনা	taNgna		
happen	happen	vxipn	vona	होना	हैपन	হোনা	vona	হোনা	vona		
happy	happy	vxippi	prsnn	प्रसन्न	हैप्पी	প্রসন্ন	prsnn	প্রসন্ন	prsnn		
hard	hard	vard	kTin	कठिन	हार्ड	কঠিন	kTin	কঠিন	kTin		
hardly	hardly	vardli	muSkil se	मुश्किल से	हार्डली	মুশ্কিল সে	muSkil se	মুশ্কিল সে	muSkil se		
hat	hat	vxit	topi	टोपी	हैट	টোপী	topi	টোপী	topi		
hate	hate	vet	nfrj krna	नफ़रत करना	हेट	নফ়রত করনা	nfrj krna	নফ়রত করনা	nfrj krna		
have	hawe	vxiwe	pas vona	पास होना	हैवे	পাস হোনা	pas vona	পাস হোনা	pas vona		
he	he	ve	wv	वह	हे	঵হ	wv	঵হ	wv		
head	head	ved	sir	सिर	हेड	সির	sir	সির	sir		
headline	headline	vxidlain	Sirsk	शीर्षक	हैडलाइन	শীর্ষক	Sirsk	শীর্ষক	Sirsk		
headquarters	headkuarters	vedkwartrs	muKyaly	मुख्यालय	हेडक्वार्टर्स	মুখ্যালয	muKyaly	মুখ্যালয	muKyaly		
health	health	velJ	swasJy	स्वास्थ्य	हेल्थ	স্঵াস্থ্য	swasJy	স্঵াস্থ্য	swasJy		
healthy	healthy	vexlJi	swsJ	स्वस्थ	हेअल्थी	স্঵স্থ	swsJ	স্঵স্থ	swsJ		
hear	hear	vexr	suno	सुनो	हेअर	সুনো	suno	সুনো	suno		
hearing	hearing	viyriNg	sunwai	सुनवाई	हियरिंग	সুন঵াঈ	sunwai	সুন঵াঈ	sunwai		
heart	heart	vart	vrqy	हृदय	हार्ट	হৃদয	vrqy	হৃদয	vrqy		
heat	heat	vit	grmi	गर्मी	हीट	গর্মী	grmi	গর্মী	grmi		
heaven	heawen	vewn	swrg	स्वर्ग	हेवन	স্঵র্গ	swrg	স্঵র্গ	swrg		
heavily	heawily	vexwily	Bari	भारी	हेअविलय	ভারী	Bari	ভারী	Bari		
heavy	heawy	vxiwi	xQik wznqar	अधिक वज़नदार	हैवी	অধিক ঵জ়নদার	xQik wznqar	অধিক ঵জ়নদার	xQik wznqar		
heel	heel	vil	eRi	एड़ी	हील	এড়ী	eRi	এড়ী	eRi		
height	height	vait	kq	कद	हाइट	কদ	kq	কদ	kq		
helicopter	helicopter	velikaptr	velikaptr	हेलीकॉप्टर	हेलीकाप्टर	হেলীক৉প্টর	velikaptr	হেলীক৉প্টর	velikaptr		
hell	hell	vell	nrk	नरक	हेलल	নরক	nrk	নরক	nrk		
hello	hello	velo	nmsje	नमस्ते	हेलो	নমস্তে	nmsje	নমস্তে	nmsje		
help	help	velp	mqq krna	मदद करना	हेल्प	মদদ করনা	mqq krna	মদদ করনা	mqq krna		
helpful	helpful	velpful	mqqgar	मददगार	हेल्पफुल	মদদগার	mqqgar	মদদগার	mqqgar		
her	her	ver	uski	उसकी	हेर	উসকী	uski	উসকী	uski		
here	here	vere	yva	यहां	हेरे	যহাং	yva	যহাং	yva		
heritage	heritage	veritez	wirasj	विरासत	हेरिटेज	঵িরাসত	wirasj	঵িরাসত	wirasj		
hero	hero	viro	nayk	नायक	हीरो	নাযক	nayk	নাযক	nayk		
herself	herself	vrselफ़	swy	स्वयं	हरसेल्फ़	স্঵যং	swy	স্঵যং	swy		
hey	hey	ve	xre	अरे	हे	অরে	xre	অরে	xre		
hi	hi	vi	nmsje	नमस्ते	ही	নমস্তে	nmsje	নমস্তে	nmsje		
hide	hide	vaid	Cipana	छिपाना	हाईड	ছিপানা	Cipana	ছিপানা	Cipana		
high	high	vai	ucc	उच्च	हाई	উচ্চ	ucc	উচ্চ	ucc		
highlight	highlight	vailait	prmuKja se qiKana	प्रमुखता से दिखाना	हाईलाइट	প্রমুখতা সে দিখানা	prmuKja se qiKana	প্রমুখতা সে দিখানা	prmuKja se qiKana		
highly	highly	vaili	xjyQik	अत्यधिक	हाइली	অত্যধিক	xjyQik	অত্যধিক	xjyQik		
highway	highway	vaiwe	vaiwe	हाइवे	हाईवे	হাই঵ে	vaiwe	হাই঵ে	vaiwe		
hill	hill	vil	pvaRi	पहाड़ी	हिल	পহাড়ী	pvaRi	পহাড়ী	pvaRi		
him	him	vim	use	उसे	हिम	উসে	use	উসে	use		
himself	himself	vimself	wv swy	वह स्वयं	हिमसेल्फ	঵হ স্঵যং	wv swy	঵হ স্঵যং	wv swy		
hip	hip	vip	kulva	कूल्हा	हिप	কূল্হা	kulva	কূল্হা	kulva		
hire	hire	vire	kiraye pr lena	किराये पर लेना	हिरे	কিরাযে পর লেনা	kiraye pr lena	কিরাযে পর লেনা	kiraye pr lena		
his	his	viz	uske	उसके	हिज	উসকে	uske	উসকে	uske		
historian	historian	vistoriyn	ijivaskar	इतिहासकार	हिस्टोरियन	ইতিহাসকার	ijivaskar	ইতিহাসকার	ijivaskar		
historic	historic	vistorik	ejivasik	ऐतिहासिक	हिस्टोरिक	ঐতিহাসিক	ejivasik	ঐতিহাসিক	ejivasik		
historical	historical	vistorikl	ejivasik	ऐतिहासिक	हिस्टोरिकल	ঐতিহাসিক	ejivasik	ঐতিহাসিক	ejivasik		
history	history	vistri	ijivas	इतिहास	हिस्ट्री	ইতিহাস	ijivas	ইতিহাস	ijivas		
hit	hit	vit	maro	मारो	हिट	মারো	maro	মারো	maro		
hold	hold	vold	pkR	पकड़	होल्ड	পকড়	pkR	পকড়	pkR		
hole	hole	vol	Ceq	छेद	होल	ছেদ	Ceq	ছেদ	Ceq		
holiday	holiday	valide	Cutti ka qin	छुट्टी का दिन	हॉलिडे	ছুট্টী কা দিন	Cutti ka qin	ছুট্টী কা দিন	Cutti ka qin		
holy	holy	vouli	pwijr	पवित्र	हौली	প঵িত্র	pwijr	প঵িত্র	pwijr		
home	home	vom	Gr	घर	होम	ঘর	Gr	ঘর	Gr		
homeless	homeless	vomles	beGr	बेघर	होमलेस	বেঘর	beGr	বেঘর	beGr		
honest	honest	aonest	imanqar	ईमानदार	ऑनेस्ट	ঈমানদার	imanqar	ঈমানদার	imanqar		
honey	honey	vni	Svq	शहद	हनी	শহদ	Svq	শহদ	Svq		
honor	honor	vanr	smman	सम्मान	हॉनर	সম্মান	smman	সম্মান	smman		
hope	hope	vop	xaSa	आशा	होप	আশা	xaSa	আশা	xaSa		
horizon	horizon	voraizn	Sijiz	क्षितिज	होराइजन	ক্ষিতিজ	Sijiz	ক্ষিতিজ	Sijiz		
horror	horror	varr	drawna	डरावना	हॉरर	ডরা঵না	drawna	ডরা঵না	drawna		
horse	horse	vars	GoRa	घोड़ा	हॉर्स	ঘোড়া	GoRa	ঘোড়া	GoRa		
hospital	hospital	vaspitl	xspjal	अस्पताल	हॉस्पिटल	অস্পতাল	xspjal	অস্পতাল	xspjal		
host	host	vost	mezban	मेज़बान	होस्ट	মেজ়বান	mezban	মেজ়বান	mezban		
hot	hot	vat	grm	गरम	हॉट	গরম	grm	গরম	grm		
hotel	hotel	votl	votl	होटल	होटल	হোটল	votl	হোটল	votl		
hour	hour	aowr	Gnta	घंटा	ऑवर	ঘংটা	Gnta	ঘংটা	Gnta		
house	house	vaus	mkan	मकान	हाउस	মকান	mkan	মকান	mkan		
household	household	vausvold	priwar	परिवार	हाउसहोल्ड	পরি঵ার	priwar	পরি঵ার	priwar		
housing	housing	vausiNg	xawas	आवास	हाउसिंग	আ঵াস	xawas	আ঵াস	xawas		
how	how	vau	kxise	कैसे	हाउ	কৈসে	kxise	কৈসে	kxise		
however	howewer	vowewer	valaNki	हालांकि	होवेवेर	হালাংকি	valaNki	হালাংকি	valaNki		
huge	huge	vuze	wiSal	विशाल	हूजे	঵িশাল	wiSal	঵িশাল	wiSal		
human	human	vyumn	manw	मानव	ह्यूमन	মান঵	manw	মান঵	manw		
humor	humor	vyumr	vasy	हास्य	ह्यूमर	হাস্য	vasy	হাস্য	vasy		
hundred	hundred	vndred	sou	सौ	हंड्रेड	সৌ	sou	সৌ	sou		
hungry	hungry	vNgri	BuKa	भूखा	हंगरी	ভূখা	BuKa	ভূখা	BuKa		
hunter	hunter	vntr	Sikari	शिकारी	हंटर	শিকারী	Sikari	শিকারী	Sikari		
hunting	hunting	vntiNg	Sikar krna	शिकार करना	हंटिंग	শিকার করনা	Sikar krna	শিকার করনা	Sikar krna		
hurt	hurt	vrt	xavj	आहत	हर्ट	আহত	xavj	আহত	xavj		
husband	husband	vsbxind	pji	पति	हस्बैंड	পতি	pji	পতি	pji		
hypothesis	hypothesis	vaipoJisis	priklpna	परिकल्पना	हाइपोथिसिस	পরিকল্পনা	priklpna	পরিকল্পনা	priklpna		
i	i	i	mxi	मैं	ी	মৈং	mxi	মৈং	mxi		
ice	ice	xais	brf	बर्फ	आइस	বর্ফ	brf	বর্ফ	brf		
idea	idea	xaidiya	wicar	विचार	आईडिया	঵িচার	wicar	঵িচার	wicar		
ideal	ideal	xaidiyl	xaqrS	आदर्श	आइडियल	আদর্শ	xaqrS	আদর্শ	xaqrS		
identification	identification	xaidentifikeSn	pvcan	पहचान	आइडेंटिफिकेशन	পহচান	pvcan	পহচান	pvcan		
identify	identify	identiफ़y	pvcanna	पहचानना	िडेंटीफ़्य	পহচাননা	pvcanna	পহচাননা	pvcanna		
identity	identity	xaidentiti	pvcan	पहचान	आइडेंटिटी	পহচান	pvcan	পহচান	pvcan		
ie	ie	ie	xrJaj	अर्थात	ीे	অর্থাত	xrJaj	অর্থাত	xrJaj		
if	if	iफ़	yqi	यदि	िफ़	যদি	yqi	যদি	yqi		
ignore	ignore	ignor	nzrxnqaz krna	नज़रअंदाज़ करना	इग्नोर	নজ়রঅংদাজ় করনা	nzrxnqaz krna	নজ়রঅংদাজ় করনা	nzrxnqaz krna		
ill	ill	ill	bimar	बीमार	इलल	বীমার	bimar	বীমার	bimar		
illegal	illegal	illigl	gxirkanuni	गैरकानूनी	इललीगल	গৈরকানূনী	gxirkanuni	গৈরকানূনী	gxirkanuni		
illness	illness	ilnes	bimari	बीमारी	इलनेस	বীমারী	bimari	বীমারী	bimari		
illustrate	illustrate	illusrje	uqavrn qekr spst krna	उदाहरण देकर स्पष्ट करना	इल्लुस्रते	উদাহরণ দেকর স্পষ্ট করনা	uqavrn qekr spst krna	উদাহরণ দেকর স্পষ্ট করনা	uqavrn qekr spst krna		
image	image	imez	Cwi	छवि	इमेज	ছ঵ি	Cwi	ছ঵ি	Cwi		
imagination	imagination	imezineSn	klpna	कल्पना	इमेजिनेशन	কল্পনা	klpna	কল্পনা	klpna		
imagine	imagine	imezin	klpna krna	कल्पना करना	इमेजिन	কল্পনা করনা	klpna krna	কল্পনা করনা	klpna krna		
immediate	immediate	imidiyet	jurnj	तुरंत	इमीडियेट	তুরংত	jurnj	তুরংত	jurnj		
immediately	immediately	immedietli	jurnj	तुरंत	इम्मेडिएटली	তুরংত	jurnj	তুরংত	jurnj		
immigrant	immigrant	imigrent	xaprwasi	आप्रवासी	इमिग्रेंट	আপ্র঵াসী	xaprwasi	আপ্র঵াসী	xaprwasi		
immigration	immigration	imigreSn	xprwasn	अप्रवासन	इमीग्रेशन	অপ্র঵াসন	xprwasn	অপ্র঵াসন	xprwasn		
impact	impact	impxikt	prBaw	प्रभाव	इम्पैक्ट	প্রভা঵	prBaw	প্রভা঵	prBaw		
implement	implement	impliment	xml me lana	अमल में लाना	इम्प्लीमेंट	অমল মেং লানা	xml me lana	অমল মেং লানা	xml me lana		
implication	implication	implikeSn	nivijarJ	निहितार्थ	इम्प्लीकेशन	নিহিতার্থ	nivijarJ	নিহিতার্থ	nivijarJ		
imply	imply	impli	mjlb	मतलब	इम्पली	মতলব	mjlb	মতলব	mjlb		
importance	importance	importens	mvjjw	महत्त्व	इम्पोर्टेंस	মহত্ত্঵	mvjjw	মহত্ত্঵	mvjjw		
important	important	importent	mvjwpurn	महत्वपूर्ण	इम्पोर्टेन्ट	মহত্঵পূর্ণ	mvjwpurn	মহত্঵পূর্ণ	mvjwpurn		
impose	impose	impose	Jopna	थोपना	इम्पोसे	থোপনা	Jopna	থোপনা	Jopna		
impossible	impossible	impasibl	xsmBw	असंभव	इम्पॉसिबल	অসংভ঵	xsmBw	অসংভ঵	xsmBw		
impress	impress	impres	prBawij krna	प्रभावित करना	इम्प्रेस	প্রভা঵িত করনা	prBawij krna	প্রভা঵িত করনা	prBawij krna		
impression	impression	imprxiSn	prBaw zmana	प्रभाव जमाना	इम्प्रैशन	প্রভা঵ জমানা	prBaw zmana	প্রভা঵ জমানা	prBaw zmana		
impressive	impressiwe	impressiwe	prBawSali	प्रभावशाली	इम्प्रेससिवे	প্রভা঵শালী	prBawSali	প্রভা঵শালী	prBawSali		
improve	improwe	impruw	suQare	सुधारें	इम्प्रूव	সুধারেং	suQare	সুধারেং	suQare		
improvement	improwement	impruwment	suQar	सुधार	इम्प्रूवमेंट	সুধার	suQar	সুধার	suQar		
in	in	in	me	में	इन	মেং	me	মেং	me		
incentive	incentiwe	insentiw	projsavn	प्रोत्साहन	इंसेंटिव	প্রোত্সাহন	projsavn	প্রোত্সাহন	projsavn		
incident	incident	insident	Gtna	घटना	इंसिडेंट	ঘটনা	Gtna	ঘটনা	Gtna		
include	include	inklude	Samil	शामिल	इन्क्लुडे	শামিল	Samil	শামিল	Samil		
including	including	inkludiNg	smej	समेत	इन्क्लूडिंग	সমেত	smej	সমেত	smej		
income	income	inkm	xay	आय	इनकम	আয	xay	আয	xay		
incorporate	incorporate	iNkarporje	Samil	शामिल	इंकॉर्पोरते	শামিল	Samil	শামিল	Samil		
increase	increase	inkris	bRojri	बढ़ोतरी	इनक्रीस	বঢ়োতরী	bRojri	বঢ়োতরী	bRojri		
increased	increased	iNkrised	bRi vui	बढ़ी हुई	इंक्रीसेड	বঢ়ী হুঈ	bRi vui	বঢ়ী হুঈ	bRi vui		
increasing	increasing	inkrexsiNg	ki bRji	की बढ़ती	इन्क्रेअसिंग	কী বঢ়তী	ki bRji	কী বঢ়তী	ki bRji		
increasingly	increasingly	inkrexsiNgly	jezi se	तेजी से	इन्क्रेअसिंगलय	তেজী সে	jezi se	তেজী সে	jezi se		
incredible	incredible	inkredibl	xwiSwsniy	अविश्वसनीय	इनक्रेडिबल	অ঵িশ্঵সনীয	xwiSwsniy	অ঵িশ্঵সনীয	xwiSwsniy		
indeed	indeed	indid	wasjw me	वास्तव में	इनडीड	঵াস্ত঵ মেং	wasjw me	঵াস্ত঵ মেং	wasjw me		
independence	independence	indipendens	xazaqi	आजादी	इंडिपेंडेंस	আজাদী	xazaqi	আজাদী	xazaqi		
independent	independent	indipendent	swjnjr	स्वतंत्र	इंडिपेंडेंट	স্঵তংত্র	swjnjr	স্঵তংত্র	swjnjr		
index	index	indeks	xnukrmnika	अनुक्रमणिका	इंडेक्स	অনুক্রমণিকা	xnukrmnika	অনুক্রমণিকা	xnukrmnika		
indian	indian	indiyn	Barjiy	भारतीय	इंडियन	ভারতীয	Barjiy	ভারতীয	Barjiy		
indicate	indicate	indiket	sNkej qena	संकेत देना	इंडीकेट	সংকেত দেনা	sNkej qena	সংকেত দেনা	sNkej qena		
indication	indication	indikeSn	sNkej	संकेत	इंडिकेशन	সংকেত	sNkej	সংকেত	sNkej		
individual	indiwidual	indiwizuxl	wykjigj	व्यक्तिगत	इंडिविजुअल	঵্যক্তিগত	wykjigj	঵্যক্তিগত	wykjigj		
industrial	industrial	indstriyl	ouqyogik	औद्योगिक	इंडस्ट्रियल	ঔদ্যোগিক	ouqyogik	ঔদ্যোগিক	ouqyogik		
industry	industry	indstri	uqyog	उद्योग	इंडस्ट्री	উদ্যোগ	uqyog	উদ্যোগ	uqyog		
infant	infant	infent	bcca	बच्चा	इन्फेंट	বচ্চা	bcca	বচ্চা	bcca		
infection	infection	infekSn	sNkrmn	संक्रमण	इन्फेक्शन	সংক্রমণ	sNkrmn	সংক্রমণ	sNkrmn		
inflation	inflation	infleSn	muqra sfiji	मुद्रा स्फ़ीति	इन्फ्लेशन	মুদ্রা স্ফ়ীতি	muqra sfiji	মুদ্রা স্ফ়ীতি	muqra sfiji		
influence	influence	influens	prBaw	प्रभाव	इन्फ्लुएंस	প্রভা঵	prBaw	প্রভা঵	prBaw		
inform	inform	infarm	bjana	बताना	इन्फॉर्म	বতানা	bjana	বতানা	bjana		
information	information	infarmeSn	zankari	जानकारी	इनफार्मेशन	জানকারী	zankari	জানকারী	zankari		
ingredient	ingredient	iNgredient	Gtk	घटक	इंग्रेडिएंट	ঘটক	Gtk	ঘটক	Gtk		
initial	initial	iniSiyl	Suruxaji	शुरुआती	इनिशियल	শুরুআতী	Suruxaji	শুরুআতী	Suruxaji		
initially	initially	inijiklli	Suru me	शुरू में	िनीतिकल्ली	শুরূ মেং	Suru me	শুরূ মেং	Suru me		
initiative	initiatiwe	iniSietiw	pvl	पहल	इनिशिएटिव	পহল	pvl	পহল	pvl		
injury	inzury	inzri	cot	चोट	इंजरी	চোট	cot	চোট	cot		
inner	inner	inr	Bijri	भीतरी	इनर	ভীতরী	Bijri	ভীতরী	Bijri		
innocent	innocent	inosent	masum	मासूम	इनोसेंट	মাসূম	masum	মাসূম	masum		
inquiry	inkuiry	inkwayri	zanc krna	जाँच करना	इन्क्वायरी	জাঁচ করনা	zanc krna	জাঁচ করনা	zanc krna		
inside	inside	insaid	xnqr	अंदर	इनसाइड	অংদর	xnqr	অংদর	xnqr		
insight	insight	insait	xnjrqrsti	अंतर्दृष्टि	इनसाइट	অংতর্দৃষ্টি	xnjrqrsti	অংতর্দৃষ্টি	xnjrqrsti		
insist	insist	insist	zor qena	ज़ोर देना	इंसिस्ट	জ়োর দেনা	zor qena	জ়োর দেনা	zor qena		
inspire	inspire	inspire	prerij krna	प्रेरित करना	इनसपिरे	প্রেরিত করনা	prerij krna	প্রেরিত করনা	prerij krna		
install	install	instal	instal	इंस्टॉल	इनस्टॉल	ইংস্ট৉ল	instal	ইংস্ট৉ল	instal		
instance	instance	instxins	uqavrn	उदाहरण	इंस्टैंस	উদাহরণ	uqavrn	উদাহরণ	uqavrn		
instead	instead	insted	bzay	बजाय	इंस्टेड	বজায	bzay	বজায	bzay		
institution	institution	instituSn	snsJan	संस्थान	इंस्टीटूशन	সংস্থান	snsJan	সংস্থান	snsJan		
institutional	institutional	instituSnl	snsJagj	संस्थागत	इंस्टीटूशनल	সংস্থাগত	snsJagj	সংস্থাগত	snsJagj		
instruction	instruction	instrkSn	xnuqeS	अनुदेश	इंस्ट्रक्शन	অনুদেশ	xnuqeS	অনুদেশ	xnuqeS		
instructor	instructor	instrktr	prSiSk	प्रशिक्षक	इंस्ट्रक्टर	প্রশিক্ষক	prSiSk	প্রশিক্ষক	prSiSk		
instrument	instrument	instrument	waqy ynjr	वाद्य यंत्र	इंस्ट्रूमेंट	঵াদ্য যংত্র	waqy ynjr	঵াদ্য যংত্র	waqy ynjr		
insurance	insurance	inSurns	bima	बीमा	इन्शुरन्स	বীমা	bima	বীমা	bima		
intellectual	intellectual	intelekcuxl	bouqQik	बौद्धिक	इंटेलेक्चुअल	বৌদ্ধিক	bouqQik	বৌদ্ধিক	bouqQik		
intelligence	intelligence	intelizens	buqQi	बुद्धि	इंटेलिजेंस	বুদ্ধি	buqQi	বুদ্ধি	buqQi		
intend	intend	intend	iraqa rKna	इरादा रखना	िंटेंड	ইরাদা রখনা	iraqa rKna	ইরাদা রখনা	iraqa rKna		
intense	intense	intens	gvn	गहन	इंटेंस	গহন	gvn	গহন	gvn		
intensity	intensity	intensiti	jiwrja	तीव्रता	इंटेंसिटी	তী঵্রতা	jiwrja	তী঵্রতা	jiwrja		
intention	intention	intenSn	iraqa	इरादा	इंटेंशन	ইরাদা	iraqa	ইরাদা	iraqa		
interaction	interaction	intrekSn	prspr kriya	परस्पर क्रिया	इंटरेक्शन	পরস্পর ক্রিযা	prspr kriya	পরস্পর ক্রিযা	prspr kriya		
interest	interest	intrest	ruci	रुचि	इंटरेस्ट	রুচি	ruci	রুচি	ruci		
interested	interested	intrested	qilcspi lene wala	दिलचस्पी लेने वाला	इंटरेस्टेड	দিলচস্পী লেনে ঵ালা	qilcspi lene wala	দিলচস্পী লেনে ঵ালা	qilcspi lene wala		
interesting	interesting	intrestiNg	qilcsp	दिलचस्प	इंटरेस्टिंग	দিলচস্প	qilcsp	দিলচস্প	qilcsp		
internal	internal	intrnl	xanjrik	आंतरिक	इंटरनल	আংতরিক	xanjrik	আংতরিক	xanjrik		
international	international	intrneSnl	xnjrrastriy	अंतरराष्ट्रीय	इंटरनेशनल	অংতররাষ্ট্রীয	xnjrrastriy	অংতররাষ্ট্রীয	xnjrrastriy		
internet	internet	intrnet	intrnet	इंटरनेट	इंटरनेट	ইংটরনেট	intrnet	ইংটরনেট	intrnet		
interpret	interpret	intrpret	wyaKya krna	व्याख्या करना	इन्टरप्रेट	঵্যাখ্যা করনা	wyaKya krna	঵্যাখ্যা করনা	wyaKya krna		
interpretation	interpretation	intrpriteSn	wyaKya	व्याख्या	इंटरप्रिटेशन	঵্যাখ্যা	wyaKya	঵্যাখ্যা	wyaKya		
intervention	interwention	intrwenSn	vsjSep	हस्तक्षेप	इंटरवेंशन	হস্তক্ষেপ	vsjSep	হস্তক্ষেপ	vsjSep		
interview	interwiew	intrwyu	saSajkar	साक्षात्कार	इंटरव्यू	সাক্ষাত্কার	saSajkar	সাক্ষাত্কার	saSajkar		
into	into	into	me	में	ईंटो	মেং	me	মেং	me		
introduce	introduce	introds	pricy qena	परिचय देना	इंट्रोडस	পরিচয দেনা	pricy qena	পরিচয দেনা	pricy qena		
introduction	introduction	introdkSn	pricy	परिचय	इंट्रोडक्शन	পরিচয	pricy	পরিচয	pricy		
invasion	inwasion	inwasio	xakrmn	आक्रमण	इनवासिओं	আক্রমণ	xakrmn	আক্রমণ	xakrmn		
invest	inweist	inwest	niweS krna	निवेश करना	इन्वेस्ट	নি঵েশ করনা	niweS krna	নি঵েশ করনা	niweS krna		
investigate	inweistigate	inwestiget	Can – bin krna	छान – बीन करना	इन्वेस्टीगेट	ছান – বীন করনা	Can – bin krna	ছান – বীন করনা	Can – bin krna		
investigation	inweistigation	inwestigeSn	zanc pRjal	जाँच पड़ताल	इन्वेस्टीगेशन	জাঁচ পড়তাল	zanc pRjal	জাঁচ পড়তাল	zanc pRjal		
investigator	inweistigator	inwestigetr	xnwesk	अन्वेषक	इन्वेस्टिगेटर	অন্঵েষক	xnwesk	অন্঵েষক	xnwesk		
investment	inweistment	inwestment	niweS	निवेश	इन्वेस्टमेंट	নি঵েশ	niweS	নি঵েশ	niweS		
investor	inweistor	inwestr	inwestr	इन्वेस्टर	इन्वेस्टर	ইন্঵েস্টর	inwestr	ইন্঵েস্টর	inwestr		
invite	inwite	inwije	xamnjrij krna	आमंत्रित करना	इन्विते	আমংত্রিত করনা	xamnjrij krna	আমংত্রিত করনা	xamnjrij krna		
involve	inwolwe	inwalw	Samil vona	शामिल होना	इन्वॉल्व	শামিল হোনা	Samil vona	শামিল হোনা	Samil vona		
involved	inwolwed	inwolweq	Samil	शामिल	इन्वोल्वेद	শামিল	Samil	শামিল	Samil		
involvement	inwolwement	inwalwment	Bagiqari	भागीदारी	इन्वॉल्वमेंट	ভাগীদারী	Bagiqari	ভাগীদারী	Bagiqari		
iraqi	iraki	iraki	irak	इराक	इराकी	ইরাক	irak	ইরাক	irak		
irish	irish	xayriS	xayriS	आयरिश	आयरिश	আযরিশ	xayriS	আযরিশ	xayriS		
iron	iron	xayrn	lova	लोहा	आयरन	লোহা	lova	লোহা	lova		
islamic	islamic	islamik	islami	इस्लामी	इस्लामिक	ইস্লামী	islami	ইস্লামী	islami		
island	island	xailxind	qwip	द्वीप	आइलैंड	দ্঵ীপ	qwip	দ্঵ীপ	qwip		
israeli	israeli	israyli	izrayl	इजरायल	इसरायली	ইজরাযল	izrayl	ইজরাযল	izrayl		
issue	issue	iSu	muqqa	मुद्दा	इशू	মুদ্দা	muqqa	মুদ্দা	muqqa		
it	it	xaiti	yv	यह	आईटी	যহ	yv	যহ	yv		
italian	italian	ijaliyn	ijalwi	इतालवी	इतालियन	ইতাল঵ী	ijalwi	ইতাল঵ী	ijalwi		
item	item	xaitm	wsju	वस्तु	आइटम	঵স্তু	wsju	঵স্তু	wsju		
its	its	ijs	iska	इसका	इतस	ইসকা	iska	ইসকা	iska		
itself	itself	itself	xpne xap	अपने आप	इटसेल्फ	অপনে আপ	xpne xap	অপনে আপ	xpne xap		
jacket	zacket	zxiket	zxiket	जैकेट	जैकेट	জৈকেট	zxiket	জৈকেট	zxiket		
jail	zail	zel	zel	जेल	जेल	জেল	zel	জেল	zel		
japanese	zapanese	zapaniz	zapani	जापानी	जापानीज	জাপানী	zapani	জাপানী	zapani		
jet	zet	zet	zet	जेट	जेट	জেট	zet	জেট	zet		
jew	zew	ziw	yvuqi	यहूदी	जीव	যহূদী	yvuqi	যহূদী	yvuqi		
jewish	zewish	zyuiS	yvuqi	यहूदी	ज्यूइश	যহূদী	yvuqi	যহূদী	yvuqi		
job	zob	zab	kam	काम	जॉब	কাম	kam	কাম	kam		
join	zoin	zwain	zoRna	जोड़ना	ज्वाइन	জোড়না	zoRna	জোড়না	zoRna		
joint	zoint	zaint	snyukj	संयुक्त	जॉइंट	সংযুক্ত	snyukj	সংযুক্ত	snyukj		
joke	zoke	zoke	mzak	मज़ाक	जोके	মজ়াক	mzak	মজ়াক	mzak		
journal	zournal	zrnl	pjrika	पत्रिका	जर्नल	পত্রিকা	pjrika	পত্রিকা	pjrika		
journalist	zournalist	zournalist	pjrkar	पत्रकार	जौर्नालिस्ट	পত্রকার	pjrkar	পত্রকার	pjrkar		
journey	zourney	zrni	sfr	सफ़र	जर्नी	সফ়র	sfr	সফ়র	sfr		
joy	zoy	zay	vrs	हर्ष	जॉय	হর্ষ	vrs	হর্ষ	vrs		
judge	zudge	zz	nyayaQiS	न्यायाधीश	जज	ন্যাযাধীশ	nyayaQiS	ন্যাযাধীশ	nyayaQiS		
judgment	zudgment	zuqgment	prly	प्रलय	जुद्ग्मेंट	প্রলয	prly	প্রলয	prly		
juice	zuice	zus	rs	रस	जूस	রস	rs	রস	rs		
jump	zump	zmp	kuqna	कूदना	जम्प	কূদনা	kuqna	কূদনা	kuqna		
junior	zunior	zuniyr	knisT	कनिष्ठ	जूनियर	কনিষ্ঠ	knisT	কনিষ্ঠ	knisT		
jury	zury	zuri	pncayj	पंचायत	जूरी	পংচাযত	pncayj	পংচাযত	pncayj		
just	zust	zst	xBi–xBi	अभी–अभी	जस्ट	অভী–অভী	xBi–xBi	অভী–অভী	xBi–xBi		
justice	zustice	zstis	nyay	न्याय	जस्टिस	ন্যায	nyay	ন্যায	nyay		
justify	zustify	zstifai	nyayocij Tvrana	न्यायोचित ठहराना	जस्टिफाई	ন্যাযোচিত ঠহরানা	nyayocij Tvrana	ন্যাযোচিত ঠহরানা	nyayocij Tvrana		
keep	keep	kip	rKna	रखना	कीप	রখনা	rKna	রখনা	rKna		
key	key	ke	caBi	चाभी	के	চাভী	caBi	চাভী	caBi		
kick	kick	kik	laj	लात	किक	লাত	laj	লাত	laj		
kid	kid	kiQ	bcca	बच्चा	किध	বচ্চা	bcca	বচ্চা	bcca		
kill	kill	kil	marna	मारना	किल	মারনা	marna	মারনা	marna		
killer	killer	kilr	vjyara	हत्यारा	किलर	হত্যারা	vjyara	হত্যারা	vjyara		
killing	killing	kiliNg	marna	मारना	किलिंग	মারনা	marna	মারনা	marna		
kind	kind	kaind	mevrban	मेहरबान	काइंड	মেহরবান	mevrban	মেহরবান	mevrban		
king	king	kiNg	raza	राजा	किंग	রাজা	raza	রাজা	raza		
kiss	kiss	kiS	cumma	चुम्मा	किश	চুম্মা	cumma	চুম্মা	cumma		
kitchen	kitchen	kicn	rsoiGr	रसोईघर	किचन	রসোঈঘর	rsoiGr	রসোঈঘর	rsoiGr		
knee	knee	kni	Gutna	घुटना	कनी	ঘুটনা	Gutna	ঘুটনা	Gutna		
knife	knife	naif	caku	चाकू	नाइफ	চাকূ	caku	চাকূ	caku		
knock	knock	nak	qsjk	दस्तक	नॉक	দস্তক	qsjk	দস্তক	qsjk		
know	know	know	zanna	जानना	क्नोव	জাননা	zanna	জাননা	zanna		
knowledge	knowledge	nalez	gyan	ज्ञान	नॉलेज	জ্ঞান	gyan	জ্ঞান	gyan		
lab	lab	lxib	pryogSala	प्रयोगशाला	लैब	প্রযোগশালা	pryogSala	প্রযোগশালা	pryogSala		
label	label	lebl	lebl	लेबल	लेबल	লেবল	lebl	লেবল	lebl		
labor	labor	lbor	Srm	श्रम	लबोर	শ্রম	Srm	শ্রম	Srm		
laboratory	laboratory	leboretri	pryogSala	प्रयोगशाला	लेबोरेटरी	প্রযোগশালা	pryogSala	প্রযোগশালা	pryogSala		
lack	lack	lॅk	kmi	कमी	लॅक	কমী	kmi	কমী	kmi		
lady	lady	ledi	mvila	महिला	लेडी	মহিলা	mvila	মহিলা	mvila		
lake	lake	lek	Zil	झील	लेक	ঝীল	Zil	ঝীল	Zil		
land	land	lxind	Bumi	भूमि	लैंड	ভূমি	Bumi	ভূমি	Bumi		
landscape	landscape	lxindskep	priqrSy	परिदृश्य	लैंडस्केप	পরিদৃশ্য	priqrSy	পরিদৃশ্য	priqrSy		
language	language	lxiNgwez	Basa: vinqi	भाषा: हिन्दी	लैंग्वेज	ভাষা: হিন্দী	Basa: vinqi	ভাষা: হিন্দী	Basa: vinqi		
lap	lap	lxip	goq	गोद	लैप	গোদ	goq	গোদ	goq		
large	large	larz	wiSal	विशाल	लार्ज	঵িশাল	wiSal	঵িশাল	wiSal		
largely	largely	lgeli	kafi vq jk	काफी हद तक	लगेली	কাফী হদ তক	kafi vq jk	কাফী হদ তক	kafi vq jk		
last	last	last	xnjim	अंतिम	लास्ट	অংতিম	xnjim	অংতিম	xnjim		
late	late	let	swrgiy	स्वर्गीय	लेट	স্঵র্গীয	swrgiy	স্঵র্গীয	swrgiy		
later	later	letr	baq me	बाद में	लेटर	বাদ মেং	baq me	বাদ মেং	baq me		
latin	latin	lxitin	lxitin	लैटिन	लैटिन	লৈটিন	lxitin	লৈটিন	lxitin		
latter	latter	ljjer	baq wala	बाद वाला	लत्तेर	বাদ ঵ালা	baq wala	বাদ ঵ালা	baq wala		
laugh	laugh	laf	vnsna	हंसना	लाफ	হংসনা	vnsna	হংসনা	vnsna		
launch	launch	lanc	prSepn	प्रक्षेपण	लांच	প্রক্ষেপণ	prSepn	প্রক্ষেপণ	prSepn		
law	law	la	kanun	कानून	लॉ	কানূন	kanun	কানূন	kanun		
lawn	lawn	lan	Gas ka mxiqan	घास का मैदान	लॉन	ঘাস কা মৈদান	Gas ka mxiqan	ঘাস কা মৈদান	Gas ka mxiqan		
lawsuit	lawsuit	lawsuit	mukqma	मुकदमा	लावसुइट	মুকদমা	mukqma	মুকদমা	mukqma		
lawyer	lawyer	layr	wkil	वकील	लॉयर	঵কীল	wkil	঵কীল	wkil		
lay	lay	le	Qul me milna	धूल में मिलना	ले	ধূল মেং মিলনা	Qul me milna	ধূল মেং মিলনা	Qul me milna		
layer	layer	leyr	prj	परत	लेयर	পরত	prj	পরত	prj		
lead	lead	lid	prmuK	प्रमुख	लीड	প্রমুখ	prmuK	প্রমুখ	prmuK		
leader	leader	lidr	neja	नेता	लीडर	নেতা	neja	নেতা	neja		
leadership	leadership	lidrSip	nejrjw	नेतृत्व	लीडरशिप	নেতৃত্঵	nejrjw	নেতৃত্঵	nejrjw		
leading	leading	lidiNg	prmuK	प्रमुख	लीडिंग	প্রমুখ	prmuK	প্রমুখ	prmuK		
leaf	leaf	lif	pjji	पत्ती	लीफ	পত্তী	pjji	পত্তী	pjji		
league	league	lig	sNG	संघ	लीग	সংঘ	sNG	সংঘ	sNG		
lean	lean	lexn	qubla	दुबला	लेअन	দুবলা	qubla	দুবলা	qubla		
learn	learn	lrn	siKna	सीखना	लर्न	সীখনা	siKna	সীখনা	siKna		
learning	learning	lrniNg	siK rva vu	सीख रहा हूँ	लर्निंग	সীখ রহা হূঁ	siK rva vu	সীখ রহা হূঁ	siK rva vu		
least	least	list	km se km	कम से कम	लीस्ट	কম সে কম	km se km	কম সে কম	km se km		
leather	leather	laTr	cmRa	चमड़ा	लाठर	চমড়া	cmRa	চমড়া	cmRa		
leave	leawe	liw	Cutti	छुट्टी	लीव	ছুট্টী	Cutti	ছুট্টী	Cutti		
left	left	left	bae	बाएं	लेफ्ट	বাএং	bae	বাএং	bae		
leg	leg	leg	taNg	टांग	लेग	টাংগ	taNg	টাংগ	taNg		
legacy	legacy	ligesi	wirasj	विरासत	लिगेसी	঵িরাসত	wirasj	঵িরাসত	wirasj		
legal	legal	ligl	kanuni	कानूनी	लीगल	কানূনী	kanuni	কানূনী	kanuni		
legend	legend	lizend	qnjkJa	दंतकथा	लीजेंड	দংতকথা	qnjkJa	দংতকথা	qnjkJa		
legislation	legislation	lezisleSn	wiQan	विधान	लेजिस्लेशन	঵িধান	wiQan	঵িধান	wiQan		
legitimate	legitimate	legijimaje	wxiQ	वैध	लेगितिमाते	঵ৈধ	wxiQ	঵ৈধ	wxiQ		
lemon	lemon	lemn	nimbu	नींबू	लेमन	নীংবূ	nimbu	নীংবূ	nimbu		
length	length	lenJ	lmbai	लंबाई	लेंथ	লংবাঈ	lmbai	লংবাঈ	lmbai		
less	less	less	km	कम	लेस्स	কম	km	কম	km		
lesson	lesson	lesn	paT	पाठ	लेसन	পাঠ	paT	পাঠ	paT		
let	let	let	vone qena	होने देना	लेट	হোনে দেনা	vone qena	হোনে দেনা	vone qena		
letter	letter	letr	pjr	पत्र	लेटर	পত্র	pjr	পত্র	pjr		
level	lewel	lewl	sjr	स्तर	लेवल	স্তর	sjr	স্তর	sjr		
liberal	liberal	librl	uqarwaqi	उदारवादी	लिबरल	উদার঵াদী	uqarwaqi	উদার঵াদী	uqarwaqi		
library	library	laibreri	pusjkaly	पुस्तकालय	लाइब्रेरी	পুস্তকালয	pusjkaly	পুস্তকালয	pusjkaly		
license	license	laisens	laisens	लाइसेंस	लाइसेंस	লাইসেংস	laisens	লাইসেংস	laisens		
lie	lie	lie	let zana	लेट जाना	लिए	লেট জানা	let zana	লেট জানা	let zana		
life	life	laif	zinqgi	जिंदगी	लाइफ	জিংদগী	zinqgi	জিংদগী	zinqgi		
lifestyle	lifestyle	laifstail	ziwn Sxili	जीवन शैली	लाइफस्टाइल	জী঵ন শৈলী	ziwn Sxili	জী঵ন শৈলী	ziwn Sxili		
lifetime	lifetime	laiftaim	ziwn kal	जीवन काल	लाइफटाइम	জী঵ন কাল	ziwn kal	জী঵ন কাল	ziwn kal		
lift	lift	lift	uTana	उठाना	लिफ्ट	উঠানা	uTana	উঠানা	uTana		
light	light	lait	roSni	रोशनी	लाइट	রোশনী	roSni	রোশনী	roSni		
like	like	liKe	psnq krna	पसंद करना	लिखे	পসংদ করনা	psnq krna	পসংদ করনা	psnq krna		
likely	likely	likely	smBawij	संभावित	लिकेल्य	সংভা঵িত	smBawij	সংভা঵িত	smBawij		
limit	limit	limit	sima	सीमा	लिमिट	সীমা	sima	সীমা	sima		
limitation	limitation	limiteSn	prisimn	परिसीमन	लिमिटेशन	পরিসীমন	prisimn	পরিসীমন	prisimn		
limited	limited	limited	simij	सीमित	लिमिटेड	সীমিত	simij	সীমিত	simij		
line	line	lain	reKa	रेखा	लाइन	রেখা	reKa	রেখা	reKa		
link	link	liNk	smprk	संपर्क	लिंक	সংপর্ক	smprk	সংপর্ক	smprk		
lip	lip	lip	onT	ओंठ	लिप	ওংঠ	onT	ওংঠ	onT		
list	list	list	suci	सूची	लिस्ट	সূচী	suci	সূচী	suci		
listen	listen	lisen	sunna	सुनना	लिसेन	সুননা	sunna	সুননা	sunna		
literally	literally	literally	wsjuj:	वस्तुत:	लिटेराल्ल्य	঵স্তুত:	wsjuj:	঵স্তুত:	wsjuj:		
literary	literary	litreri	savijyik	साहित्यिक	लिटरेरी	সাহিত্যিক	savijyik	সাহিত্যিক	savijyik		
literature	literature	litrecr	savijy	साहित्य	लिटरेचर	সাহিত্য	savijy	সাহিত্য	savijy		
little	little	litil	JoRa	थोड़ा	लिटिल	থোড়া	JoRa	থোড়া	JoRa		
live	liwe	laiw	laiw	लाइव	लाइव	লাই঵	laiw	লাই঵	laiw		
living	liwing	liwiNg	ziwika	जीविका	लिविंग	জী঵িকা	ziwika	জী঵িকা	ziwika		
load	load	lod	Bar	भार	लोड	ভার	Bar	ভার	Bar		
loan	loan	lon	rirn	ऋृण	लोन	ঋৃণ	rirn	ঋৃণ	rirn		
local	local	lokl	sJaniy	स्थानीय	लोकल	স্থানীয	sJaniy	স্থানীয	sJaniy		
locate	locate	loket	ka pja lgane	का पता लगाने	लोकेट	কা পতা লগানে	ka pja lgane	কা পতা লগানে	ka pja lgane		
location	location	lokeSn	sJan	स्थान	लोकेशन	স্থান	sJan	স্থান	sJan		
lock	lock	lak	jala	ताला	लॉक	তালা	jala	তালা	jala		
long	long	lang	lmba	लंबा	लॉन्ग	লংবা	lmba	লংবা	lmba		
long-term	long-term	lang-trm	qirGkalik	दीर्घकालिक	लॉन्ग-टर्म	দীর্ঘকালিক	qirGkalik	দীর্ঘকালিক	qirGkalik		
look	look	luk	qeKna	देखना	लुक	দেখনা	qeKna	দেখনা	qeKna		
loose	loose	luse	Dila	ढीला	लूसे	ঢীলা	Dila	ঢীলা	Dila		
lose	lose	luज़	Kona	खोना	लूज़	খোনা	Kona	খোনা	Kona		
loss	loss	loss	vani	हानि	लोस्स	হানি	vani	হানি	vani		
lost	lost	last	gum vo gya	गुम हो गया	लॉस्ट	গুম হো গযা	gum vo gya	গুম হো গযা	gum vo gya		
lot	lot	lot	bvuj	बहुत	लोट	বহুত	bvuj	বহুত	bvuj		
lots	lots	lats	bvuj sare	बहुत सारे	लॉट्स	বহুত সারে	bvuj sare	বহুত সারে	bvuj sare		
loud	loud	laud	unca swr	ऊँचा स्वर	लाउड	ঊঁচা স্঵র	unca swr	ঊঁচা স্঵র	unca swr		
love	lowe	lw	pyar	प्यार	लव	প্যার	pyar	প্যার	pyar		
lovely	lowely	lwli	pyara	प्यारा	लवली	প্যারা	pyara	প্যারা	pyara		
lover	lwxr	lwr	prem krnewala	प्रेम करनेवाला	लवर	প্রেম করনে঵ালা	prem krnewala	প্রেম করনে঵ালা	prem krnewala		
low	low	lou	km	कम	लौ	কম	km	কম	km		
lower	lower	loxr	nicla	निचला	लोअर	নিচলা	nicla	নিচলা	nicla		
luck	luck	lk	Bagy	भाग्य	लक	ভাগ্য	Bagy	ভাগ্য	Bagy		
lucky	lucky	lki	BagySali	भाग्यशाली	लकी	ভাগ্যশালী	BagySali	ভাগ্যশালী	BagySali		
lunch	lunch	lnc	qopvr ka Bozn	दोपहर का भोजन	लंच	দোপহর কা ভোজন	qopvr ka Bozn	দোপহর কা ভোজন	qopvr ka Bozn		
lung	lung	lNg	fefRa	फेफड़ा	लंग	ফেফড়া	fefRa	ফেফড়া	fefRa		
machine	machine	mSin	mSin	मशीन	मशीन	মশীন	mSin	মশীন	mSin		
mad	mad	maQ	pagl	पागल	माध	পাগল	pagl	পাগল	pagl		
magazine	magazine	mxigज़in	pjrika	पत्रिका	मैगज़ीन	পত্রিকা	pjrika	পত্রিকা	pjrika		
mail	mail	mel	mel	मेल	मेल	মেল	mel	মেল	mel		
main	main	mxi	muKy	मुख्य	मैं	মুখ্য	muKy	মুখ্য	muKy		
mainly	mainly	mxinli	me muKy	में मुख्य	मैनली	মেং মুখ্য	me muKy	মেং মুখ্য	me muKy		
maintain	maintain	menten	bnae rKna	बनाए रखना	मेन्टेन	বনাএ রখনা	bnae rKna	বনাএ রখনা	bnae rKna		
maintenance	maintenance	mentenens	Brn posn	भरण पोषण	मेंटेनेंस	ভরণ পোষণ	Brn posn	ভরণ পোষণ	Brn posn		
major	mazor	mezr	mezr	मेजर	मेजर	মেজর	mezr	মেজর	mezr		
majority	mazority	mezoriti	bvulja	बहुलता	मेजोरिटी	বহুলতা	bvulja	বহুলতা	bvulja		
make	make	mek	bnana	बनाना	मेक	বনানা	bnana	বনানা	bnana		
maker	maker	mekr	nirmaja	निर्माता	मेकर	নির্মাতা	nirmaja	নির্মাতা	nirmaja		
makeup	makeup	mekxp	pura krna	पूरा करना	मेकअप	পূরা করনা	pura krna	পূরা করনা	pura krna		
male	male	mel	nr	नर	मेल	নর	nr	নর	nr		
mall	mall	mal	mal	मॉल	मॉल	ম৉ল	mal	ম৉ল	mal		
man	man	mn	xaqmi	आदमी	मन	আদমী	xaqmi	আদমী	xaqmi		
manage	manage	mxinez	prbnQij krna	प्रबंधित करना	मैनेज	প্রবংধিত করনা	prbnQij krna	প্রবংধিত করনা	prbnQij krna		
management	management	mxinezment	prbnQn	प्रबंधन	मैनेजमेंट	প্রবংধন	prbnQn	প্রবংধন	prbnQn		
manager	manager	mxinezr	prbnQk	प्रबंधक	मैनेजर	প্রবংধক	prbnQk	প্রবংধক	prbnQk		
manner	manner	mnner	jour–jrika	तौर–तरीका	मन्नेर	তৌর–তরীকা	jour–jrika	তৌর–তরীকা	jour–jrika		
manufacturer	manufacturer	mxinyufxikcrr	ujpaqk	उत्पादक	मैन्युफैक्चरर	উত্পাদক	ujpaqk	উত্পাদক	ujpaqk		
manufacturing	manufacturing	mxinyufxikcriNg	ujpaqn	उत्पादन	मैन्युफैक्चरिंग	উত্পাদন	ujpaqn	উত্পাদন	ujpaqn		
many	many	many	bvuj sa	बहुत सा	मान्य	বহুত সা	bvuj sa	বহুত সা	bvuj sa		
map	map	mxip	nkSa	नक्शा	मैप	নক্শা	nkSa	নক্শা	nkSa		
margin	margin	marzin	xnjr	अंतर	मार्जिन	অংতর	xnjr	অংতর	xnjr		
mark	mark	mark	niSan	निशान	मार्क	নিশান	niSan	নিশান	niSan		
market	market	markit	mndi	मंडी	मार्किट	মংডী	mndi	মংডী	mndi		
marketing	marketing	marketiNg	wipnn	विपणन	मार्केटिंग	঵িপণন	wipnn	঵িপণন	wipnn		
marriage	marriage	mxiriz	wiwav	विवाह	मैरिज	঵ি঵াহ	wiwav	঵ি঵াহ	wiwav		
married	married	mxirid	wiwavij	विवाहित	मैरिड	঵ি঵াহিত	wiwavij	঵ি঵াহিত	wiwavij		
marry	marry	mrri	Saqi kr	शादी कर	मर्री	শাদী কর	Saqi kr	শাদী কর	Saqi kr		
mask	mask	mask	muKouta	मुखौटा	मास्क	মুখৌটা	muKouta	মুখৌটা	muKouta		
mass	mass	mass	qrwyman	द्रव्यमान	मास्स	দ্র঵্যমান	qrwyman	দ্র঵্যমান	qrwyman		
massive	massiwe	mxisiw	bRa	बड़ा	मैसिव	বড়া	bRa	বড়া	bRa		
master	master	mastr	malik	मालिक	मास्टर	মালিক	malik	মালিক	malik		
match	match	mxic	milan	मिलान	मैच	মিলান	milan	মিলান	milan		
material	material	mteriyl	samgri	सामग्री	मटेरियल	সামগ্রী	samgri	সামগ্রী	samgri		
math	math	mxiJ	gnij	गणित	मैथ	গণিত	gnij	গণিত	gnij		
matter	matter	mtr	mamla	मामला	मटर	মামলা	mamla	মামলা	mamla		
may	may	myi	myi	मई	मई	মঈ	myi	মঈ	myi		
maybe	maybe	mybe	Sayq	शायद	मय्बे	শাযদ	Sayq	শাযদ	Sayq		
mayor	mayor	meyr	mvapour	महापौर	मेयर	মহাপৌর	mvapour	মহাপৌর	mvapour		
me	me	me	muZe	मुझे	में	মুঝে	muZe	মুঝে	muZe		
meal	meal	mil	Bozn	भोजन	मील	ভোজন	Bozn	ভোজন	Bozn		
mean	mean	mxi	xrJ	अर्थ	मैं	অর্থ	xrJ	অর্থ	xrJ		
meaning	meaning	miniNg	xrJ	अर्थ	मीनिंग	অর্থ	xrJ	অর্থ	xrJ		
meanwhile	meanwhile	mxinwvile	is qouran	इस दौरान	मैंवहीले	ইস দৌরান	is qouran	ইস দৌরান	is qouran		
measure	measure	mxisur	mapna	मापना	मैसूर	মাপনা	mapna	মাপনা	mapna		
measurement	measurement	meज़rment	map	माप	मेज़रमेंट	মাপ	map	মাপ	map		
meat	meat	mit	mans	मांस	मीट	মাংস	mans	মাংস	mans		
mechanism	mechanism	mxikenizm	jnjr	तंत्र	मैकेनिज्म	তংত্র	jnjr	তংত্র	jnjr		
media	media	midiya	midiya	मीडिया	मीडिया	মীডিযা	midiya	মীডিযা	midiya		
medical	medical	medikl	cikijsa	चिकित्सा	मेडिकल	চিকিত্সা	cikijsa	চিকিত্সা	cikijsa		
medication	medication	medikeSn	qwai	दवाई	मेडिकेशन	দ঵াঈ	qwai	দ঵াঈ	qwai		
medicine	medicine	medisin	qwa	दवा	मेडिसिन	দ঵া	qwa	দ঵া	qwa		
medium	medium	mQym	mQym	मध्यम	मध्यम	মধ্যম	mQym	মধ্যম	mQym		
meet	meet	mit	milna	मिलना	मीट	মিলনা	milna	মিলনা	milna		
meeting	meeting	mitiNg	bxiTk	बैठक	मीटिंग	বৈঠক	bxiTk	বৈঠক	bxiTk		
member	member	membr	sqsy	सदस्य	मेंबर	সদস্য	sqsy	সদস্য	sqsy		
membership	membership	membrSip	sqsyja	सदस्यता	मेम्बरशिप	সদস্যতা	sqsyja	সদস্যতা	sqsyja		
memory	memory	memori	smrji	स्मृति	मेमोरी	স্মৃতি	smrji	স্মৃতি	smrji		
mental	mental	mentl	mansik	मानसिक	मेन्टल	মানসিক	mansik	মানসিক	mansik		
mention	mention	menSn	ulleK	उल्लेख	मेंशन	উল্লেখ	ulleK	উল্লেখ	ulleK		
menu	menu	menu	menyu	मेन्यू	मेनू	মেন্যূ	menyu	মেন্যূ	menyu		
mere	mere	mere	majr	मात्र	मेरे	মাত্র	majr	মাত্র	majr		
merely	merely	merely	sirf	सिर्फ़	मेरेल्य	সির্ফ়	sirf	সির্ফ়	sirf		
mess	mess	mes	gRbR	गड़बड़	मेस	গড়বড়	gRbR	গড়বড়	gRbR		
message	message	mxisez	snqeS	संदेश	मैसेज	সংদেশ	snqeS	সংদেশ	snqeS		
metal	metal	metl	Qaju	धातु	मेटल	ধাতু	Qaju	ধাতু	Qaju		
meter	meter	mitr	mitr	मीटर	मीटर	মীটর	mitr	মীটর	mitr		
method	method	meJd	jrika	तरीका	मेथड	তরীকা	jrika	তরীকা	jrika		
mexican	mexican	meksikn	mxiksikn	मैक्सिकन	मेक्सिकन	মৈক্সিকন	mxiksikn	মৈক্সিকন	mxiksikn		
middle	middle	midil	mQym	मध्यम	मिडिल	মধ্যম	mQym	মধ্যম	mQym		
might	might	migvj	jakj	ताकत	मिगहत	তাকত	jakj	তাকত	jakj		
military	military	militri	sxiny	सैन्य	मिलिट्री	সৈন্য	sxiny	সৈন্য	sxiny		
milk	milk	milk	quQ	दूध	मिल्क	দূধ	quQ	দূধ	quQ		
million	million	miliyn	qs laK	दस लाख	मिलियन	দস লাখ	qs laK	দস লাখ	qs laK		
mind	mind	mnq	mn	मन	मंद	মন	mn	মন	mn		
mine	mine	main	mera	मेरा	माइन	মেরা	mera	মেরা	mera		
minister	minister	ministr	mnjri	मंत्री	मिनिस्टर	মংত্রী	mnjri	মংত্রী	mnjri		
minor	minor	mainr	nabalig	नाबालिग	माइनर	নাবালিগ	nabalig	নাবালিগ	nabalig		
minority	minority	mainariti	xlpsNKyk	अल्पसंख्यक	माइनॉरिटी	অল্পসংখ্যক	xlpsNKyk	অল্পসংখ্যক	xlpsNKyk		
minute	minute	mint	mint	मिनट	मिनट	মিনট	mint	মিনট	mint		
miracle	miracle	mirekl	cmjkar	चमत्कार	मिरेकल	চমত্কার	cmjkar	চমত্কার	cmjkar		
mirror	mirror	mirr	qrpn	दर्पण	मिरर	দর্পণ	qrpn	দর্পণ	qrpn		
miss	miss	mis	kumari	कुमारी	मिस	কুমারী	kumari	কুমারী	kumari		
missile	missile	misail	misail	मिसाइल	मिसाइल	মিসাইল	misail	মিসাইল	misail		
mission	mission	miSn	miSn	मिशन	मिशन	মিশন	miSn	মিশন	miSn		
mistake	mistake	mistek	glji	गलती	मिस्टेक	গলতী	glji	গলতী	glji		
mix	mix	miks	miks	मिक्स	मिक्स	মিক্স	miks	মিক্স	miks		
mixture	mixture	mikscr	miSrn	मिश्रण	मिक्सचर	মিশ্রণ	miSrn	মিশ্রণ	miSrn		
mm-hmm	mm-hmm	mm-vmm	mimi–vmm	मिमी–हम्म	मम-हम्म	মিমী–হম্ম	mimi–vmm	মিমী–হম্ম	mimi–vmm		
mode	mode	mod	jrika	तरीका	मोड	তরীকা	jrika	তরীকা	jrika		
model	model	madl	nmuna	नमूना	मॉडल	নমূনা	nmuna	নমূনা	nmuna		
moderate	moderate	madret	snjulij	संतुलित	मॉडरेट	সংতুলিত	snjulij	সংতুলিত	snjulij		
modern	modern	madrn	xaQunik	आधुनिक	मॉडर्न	আধুনিক	xaQunik	আধুনিক	xaQunik		
modest	modest	madest	mamuli	मामूली	मॉडेस्ट	মামূলী	mamuli	মামূলী	mamuli		
mom	mom	ma	ma	मां	माँ	মাং	ma	মাং	ma		
moment	moment	moment	pl	पल	मोमेंट	পল	pl	পল	pl		
money	money	mni	pxise	पैसे	मनी	পৈসে	pxise	পৈসে	pxise		
monitor	monitor	manitr	nigrani krna	निगरानी करना	मॉनिटर	নিগরানী করনা	nigrani krna	নিগরানী করনা	nigrani krna		
month	month	mnJ	mvina	महीना	मंथ	মহীনা	mvina	মহীনা	mvina		
mood	mood	mud	mnoqSa	मनोदशा	मूड	মনোদশা	mnoqSa	মনোদশা	mnoqSa		
moon	moon	mun	canq	चांद	मून	চাংদ	canq	চাংদ	canq		
moral	moral	morl	nxijik	नैतिक	मोरल	নৈতিক	nxijik	নৈতিক	nxijik		
more	more	more	xQik	अधिक	मोरे	অধিক	xQik	অধিক	xQik		
moreover	moreower	morewr	iske xjirikj	इसके अतिरिक्त	मोरेवर	ইসকে অতিরিক্ত	iske xjirikj	ইসকে অতিরিক্ত	iske xjirikj		
morning	morning	marniNg	prBaj	प्रभात	मॉर्निंग	প্রভাত	prBaj	প্রভাত	prBaj		
mortgage	mortgage	margez	girwi rKna	गिरवी रखना	मॉर्गेज	গির঵ী রখনা	girwi rKna	গির঵ী রখনা	girwi rKna		
most	most	most	xQikanS	अधिकांश	मोस्ट	অধিকাংশ	xQikanS	অধিকাংশ	xQikanS		
mostly	mostly	mostli	xQikjr	अधिकतर	मोस्टली	অধিকতর	xQikjr	অধিকতর	xQikjr		
mother	mother	mqr	ma	मां	मदर	মাং	ma	মাং	ma		
motion	motion	moSn	gji	गति	मोशन	গতি	gji	গতি	gji		
motivation	motiwation	motiweSn	prerna	प्रेरणा	मोटिवेशन	প্রেরণা	prerna	প্রেরণা	prerna		
motor	motor	motr	motr	मोटर	मोटर	মোটর	motr	মোটর	motr		
mount	mount	maunt	prwj	पर्वत	माउंट	পর্঵ত	prwj	পর্঵ত	prwj		
mountain	mountain	maunten	pvaR	पहाड़	माउंटेन	পহাড়	pvaR	পহাড়	pvaR		
mouse	mouse	maus	cuva	चूहा	माउस	চূহা	cuva	চূহা	cuva		
mouth	mouth	mauJ	munv	मुँह	माउथ	মুঁহ	munv	মুঁহ	munv		
move	mowe	muw	kqm	कदम	मूव	কদম	kqm	কদম	kqm		
movement	mowement	muwment	gji	गति	मूवमेंट	গতি	gji	গতি	gji		
movie	mowie	muwi	clcijr	चलचित्र	मूवी	চলচিত্র	clcijr	চলচিত্র	clcijr		
mr	mr	mr	Sri	श्री	मर	শ্রী	Sri	শ্রী	Sri		
mrs	mrs	mrs	Srimji	श्रीमती	मरस	শ্রীমতী	Srimji	শ্রীমতী	Srimji		
ms	ms	ms	emyes	एमएस	मस	এমএস	emyes	এমএস	emyes		
much	much	mc	xQikja	अधिकता	मच	অধিকতা	xQikja	অধিকতা	xQikja		
multiple	multiple	mltipl	wiBinn	विभिन्न	मल्टीप्ल	঵িভিন্ন	wiBinn	঵িভিন্ন	wiBinn		
murder	murder	mrdr	vjya	हत्या	मर्डर	হত্যা	vjya	হত্যা	vjya		
muscle	muscle	muskle	manspeSi	मांसपेशी	मुस्कले	মাংসপেশী	manspeSi	মাংসপেশী	manspeSi		
museum	museum	myuziym	sNgrvaly	संग्रहालय	म्यूजियम	সংগ্রহালয	sNgrvaly	সংগ্রহালয	sNgrvaly		
music	music	myuzik	sNgij	संगीत	म्यूजिक	সংগীত	sNgij	সংগীত	sNgij		
musical	musical	myuzikl	sNgij	संगीत	म्यूजिकल	সংগীত	sNgij	সংগীত	sNgij		
musician	musician	myuziSiyn	sNgijkar	संगीतकार	म्यूजिशियन	সংগীতকার	sNgijkar	সংগীতকার	sNgijkar		
muslim	muslim	muslim	muslman	मुसलमान	मुस्लिम	মুসলমান	muslman	মুসলমান	muslman		
must	must	mst	zruri	ज़रूरी	मस्ट	জ়রূরী	zruri	জ়রূরী	zruri		
mutual	mutual	myucyuxl	prspr	परस्पर	म्यूच्यूअल	পরস্পর	prspr	পরস্পর	prspr		
my	my	may	mere	मेरे	माय	মেরে	mere	মেরে	mere		
myself	myself	maiself	Kuq	खुद	माइसेल्फ	খুদ	Kuq	খুদ	Kuq		
mystery	mystery	mistri	rvsy	रहस्य	मिस्ट्री	রহস্য	rvsy	রহস্য	rvsy		
myth	myth	miJ	klpij kJa	कल्पित कथा	मिथ	কল্পিত কথা	klpij kJa	কল্পিত কথা	klpij kJa		
naked	naked	neked	nNga	नंगा	नेकेड	নংগা	nNga	নংগা	nNga		
name	name	nam	nam	नाम	नाम	নাম	nam	নাম	nam		
narrative	narratiwe	nxiretiw	kJa	कथा	नैरेटिव	কথা	kJa	কথা	kJa		
narrow	narrow	nxiro	sNkirn	संकीर्ण	नैरो	সংকীর্ণ	sNkirn	সংকীর্ণ	sNkirn		
nation	nation	neSn	rastr	राष्ट्र	नेशन	রাষ্ট্র	rastr	রাষ্ট্র	rastr		
national	national	neSnl	rastriy	राष्ट्रीय	नेशनल	রাষ্ট্রীয	rastriy	রাষ্ট্রীয	rastriy		
native	natiwe	netiw	qeSi	देशी	नेटिव	দেশী	qeSi	দেশী	qeSi		
natural	natural	necurl	prakrjik	प्राकृतिक	नेचुरल	প্রাকৃতিক	prakrjik	প্রাকৃতিক	prakrjik		
naturally	naturally	nxicurli	svz rup me	सहज रूप में	नैचुरली	সহজ রূপ মেং	svz rup me	সহজ রূপ মেং	svz rup me		
nature	nature	necr	prkrji	प्रकृति	नेचर	প্রকৃতি	prkrji	প্রকৃতি	prkrji		
near	near	niyr	pas	पास	नियर	পাস	pas	পাস	pas		
nearby	nearby	nexrbi	xas–pas	आस–पास	नेअर्बी	আস–পাস	xas–pas	আস–পাস	xas–pas		
nearly	nearly	nexrly	lgBg	लगभग	नेअर्ल्य	লগভগ	lgBg	লগভগ	lgBg		
necessarily	necessarily	nesessrily	xawSyk rup se	आवश्यक रूप से	नेसेस्सरिलय	আ঵শ্যক রূপ সে	xawSyk rup se	আ঵শ্যক রূপ সে	xawSyk rup se		
necessary	necessary	nesesri	zruri	ज़रूरी	नेसेसरी	জ়রূরী	zruri	জ়রূরী	zruri		
neck	neck	nxik	grqn	गरदन	नैक	গরদন	grqn	গরদন	grqn		
need	need	nid	zrurj	जरुरत	नीड	জরুরত	zrurj	জরুরত	zrurj		
negative	negatiwe	negetiw	nkarajmk	नकारात्मक	नेगेटिव	নকারাত্মক	nkarajmk	নকারাত্মক	nkarajmk		
negotiate	negotiate	nigoSiet	mol–Baw krna	मोल–भाव करना	निगोशिएट	মোল–ভা঵ করনা	mol–Baw krna	মোল–ভা঵ করনা	mol–Baw krna		
negotiation	negotiation	negotieSn	bajcij	बातचीत	नेगोटिएशन	বাতচীত	bajcij	বাতচীত	bajcij		
neighbor	neighbor	nebr	pRosi	पड़ोसी	नेबर	পড়োসী	pRosi	পড়োসী	pRosi		
neighborhood	neighborhood	nebrvud	xRos–pRos	अड़ोस–पड़ोस	नेबरहुड	অড়োস–পড়োস	xRos–pRos	অড়োস–পড়োস	xRos–pRos		
neither	neither	niJr	n	न	निथर	ন	n	ন	n		
nerve	nerwe	nrw	ns	नस	नर्व	নস	ns	নস	ns		
nervous	nerwous	nrws	be cxi n	बे चै न	नर्वस	বে চৈ ন	be cxi n	বে চৈ ন	be cxi n		
net	net	net	zal	जाल	नेट	জাল	zal	জাল	zal		
network	network	netwrk	netwrk	नेटवर्क	नेटवर्क	নেট঵র্ক	netwrk	নেট঵র্ক	netwrk		
never	nxwxr	newr	kBi nvi	कभी नहीँ	नेवर	কভী নহীঁ	kBi nvi	কভী নহীঁ	kBi nvi		
nevertheless	nxwxrtheless	newrJeles	fir Bi	फिर भी	नेवरथेलेस	ফির ভী	fir Bi	ফির ভী	fir Bi		
new	new	nyi	nya	नया	नई	নযা	nya	নযা	nya		
newly	newly	newli	nye nye	नए नए	नेवली	নএ নএ	nye nye	নএ নএ	nye nye		
news	news	nyuज़	smacar	समाचार	न्यूज़	সমাচার	smacar	সমাচার	smacar		
newspaper	newspaper	newspper	xKbar	अखबार	नेवसपपेर	অখবার	xKbar	অখবার	xKbar		
next	next	nekst	xgla	अगला	नेक्स्ट	অগলা	xgla	অগলা	xgla		
nice	nice	nis	xcCa	अच्छा	नीस	অচ্ছা	xcCa	অচ্ছা	xcCa		
night	night	nait	raj	रात	नाईट	রাত	raj	রাত	raj		
nine	nine	nain	nou	नौ	नाइन	নৌ	nou	নৌ	nou		
no	no	no	nvi	नहीं	नो	নহীং	nvi	নহীং	nvi		
nobody	nobody	nobdi	koi nvi	कोई नहीं	नोबडी	কোঈ নহীং	koi nvi	কোঈ নহীং	koi nvi		
nod	nod	noq	sir vilakr svmji qena	सिर हिलाकर सहमति देना	नोद	সির হিলাকর সহমতি দেনা	sir vilakr svmji qena	সির হিলাকর সহমতি দেনা	sir vilakr svmji qena		
noise	noise	naiज़	Sor	शोर	नॉइज़	শোর	Sor	শোর	Sor		
nomination	nomination	namineSn	namaNkn	नामांकन	नॉमिनेशन	নামাংকন	namaNkn	নামাংকন	namaNkn		
none	none	none	koi Bi nvi	कोई भी नहीं	नोने	কোঈ ভী নহীং	koi Bi nvi	কোঈ ভী নহীং	koi Bi nvi		
nonetheless	nonetheless	noneJles	bvrval	बहरहाल	नोनेथलेस	বহরহাল	bvrval	বহরহাল	bvrval		
nor	nor	nar	n	न	नार	ন	n	ন	n		
normal	normal	narml	samany	सामान्य	नार्मल	সামান্য	samany	সামান্য	samany		
normally	normally	normlli	samany rup se	सामान्य रूप से	नोर्मल्ली	সামান্য রূপ সে	samany rup se	সামান্য রূপ সে	samany rup se		
north	north	narJ	ujjr	उत्तर	नार्थ	উত্তর	ujjr	উত্তর	ujjr		
northern	northern	narJern	ujjri	उत्तरी	नॉर्थेर्न	উত্তরী	ujjri	উত্তরী	ujjri		
nose	nose	noz	nak	नाक	नोज	নাক	nak	নাক	nak		
not	not	nat	nvi	नहीं	नॉट	নহীং	nvi	নহীং	nvi		
note	note	not	tippni	टिप्पणी	नोट	টিপ্পণী	tippni	টিপ্পণী	tippni		
nothing	nothing	nJiNg	kuC nvi	कुछ नहीं	नथिंग	কুছ নহীং	kuC nvi	কুছ নহীং	kuC nvi		
notice	notice	notis	sucna	सूचना	नोटिस	সূচনা	sucna	সূচনা	sucna		
notion	notion	noSn	Qarna	धारणा	नोशन	ধারণা	Qarna	ধারণা	Qarna		
novel	nowel	nawel	upnyas	उपन्यास	नावेल	উপন্যাস	upnyas	উপন্যাস	upnyas		
now	now	nau	xBi w	अभी व	नाउ	অভী ঵	xBi w	অভী ঵	xBi w		
nowhere	nowhere	noweyr	kvi Bi nvi	कहीं भी नहीं	नोवेयर	কহীং ভী নহীং	kvi Bi nvi	কহীং ভী নহীং	kvi Bi nvi		
n’t	n’t	n’ti	nvi	नहीं	न’टी	নহীং	nvi	নহীং	nvi		
nuclear	nuclear	nuklexr	naBikiy	नाभिकीय	नुक्लेअर	নাভিকীয	naBikiy	নাভিকীয	naBikiy		
number	number	nmbr	sNKya	संख्या	नंबर	সংখ্যা	sNKya	সংখ্যা	sNKya		
numerous	numerous	numerous	bvuj	बहुत	नुमेरौस	বহুত	bvuj	বহুত	bvuj		
nurse	nurse	nrs	qeKBal krna	देखभाल करना	नर्स	দেখভাল করনা	qeKBal krna	দেখভাল করনা	qeKBal krna		
nut	nut	nuj	kRe Cilke wala fl	कड़े छिलके वाला फल	नुत	কড়ে ছিলকে ঵ালা ফল	kRe Cilke wala fl	কড়ে ছিলকে ঵ালা ফল	kRe Cilke wala fl		
object	obzect	aobzekt	wsju	वस्तु	ऑब्जेक्ट	঵স্তু	wsju	঵স্তু	wsju		
objective	obzectiwe	aobzektiw	uqqeSy	उद्देश्य	ऑब्जेक्टिव	উদ্দেশ্য	uqqeSy	উদ্দেশ্য	uqqeSy		
obligation	obligation	aobligeSn	baQyja	बाध्यता	ऑब्लिगेशन	বাধ্যতা	baQyja	বাধ্যতা	baQyja		
observation	obserwation	aobzrweSn	xwlokn	अवलोकन	ऑब्जरवेशन	অ঵লোকন	xwlokn	অ঵লোকন	xwlokn		
observe	obserwe	aobserwe	niriSn krna	निरीक्षण करना	ऑब्सेर्वे	নিরীক্ষণ করনা	niriSn krna	নিরীক্ষণ করনা	niriSn krna		
observer	obserwer	xabzrwr	qeKne wala	देखने वाला	आब्जर्वर	দেখনে ঵ালা	qeKne wala	দেখনে ঵ালা	qeKne wala		
obtain	obtain	obje	prapj	प्राप्त	ओब्तें	প্রাপ্ত	prapj	প্রাপ্ত	prapj		
obvious	obwious	aobwiys	zavir	ज़ाहिर	ऑब्वियस	জ়াহির	zavir	জ়াহির	zavir		
obviously	obwiously	aobwiysli	spstj	स्पष्टतः	ऑब्वियस्ली	স্পষ্টতঃ	spstj	স্পষ্টতঃ	spstj		
occasion	occasion	oksasio	xwsr	अवसर	ोक्सासिओं	অ঵সর	xwsr	অ঵সর	xwsr		
occasionally	occasionally	oksasionlly	kBi–kBi	कभी–कभी	ोक्सासिओनल्ल्य	কভী–কভী	kBi–kBi	কভী–কভী	kBi–kBi		
occupation	occupation	aokyupeSn	wywsay	व्यवसाय	ऑक्यूपेशन	঵্য঵সায	wywsay	঵্য঵সায	wywsay		
occupy	occupy	okupy	pr kbza	पर कब्जा	ोकुप्य	পর কব্জা	pr kbza	পর কব্জা	pr kbza		
occur	occur	akr	Gtij vona	घटित होना	ॉकर	ঘটিত হোনা	Gtij vona	ঘটিত হোনা	Gtij vona		
ocean	ocean	osiyn	sagr	सागर	ओसियन	সাগর	sagr	সাগর	sagr		
odd	odd	od	xzib	अजीब	ओड	অজীব	xzib	অজীব	xzib		
odds	odds	aods	kTinaiya	कठिनाइयाँ	ऑड्स	কঠিনাইযাঁ	kTinaiya	কঠিনাইযাঁ	kTinaiya		
of	of	aoफ़	ka	का	ऑफ़	কা	ka	কা	ka		
off	off	aof	bnq	बंद	ऑफ	বংদ	bnq	বংদ	bnq		
offense	offense	aofens	xpraQ	अपराध	ऑफेंस	অপরাধ	xpraQ	অপরাধ	xpraQ		
offensive	offensiwe	offensiwe	xakramk	आक्रामक	ओफ्फेंसीवे	আক্রামক	xakramk	আক্রামক	xakramk		
offer	offer	aofr	prsjaw	प्रस्ताव	ऑफर	প্রস্তা঵	prsjaw	প্রস্তা঵	prsjaw		
office	office	aofis	karyaly	कार्यालय	ऑफिस	কার্যালয	karyaly	কার্যালয	karyaly		
officer	officer	xfsr	xfsr	अफ़सर	अफसर	অফ়সর	xfsr	অফ়সর	xfsr		
official	official	aofisiyl	xQikari	अधिकारी	ऑफिसियल	অধিকারী	xQikari	অধিকারী	xQikari		
often	often	ofje	xksr	अक्सर	ओफ्तें	অক্সর	xksr	অক্সর	xksr		
oh	oh	ov	ov	ओह	ओह	ওহ	ov	ওহ	ov		
oil	oil	xayl	jel	तेल	आयल	তেল	jel	তেল	jel		
ok	ok	oke	Tik vxi	ठीक है	ओके	ঠীক হৈ	Tik vxi	ঠীক হৈ	Tik vxi		
okay	okay	oky	Tik vxi	ठीक है	ोकय	ঠীক হৈ	Tik vxi	ঠীক হৈ	Tik vxi		
old	old	old	purana	पुराना	ओल्ड	পুরানা	purana	পুরানা	purana		
olympic	olympic	olimpik	olimpik	ओलिंपिक	ओलिंपिक	ওলিংপিক	olimpik	ওলিংপিক	olimpik		
on	on	o	pr	पर	ों	পর	pr	পর	pr		
once	once	wns	ek bar	एक बार	वन्स	এক বার	ek bar	এক বার	ek bar		
one	one	one	ek	एक	ओने	এক	ek	এক	ek		
ongoing	ongoing	aongoiNg	cl rve	चल रहे	ऑनगोइंग	চল রহে	cl rve	চল রহে	cl rve		
onion	onion	xniyn	pyaz	प्याज़	अनियन	প্যাজ়	pyaz	প্যাজ়	pyaz		
online	online	aonlain	aonlain	ऑनलाइन	ऑनलाइन	঑নলাইন	aonlain	঑নলাইন	aonlain		
only	only	onli	kewl	केवल	ओनली	কে঵ল	kewl	কে঵ল	kewl		
onto	onto	onTo	pr	पर	ओंठो	পর	pr	পর	pr		
open	open	opn	Kolna	खोलना	ओपन	খোলনা	Kolna	খোলনা	Kolna		
opening	opening	opniNg	prarmBik	प्रारंभिक	ओपनिंग	প্রারংভিক	prarmBik	প্রারংভিক	prarmBik		
operate	operate	aopret	sncalij	संचालित	ऑपरेट	সংচালিত	sncalij	সংচালিত	sncalij		
operating	operating	aopretiNg	aopretiNg	ऑपरेटिंग	ऑपरेटिंग	঑পরেটিংগ	aopretiNg	঑পরেটিংগ	aopretiNg		
operation	operation	aopreSn	sncaln	संचालन	ऑपरेशन	সংচালন	sncaln	সংচালন	sncaln		
operator	operator	aopretr	aopretr	ऑपरेटर	ऑपरेटर	঑পরেটর	aopretr	঑পরেটর	aopretr		
opinion	opinion	opiniyn	ray	राय	ओपिनियन	রায	ray	রায	ray		
opponent	opponent	apponent	prjiqwnqwi	प्रतिद्वंद्वी	ॉपपोनेंट	প্রতিদ্঵ংদ্঵ী	prjiqwnqwi	প্রতিদ্঵ংদ্঵ী	prjiqwnqwi		
opportunity	opportunity	opporjuniti	xwsr	अवसर	ओप्पोर्तुनिटी	অ঵সর	xwsr	অ঵সর	xwsr		
oppose	oppose	oppose	ka wiroQ	का विरोध	ओपपोसे	কা ঵িরোধ	ka wiroQ	কা ঵িরোধ	ka wiroQ		
opposite	opposite	xpozit	wilom	विलोम	अपोजिट	঵িলোম	wilom	঵িলোম	wilom		
opposition	opposition	opposiSn	wiroQ	विरोध	ओप्पोसिशन	঵িরোধ	wiroQ	঵িরোধ	wiroQ		
option	option	aopSn	wiklp	विकल्प	ऑप्शन	঵িকল্প	wiklp	঵িকল্প	wiklp		
or	or	our	ya	या	और	যা	ya	যা	ya		
orange	orange	aorenz	snjra	संतरा	ऑरेंज	সংতরা	snjra	সংতরা	snjra		
order	order	xardr	gn	गण	आर्डर	গণ	gn	গণ	gn		
ordinary	ordinary	xardinri	saQarn	साधारण	आर्डिनरी	সাধারণ	saQarn	সাধারণ	saQarn		
organic	organic	xargenik	karbnik	कार्बनिक	आर्गेनिक	কার্বনিক	karbnik	কার্বনিক	karbnik		
organization	organization	xargenaizeSn	sNgTn	संगठन	आर्गेनाइजेशन	সংগঠন	sNgTn	সংগঠন	sNgTn		
organize	organize	orgnyize	wywsJij	व्यवस्थित	ओर्गनइजे	঵্য঵স্থিত	wywsJij	঵্য঵স্থিত	wywsJij		
orientation	orientation	orienteSn	xBiwinyas	अभिविन्यास	ओरिएंटेशन	অভি঵িন্যাস	xBiwinyas	অভি঵িন্যাস	xBiwinyas		
origin	origin	orizin	mul	मूल	ओरिजिन	মূল	mul	মূল	mul		
original	original	orizinl	mul	मूल	ओरिजिनल	মূল	mul	মূল	mul		
originally	originally	oriznli	moulik rup se	मौलिक रूप से	ओरिजनली	মৌলিক রূপ সে	moulik rup se	মৌলিক রূপ সে	moulik rup se		
other	other	ijr	xny	अन्य	इतर	অন্য	xny	অন্য	xny		
others	others	oTers	xny	अन्य	ओठेर्स	অন্য	xny	অন্য	xny		
otherwise	otherwise	oJerwise	xnyJa	अन्यथा	ोथेरविसे	অন্যথা	xnyJa	অন্যথা	xnyJa		
ought	ought	ouGt	cavie	चाहिए	ोुघट	চাহিএ	cavie	চাহিএ	cavie		
our	our	xawr	vmari	हमारी	आवर	হমারী	vmari	হমারী	vmari		
ourselves	ourselwes	ourselwes	vm swy	हम स्वयं	ौरसेल्वेस	হম স্঵যং	vm swy	হম স্঵যং	vm swy		
out	out	xaut	bavr	बाहर	आउट	বাহর	bavr	বাহর	bavr		
outcome	outcome	xautkm	njiza	नतीजा	आउटकम	নতীজা	njiza	নতীজা	njiza		
outside	outside	xautsaid	bavr	बाहर	आउटसाइड	বাহর	bavr	বাহর	bavr		
oven	owen	own	jnqur	तंदूर	ओवन	তংদূর	jnqur	তংদূর	jnqur		
over	ower	owr	upr	ऊपर	ओवर	ঊপর	upr	ঊপর	upr		
overall	owerall	owrxal	kul milakr	कुल मिलाकर	ओवरआल	কুল মিলাকর	kul milakr	কুল মিলাকর	kul milakr		
overcome	owercome	wrke	kabu pana	काबू पाना	वर्के	কাবূ পানা	kabu pana	কাবূ পানা	kabu pana		
overlook	owerlook	owrluk	owrluk	ओवरलुक	ओवरलुक	ও঵রলুক	owrluk	ও঵রলুক	owrluk		
owe	owe	owe	qenqar vona	देनदार होना	ोवे	দেনদার হোনা	qenqar vona	দেনদার হোনা	qenqar vona		
own	own	on	xpna	अपना	ओन	অপনা	xpna	অপনা	xpna		
owner	owner	onr	malik	मालिक	ओनर	মালিক	malik	মালিক	malik		
pace	pace	pes	gji	गति	पेस	গতি	gji	গতি	gji		
pack	pack	pxik	saman banQna	सामान बाँधना	पैक	সামান বাঁধনা	saman banQna	সামান বাঁধনা	saman banQna		
package	package	pxikez	pxiket	पैकेट	पैकेज	পৈকেট	pxiket	পৈকেট	pxiket		
page	page	pez	prsT	पृष्ठ	पेज	পৃষ্ঠ	prsT	পৃষ্ঠ	prsT		
pain	pain	pxin	qrq	दर्द	पैन	দর্দ	qrq	দর্দ	qrq		
painful	painful	penful	qrqnak	दर्दनाक	पेनफुल	দর্দনাক	qrqnak	দর্দনাক	qrqnak		
paint	paint	pent	rNg	रंग	पेंट	রংগ	rNg	রংগ	rNg		
painter	painter	pentr	cijrkar	चित्रकार	पेंटर	চিত্রকার	cijrkar	চিত্রকার	cijrkar		
painting	painting	pentiNg	cijr	चित्र	पेंटिंग	চিত্র	cijr	চিত্র	cijr		
pair	pair	pexr	zoRa	जोड़ा	पेअर	জোড়া	zoRa	জোড়া	zoRa		
pale	pale	pila	fika	फीका	पीला	ফীকা	fika	ফীকা	fika		
palestinian	palestinian	plisjiniyn	filisjini	फ़िलिस्तीनी	पलिस्तीनियन	ফ়িলিস্তীনী	filisjini	ফ়িলিস্তীনী	filisjini		
palm	palm	pam	vJeli	हथेली	पाम	হথেলী	vJeli	হথেলী	vJeli		
pan	pan	pxin	brjn	बरतन	पैन	বরতন	brjn	বরতন	brjn		
panel	panel	pxinl	pxinl	पैनल	पैनल	পৈনল	pxinl	পৈনল	pxinl		
pant	pant	pnj	pnj	पंत	पंत	পংত	pnj	পংত	pnj		
paper	paper	pepr	kagz	कागज़	पेपर	কাগজ়	kagz	কাগজ়	kagz		
parent	parent	pxirent	maja–pija	माता–पिता	पैरेंट	মাতা–পিতা	maja–pija	মাতা–পিতা	maja–pija		
park	park	park	park	पार्क	पार्क	পার্ক	park	পার্ক	park		
parking	parking	parkiNg	parkiNg	पार्किंग	पार्किंग	পার্কিংগ	parkiNg	পার্কিংগ	parkiNg		
part	part	part	xnS	अंश	पार्ट	অংশ	xnS	অংশ	xnS		
participant	participant	partisipent	prjiBagi	प्रतिभागी	पार्टिसिपेंट	প্রতিভাগী	prjiBagi	প্রতিভাগী	prjiBagi		
participate	participate	partisipet	Bag lena	भाग लेना	पार्टिसिपेट	ভাগ লেনা	Bag lena	ভাগ লেনা	Bag lena		
participation	participation	partisipeSn	Bag lena	भाग लेना	पार्टिसिपेशन	ভাগ লেনা	Bag lena	ভাগ লেনা	Bag lena		
particular	particular	prtikulr	wiSist	विशिष्ट	पर्टिकुलर	঵িশিষ্ট	wiSist	঵িশিষ্ট	wiSist		
particularly	particularly	prtikyulrli	wiSesjya	विशेषतया	पर्टिक्यूलरली	঵িশেষতযা	wiSesjya	঵িশেষতযা	wiSesjya		
partly	partly	partli	xanSik rup me	आंशिक रूप में	पार्टली	আংশিক রূপ মেং	xanSik rup me	আংশিক রূপ মেং	xanSik rup me		
partner	partner	partnr	saJi	साथी	पार्टनर	সাথী	saJi	সাথী	saJi		
partnership	partnership	partnrSip	saZeqari	साझेदारी	पार्टनरशिप	সাঝেদারী	saZeqari	সাঝেদারী	saZeqari		
party	party	parti	smarov	समारोह	पार्टी	সমারোহ	smarov	সমারোহ	smarov		
pass	pass	pas	rasja	रास्ता	पास	রাস্তা	rasja	রাস্তা	rasja		
passage	passage	pxisez	rasja	रास्ता	पैसेज	রাস্তা	rasja	রাস্তা	rasja		
passenger	passenger	pxisenzr	yajri	यात्री	पैसेंजर	যাত্রী	yajri	যাত্রী	yajri		
passion	passion	pxiSn	zoS	जोश	पैशन	জোশ	zoS	জোশ	zoS		
past	past	past	xjij	अतीत	पास्ट	অতীত	xjij	অতীত	xjij		
patch	patch	pxic	pxibnq	पैबंद	पैच	পৈবংদ	pxibnq	পৈবংদ	pxibnq		
path	path	pJ	rasja	रास्ता	पथ	রাস্তা	rasja	রাস্তা	rasja		
patient	patient	peSent	rogi	रोगी	पेशेंट	রোগী	rogi	রোগী	rogi		
pattern	pattern	pxitrn	nmuna	नमूना	पैटर्न	নমূনা	nmuna	নমূনা	nmuna		
pause	pause	paz	rokna	रोकना	पॉज	রোকনা	rokna	রোকনা	rokna		
pay	pay	pay	Bugjan krna	भुगतान करना	पाय	ভুগতান করনা	Bugjan krna	ভুগতান করনা	Bugjan krna		
payment	payment	pement	Bugjan	भुगतान	पेमेंट	ভুগতান	Bugjan	ভুগতান	Bugjan		
pc	pc	pk	pisi	पीसी	पक	পীসী	pisi	পীসী	pisi		
peace	peace	pis	Sanji	शांति	पीस	শাংতি	Sanji	শাংতি	Sanji		
peak	peak	pik	SiKr	शिखर	पीक	শিখর	SiKr	শিখর	SiKr		
peer	peer	pir	smkS	समकक्ष	पीर	সমকক্ষ	smkS	সমকক্ষ	smkS		
penalty	penalty	penlti	qnd	दंड	पेनल्टी	দংড	qnd	দংড	qnd		
people	people	pipl	log	लोग	पीपल	লোগ	log	লোগ	log		
pepper	pepper	pipr	mirc	मिर्च	पीपर	মির্চ	mirc	মির্চ	mirc		
per	per	pxir	prji	प्रति	पैर	প্রতি	prji	প্রতি	prji		
perceive	perceiwe	prsiwe	smZna	समझना	परसीवे	সমঝনা	smZna	সমঝনা	smZna		
percentage	percentage	prsentez	prjiSj	प्रतिशत	परसेंटेज	প্রতিশত	prjiSj	প্রতিশত	prjiSj		
perception	perception	prsepSn	xnuBuji	अनुभूति	परसेप्शन	অনুভূতি	xnuBuji	অনুভূতি	xnuBuji		
perfect	perfect	prfekt	ujjm	उत्तम	परफेक्ट	উত্তম	ujjm	উত্তম	ujjm		
perfectly	perfectly	prfektli	puri jrv se	पूरी तरह से	पर्फेक्ट्ली	পূরী তরহ সে	puri jrv se	পূরী তরহ সে	puri jrv se		
perform	perform	prfarm	xBiny krna	अभिनय करना	परफॉर्म	অভিনয করনা	xBiny krna	অভিনয করনা	xBiny krna		
performance	performance	prfarmens	prqrSn	प्रदर्शन	परफॉरमेंस	প্রদর্শন	prqrSn	প্রদর্শন	prqrSn		
perhaps	perhaps	prvxips	Sayq	शायद	परहैप्स	শাযদ	Sayq	শাযদ	Sayq		
period	period	piriyd	xwQi	अवधि	पीरियड	অ঵ধি	xwQi	অ঵ধি	xwQi		
permanent	permanent	prmanent	sJayi	स्थायी	परमानेंट	স্থাযী	sJayi	স্থাযী	sJayi		
permission	permission	prmiSn	xnumji	अनुमति	परमिशन	অনুমতি	xnumji	অনুমতি	xnumji		
permit	permit	prmit	xagya qena	आज्ञा देना	परमिट	আজ্ঞা দেনা	xagya qena	আজ্ঞা দেনা	xagya qena		
person	person	prsn	wykji	व्यक्ति	पर्सन	঵্যক্তি	wykji	঵্যক্তি	wykji		
personal	personal	prsnl	wykjigj	व्यक्तिगत	पर्सनल	঵্যক্তিগত	wykjigj	঵্যক্তিগত	wykjigj		
personality	personality	prsnaliti	wykjijw	व्यक्तित्व	पर्सनालिटी	঵্যক্তিত্঵	wykjijw	঵্যক্তিত্঵	wykjijw		
personally	personally	prsnli	wykjigj rup se	व्यक्तिगत रूप से	पर्सनली	঵্যক্তিগত রূপ সে	wykjigj rup se	঵্যক্তিগত রূপ সে	wykjigj rup se		
personnel	personnel	prsnel	karmik	कार्मिक	पर्सनेल	কার্মিক	karmik	কার্মিক	karmik		
perspective	perspectiwe	prspektiw	pripreSy	परिप्रेक्ष्य	पर्सपेक्टिव	পরিপ্রেক্ষ্য	pripreSy	পরিপ্রেক্ষ্য	pripreSy		
persuade	persuade	prsued	razi krna	राज़ी करना	परसुएड	রাজ়ী করনা	razi krna	রাজ়ী করনা	razi krna		
pet	pet	pet	palju	पालतू	पेट	পালতূ	palju	পালতূ	palju		
phase	phase	fez	xwsJa	अवस्था	फेज	অ঵স্থা	xwsJa	অ঵স্থা	xwsJa		
phenomenon	phenomenon	fenomenn	jJy	तथ्य	फेनोमेनन	তথ্য	jJy	তথ্য	jJy		
philosophy	philosophy	flsfa	qrSn	दर्शन	फलसफा	দর্শন	qrSn	দর্শন	qrSn		
phone	phone	फ़on	fon	फ़ोन	फ़ोन	ফ়োন	fon	ফ়োন	fon		
photo	photo	foto	jswir	तस्वीर	फोटो	তস্঵ীর	jswir	তস্঵ীর	jswir		
photograph	photograph	fotograf	foto	फोटो	फोटोग्राफ	ফোটো	foto	ফোটো	foto		
photographer	photographer	fotografr	fotografr	फोटोग्राफर	फोटोग्राफर	ফোটোগ্রাফর	fotografr	ফোটোগ্রাফর	fotografr		
phrase	phrase	frez	muvawra	मुहावरा	फ्रेज	মুহা঵রা	muvawra	মুহা঵রা	muvawra		
physical	physical	fizikl	Saririk	शारीरिक	फिजिकल	শারীরিক	Saririk	শারীরিক	Saririk		
physically	physically	fizikli	Saririk rup se	शारीरिक रूप से	फिजिकली	শারীরিক রূপ সে	Saririk rup se	শারীরিক রূপ সে	Saririk rup se		
physician	physician	fiziSiyn	cikijsk	चिकित्सक	फिजिशियन	চিকিত্সক	cikijsk	চিকিত্সক	cikijsk		
piano	piano	piyano	piyano	पियानो	पियानो	পিযানো	piyano	পিযানো	piyano		
pick	pick	pik	cunna	चुनना	पिक	চুননা	cunna	চুননা	cunna		
picture	picture	pikcr	cijr	चित्र	पिक्चर	চিত্র	cijr	চিত্র	cijr		
pie	pie	pai	pai	पाई	पाई	পাঈ	pai	পাঈ	pai		
piece	piece	pieCe	tukRa	टुकड़ा	पीेछे	টুকড়া	tukRa	টুকড়া	tukRa		
pile	pile	pile	bwasir	बवासीर	पिले	ব঵াসীর	bwasir	ব঵াসীর	bwasir		
pilot	pilot	paylt	paylt	पायलट	पायलट	পাযলট	paylt	পাযলট	paylt		
pine	pine	pine	qewqar	देवदार	पिने	দে঵দার	qewqar	দে঵দার	qewqar		
pink	pink	piNk	gulabi	गुलाबी	पिंक	গুলাবী	gulabi	গুলাবী	gulabi		
pipe	pipe	paip	paip	पाइप	पाइप	পাইপ	paip	পাইপ	paip		
pitch	pitch	pic	pic	पिच	पिच	পিচ	pic	পিচ	pic		
place	place	ples	sJan	स्थान	प्लेस	স্থান	sJan	স্থান	sJan		
plan	plan	plan	yozna	योजना	प्लान	যোজনা	yozna	যোজনা	yozna		
plane	plane	plen	wiman	विमान	प्लेन	঵িমান	wiman	঵িমান	wiman		
planet	planet	plenet	grv	ग्रह	प्लेनेट	গ্রহ	grv	গ্রহ	grv		
planning	planning	planiNg	yozna	योजना	प्लानिंग	যোজনা	yozna	যোজনা	yozna		
plant	plant	plant	pouQa	पौधा	प्लांट	পৌধা	pouQa	পৌধা	pouQa		
plastic	plastic	plastik	plastik	प्लास्टिक	प्लास्टिक	প্লাস্টিক	plastik	প্লাস্টিক	plastik		
plate	plate	plet	jSjri	तश्तरी	प्लेट	তশ্তরী	jSjri	তশ্তরী	jSjri		
platform	platform	pletfarm	plxitfarm	प्लैटफ़ॉर्म	प्लेटफार्म	প্লৈটফ়৉র্ম	plxitfarm	প্লৈটফ়৉র্ম	plxitfarm		
play	play	ple	ple Play	प्ले Play	प्ले	প্লে Play	ple Play	প্লে Play	ple Play		
player	player	pleyr	KilaRi	खिलाड़ी	प्लेयर	খিলাড়ী	KilaRi	খিলাড়ী	KilaRi		
please	please	pliz	krpya	कृपया	प्लीज	কৃপযা	krpya	কৃপযা	krpya		
pleasure	pleasure	plexsure	xannq	आनंद	प्लेअसुरे	আনংদ	xannq	আনংদ	xannq		
plenty	plenty	plenti	Kub	खूब	प्लेंटी	খূব	Kub	খূব	Kub		
plot	plot	plat	BuKnd	भूखंड	प्लाट	ভূখংড	BuKnd	ভূখংড	BuKnd		
plus	plus	pls	pls	प्लस	प्लस	প্লস	pls	প্লস	pls		
pm	pm	p	bze	बजे	पं	বজে	bze	বজে	bze		
pocket	pocket	paket	zeb	जेब	पॉकेट	জেব	zeb	জেব	zeb		
poem	poem	poem	kwija	कविता	पोएम	ক঵িতা	kwija	ক঵িতা	kwija		
poet	poet	poet	kwi	कवि	पोएट	ক঵ি	kwi	ক঵ি	kwi		
poetry	poetry	poetri	Sayri	शायरी	पोएट्री	শাযরী	Sayri	শাযরী	Sayri		
point	point	paint	binqu	बिंदु	पॉइंट	বিংদু	binqu	বিংদু	binqu		
pole	pole	pol	KmBa	खंभा	पोल	খংভা	KmBa	খংভা	KmBa		
police	police	pulis	pulis	पुलिस	पुलिस	পুলিস	pulis	পুলিস	pulis		
policy	policy	palisi	niji	नीति	पालिसी	নীতি	niji	নীতি	niji		
political	political	politikl	raznijik	राजनीतिक	पोलिटिकल	রাজনীতিক	raznijik	রাজনীতিক	raznijik		
politically	politically	palitikli	raznijik	राजनीतिक	पॉलिटिकली	রাজনীতিক	raznijik	রাজনীতিক	raznijik		
politician	politician	palitiSiyn	raznijigy	राजनीतिज्ञ	पॉलिटिशियन	রাজনীতিজ্ঞ	raznijigy	রাজনীতিজ্ঞ	raznijigy		
politics	politics	palitiks	razniji	राजनीति	पॉलिटिक्स	রাজনীতি	razniji	রাজনীতি	razniji		
poll	poll	poll	mjqan	मतदान	पोल्ल	মতদান	mjqan	মতদান	mjqan		
pollution	pollution	polluSn	prqusn	प्रदूषण	पोल्लुशण	প্রদূষণ	prqusn	প্রদূষণ	prqusn		
pool	pool	pul	poKr	पोखर	पूल	পোখর	poKr	পোখর	poKr		
poor	poor	puxr	grib	गरीब	पुअर	গরীব	grib	গরীব	grib		
pop	pop	pap	pap	पॉप	पॉप	প৉প	pap	প৉প	pap		
popular	popular	papulr	lokpriy	लोकप्रिय	पॉपुलर	লোকপ্রিয	lokpriy	লোকপ্রিয	lokpriy		
population	population	papuleSn	xabaqi	आबादी	पापुलेशन	আবাদী	xabaqi	আবাদী	xabaqi		
porch	porch	porc	bramqa	बरामदा	पोर्च	বরামদা	bramqa	বরামদা	bramqa		
port	port	port	bnqrgav	बंदरगाह	पोर्ट	বংদরগাহ	bnqrgav	বংদরগাহ	bnqrgav		
portion	portion	porSn	visse	हिस्से	पोरशन	হিস্সে	visse	হিস্সে	visse		
portrait	portrait	portret	cijr	चित्र	पोर्ट्रेट	চিত্র	cijr	চিত্র	cijr		
portray	portray	portre	cijrkla	चित्रकला	पोर्ट्रे	চিত্রকলা	cijrkla	চিত্রকলা	cijrkla		
pose	pose	poज़	KRa krna	खड़ा करना	पोज़	খড়া করনা	KRa krna	খড়া করনা	KRa krna		
position	position	poziSn	sJan	स्थान	पोजीशन	স্থান	sJan	স্থান	sJan		
positive	positiwe	pazitiw	skarajmk	सकारात्मक	पॉजिटिव	সকারাত্মক	skarajmk	সকারাত্মক	skarajmk		
possess	possess	possess	Qarn krna	धारण करना	पोस्सेस्स	ধারণ করনা	Qarn krna	ধারণ করনা	Qarn krna		
possibility	possibility	pasibiliti	smBawna	संभावना	पॉसिबिलिटी	সংভা঵না	smBawna	সংভা঵না	smBawna		
possible	possible	pasibl	smBw ke	संभव के	पॉसिबल	সংভ঵ কে	smBw ke	সংভ঵ কে	smBw ke		
possibly	possibly	possibly	smBwj:	संभवत:	पोस्सिब्ल्य	সংভ঵ত:	smBwj:	সংভ঵ত:	smBwj:		
post	post	post	pq	पद	पोस्ट	পদ	pq	পদ	pq		
pot	pot	pat	mtka	मटका	पॉट	মটকা	mtka	মটকা	mtka		
potato	potato	potxito	xalu	आलू	पोटैटो	আলূ	xalu	আলূ	xalu		
potential	potential	potenSiyl	smBawna	संभावना	पोटेंशियल	সংভা঵না	smBawna	সংভা঵না	smBawna		
potentially	potentially	potentixlli	smBawij	संभावित	पोटेनटिअल्ली	সংভা঵িত	smBawij	সংভা঵িত	smBawij		
pound	pound	pound	paund	पाउंड	पौंड	পাউংড	paund	পাউংড	paund		
pour	pour	pour	bvna	बहना	पौर	বহনা	bvna	বহনা	bvna		
poverty	powerty	pawrti	gribi	गरीबी	पावर्टी	গরীবী	gribi	গরীবী	gribi		
powder	powder	paudr	paudr	पाउडर	पाउडर	পাউডর	paudr	পাউডর	paudr		
power	power	pawr	Skji	शक्ति	पावर	শক্তি	Skji	শক্তি	Skji		
powerful	powerful	pawrful	jakjwr	ताकतवर	पावरफुल	তাকত঵র	jakjwr	তাকত঵র	jakjwr		
practical	practical	prxiktikl	wyawvarik	व्यावहारिक	प्रैक्टिकल	঵্যা঵হারিক	wyawvarik	঵্যা঵হারিক	wyawvarik		
practice	practice	prxiktis	xByas	अभ्यास	प्रैक्टिस	অভ্যাস	xByas	অভ্যাস	xByas		
pray	pray	pre	prarJna krna	प्रार्थना करना	प्रे	প্রার্থনা করনা	prarJna krna	প্রার্থনা করনা	prarJna krna		
prayer	prayer	preyr	prarJna	प्रार्थना	प्रेयर	প্রার্থনা	prarJna	প্রার্থনা	prarJna		
precisely	precisely	presiseli	ykinn	यकीनन	प्रेसिसेली	যকীনন	ykinn	যকীনন	ykinn		
predict	predict	predikt	Bwisywani krna	भविष्यवाणी करना	प्रेडिक्ट	ভ঵িষ্য঵াণী করনা	Bwisywani krna	ভ঵িষ্য঵াণী করনা	Bwisywani krna		
prefer	prefer	prefr	wriyja qena	वरीयता देना	प्रेफर	঵রীযতা দেনা	wriyja qena	঵রীযতা দেনা	wriyja qena		
preference	preference	prefrens	psnq	पसंद	परेफरेंस	পসংদ	psnq	পসংদ	psnq		
pregnancy	pregnancy	pregnensi	grBawsJa	गर्भावस्था	प्रेगनेंसी	গর্ভা঵স্থা	grBawsJa	গর্ভা঵স্থা	grBawsJa		
pregnant	pregnant	pregnent	grBwji	गर्भवती	प्रेग्नेंट	গর্ভ঵তী	grBwji	গর্ভ঵তী	grBwji		
preparation	preparation	pripreSn	jxiyari	तैयारी	प्रिपरेशन	তৈযারী	jxiyari	তৈযারী	jxiyari		
prepare	prepare	prepr	jxiyar	तैयार	प्रेपर	তৈযার	jxiyar	তৈযার	jxiyar		
prescription	prescription	priskripSn	nusKa	नुस्खा	प्रिस्क्रिप्शन	নুস্খা	nusKa	নুস্খা	nusKa		
presence	presence	przens	upsJiji	उपस्थिति	प्रजेंस	উপস্থিতি	upsJiji	উপস্থিতি	upsJiji		
present	present	prezent	wrjman	वर्तमान	प्रेजेंट	঵র্তমান	wrjman	঵র্তমান	wrjman		
presentation	presentation	prezenteSn	prsjujikrn	प्रस्तुतीकरण	प्रेजेंटेशन	প্রস্তুতীকরণ	prsjujikrn	প্রস্তুতীকরণ	prsjujikrn		
preserve	preserwe	preज़rwe	rSij	रक्षित	प्रेज़रवे	রক্ষিত	rSij	রক্ষিত	rSij		
president	president	prezident	rastrpji	राष्ट्रपति	प्रेजिडेंट	রাষ্ট্রপতি	rastrpji	রাষ্ট্রপতি	rastrpji		
presidential	presidential	presidentixl	xQySiy	अध्यक्षीय	प्रेसिडेंटिअल	অধ্যক্ষীয	xQySiy	অধ্যক্ষীয	xQySiy		
press	press	pres	qbae	दबाएँ	प्रेस	দবাএঁ	qbae	দবাএঁ	qbae		
pressure	pressure	preSr	qbaw	दबाव	प्रेशर	দবা঵	qbaw	দবা঵	qbaw		
pretend	pretend	pritend	qiKawa krna	दिखावा करना	प्रिटेंड	দিখা঵া করনা	qiKawa krna	দিখা঵া করনা	qiKawa krna		
pretty	pretty	priti	sunqr	सुंदर	प्रीटी	সুংদর	sunqr	সুংদর	sunqr		
prevent	prewent	priwent	rokna	रोकना	प्रिवेंट	রোকনা	rokna	রোকনা	rokna		
previous	prewious	priwiys	piCla	पिछला	प्रीवियस	পিছলা	piCla	পিছলা	piCla		
previously	prewiously	prewiysli	isse pvle	इससे पहले	प्रेवियस्ली	ইসসে পহলে	isse pvle	ইসসে পহলে	isse pvle		
price	price	prais	kimj	कीमत	प्राइस	কীমত	kimj	কীমত	kimj		
pride	pride	praid	gourw	गौरव	प्राइड	গৌর঵	gourw	গৌর঵	gourw		
priest	priest	prist	puzari	पुजारी	प्रीस्ट	পুজারী	puzari	পুজারী	puzari		
primarily	primarily	primarily	prmuK rup se	प्रमुख रूप से	परिमारिल्य	প্রমুখ রূপ সে	prmuK rup se	প্রমুখ রূপ সে	prmuK rup se		
primary	primary	praimri	muKy	मुख्य	प्राइमरी	মুখ্য	muKy	মুখ্য	muKy		
prime	prime	praim	prQan	प्रधान	प्राइम	প্রধান	prQan	প্রধান	prQan		
principal	principal	prinsipl	prQanacary	प्रधानाचार्य	प्रिंसिपल	প্রধানাচার্য	prQanacary	প্রধানাচার্য	prQanacary		
principle	principle	prinsipl	siqQanj	सिद्धांत	प्रिंसिपल	সিদ্ধাংত	siqQanj	সিদ্ধাংত	siqQanj		
print	print	print	print	प्रिंट	प्रिंट	প্রিংট	print	প্রিংট	print		
prior	prior	prayr	purw	पूर्व	प्रायर	পূর্঵	purw	পূর্঵	purw		
priority	priority	prayoriti	wriyja	वरीयता	प्रायोरिटी	঵রীযতা	wriyja	঵রীযতা	wriyja		
prison	prison	prizn	karagar	कारागार	प्रिजन	কারাগার	karagar	কারাগার	karagar		
prisoner	prisoner	priznr	bnqi	बंदी	प्रिजनर	বংদী	bnqi	বংদী	bnqi		
privacy	priwacy	praiwesi	gopniyja	गोपनीयता	प्राइवेसी	গোপনীযতা	gopniyja	গোপনীযতা	gopniyja		
private	priwate	praiwet	nizi	निजी	प्राइवेट	নিজী	nizi	নিজী	nizi		
probably	probably	prabbli	smBwj	संभवत	प्रॉबब्ली	সংভ঵ত	smBwj	সংভ঵ত	smBwj		
problem	problem	prablm	sNkt	संकट	प्रॉब्लम	সংকট	sNkt	সংকট	sNkt		
procedure	procedure	prosizr	prkriya	प्रक्रिया	प्रोसीजर	প্রক্রিযা	prkriya	প্রক্রিযা	prkriya		
proceed	proceed	prosid	xage bRna	आगे बढ़ना	प्रोसीड	আগে বঢ়না	xage bRna	আগে বঢ়না	xage bRna		
process	process	proses	prkriya	प्रक्रिया	प्रोसेस	প্রক্রিযা	prkriya	প্রক্রিযা	prkriya		
produce	produce	produs	ujpaq	उत्पाद	प्रोडूस	উত্পাদ	ujpaq	উত্পাদ	ujpaq		
producer	producer	produsr	nirmaja	निर्माता	प्रोडूसर	নির্মাতা	nirmaja	নির্মাতা	nirmaja		
product	product	prodkt	ujpaq	उत्पाद	प्रोडक्ट	উত্পাদ	ujpaq	উত্পাদ	ujpaq		
production	production	prodkSn	ujpaqn	उत्पादन	प्रोडक्शन	উত্পাদন	ujpaqn	উত্পাদন	ujpaqn		
profession	profession	profeSn	peSa	पेशा	प्रोफेशन	পেশা	peSa	পেশা	peSa		
professional	professional	profeSnl	peSewr	पेशेवर	प्रोफेशनल	পেশে঵র	peSewr	পেশে঵র	peSewr		
professor	professor	profesr	profesr	प्रोफ़ेसर	प्रोफेसर	প্রোফ়েসর	profesr	প্রোফ়েসর	profesr		
profile	profile	profail	profail	प्रोफ़ाइल	प्रोफाइल	প্রোফ়াইল	profail	প্রোফ়াইল	profail		
profit	profit	prafit	fayqa	फायदा	प्रॉफिट	ফাযদা	fayqa	ফাযদা	fayqa		
program	program	program	karykrm	कार्यक्रम	प्रोग्राम	কার্যক্রম	karykrm	কার্যক্রম	karykrm		
progress	progress	progres	prgji	प्रगति	प्रोग्रेस	প্রগতি	prgji	প্রগতি	prgji		
project	prozect	prozekt	priyozna	परियोजना	प्रोजेक्ट	পরিযোজনা	priyozna	পরিযোজনা	priyozna		
prominent	prominent	prominent	prmuK	प्रमुख	प्रोमिनेन्ट	প্রমুখ	prmuK	প্রমুখ	prmuK		
promise	promise	pramis	pkka waqa	पक्का वादा	प्रॉमिस	পক্কা ঵াদা	pkka waqa	পক্কা ঵াদা	pkka waqa		
promote	promote	prmot	ko bRawa qena	को बढ़ावा देना	प्रमोट	কো বঢ়া঵া দেনা	ko bRawa qena	কো বঢ়া঵া দেনা	ko bRawa qena		
prompt	prompt	prampt	jjpr	तत्पर	प्रांप्ट	তত্পর	jjpr	তত্পর	jjpr		
proof	proof	pruf	sbuj	सबूत	प्रूफ	সবূত	sbuj	সবূত	sbuj		
proper	proper	prapr	ucij	उचित	प्रॉपर	উচিত	ucij	উচিত	ucij		
properly	properly	praprly	xcCi jrv se	अच्छी तरह से	प्रॉपरलय	অচ্ছী তরহ সে	xcCi jrv se	অচ্ছী তরহ সে	xcCi jrv se		
property	property	praprti	smpjji	संपत्ति	प्रॉपर्टी	সংপত্তি	smpjji	সংপত্তি	smpjji		
proportion	proportion	proporSn	xnupaj	अनुपात	प्रोपोरशन	অনুপাত	xnupaj	অনুপাত	xnupaj		
proposal	proposal	prpozl	prsjaw	प्रस्ताव	प्रपोजल	প্রস্তা঵	prsjaw	প্রস্তা঵	prsjaw		
propose	propose	propoज़	prsjaw	प्रस्ताव	प्रोपोज़	প্রস্তা঵	prsjaw	প্রস্তা঵	prsjaw		
proposed	proposed	proposd	prsjawij	प्रस्तावित	प्रोपोसड	প্রস্তা঵িত	prsjawij	প্রস্তা঵িত	prsjawij		
prosecutor	prosecutor	prasikyutr	xBiyokja	अभियोक्ता	प्रासीक्यूटर	অভিযোক্তা	xBiyokja	অভিযোক্তা	xBiyokja		
prospect	prospect	praspekt	xaSa	आशा	प्रॉस्पेक्ट	আশা	xaSa	আশা	xaSa		
protect	protect	protekt	rSa krna	रक्षा करना	प्रोटेक्ट	রক্ষা করনা	rSa krna	রক্ষা করনা	rSa krna		
protection	protection	protekSn	snrSn	संरक्षण	प्रोटेक्शन	সংরক্ষণ	snrSn	সংরক্ষণ	snrSn		
protein	protein	protin	protin	प्रोटीन	प्रोटीन	প্রোটীন	protin	প্রোটীন	protin		
protest	protest	protest	wiroQ	विरोध	प्रोटेस्ट	঵িরোধ	wiroQ	঵িরোধ	wiroQ		
proud	proud	praud	grw	गर्व	प्राउड	গর্঵	grw	গর্঵	grw		
prove	prowe	prowe	siqQ krna	सिद्ध करना	प्रोवे	সিদ্ধ করনা	siqQ krna	সিদ্ধ করনা	siqQ krna		
provide	prowide	prowaid	prqan krna	प्रदान करना	प्रोवाइड	প্রদান করনা	prqan krna	প্রদান করনা	prqan krna		
provider	prowider	prowaidr	prqaja	प्रदाता	प्रोवाइडर	প্রদাতা	prqaja	প্রদাতা	prqaja		
province	prowince	prowins	pranj	प्रांत	प्रोविंस	প্রাংত	pranj	প্রাংত	pranj		
provision	prowision	prowisio	prawQan	प्रावधान	प्रोविसिओं	প্রা঵ধান	prawQan	প্রা঵ধান	prawQan		
psychological	psychological	saikolazikl	mnowxigyanik	मनोवैज्ञानिक	साइकोलॉजिकल	মনো঵ৈজ্ঞানিক	mnowxigyanik	মনো঵ৈজ্ঞানিক	mnowxigyanik		
psychologist	psychologist	saikolozist	mnowigyani	मनोविज्ञानी	साइकोलोजिस्ट	মনো঵িজ্ঞানী	mnowigyani	মনো঵িজ্ঞানী	mnowigyani		
psychology	psychology	saikolazi	mnowigyan	मनोविज्ञान	साइकोलॉजी	মনো঵িজ্ঞান	mnowigyan	মনো঵িজ্ঞান	mnowigyan		
public	public	pblik	znja	जनता	पब्लिक	জনতা	znja	জনতা	znja		
publication	publication	pblikeSn	prkaSn	प्रकाशन	पब्लिकेशन	প্রকাশন	prkaSn	প্রকাশন	prkaSn		
publicly	publicly	pblikli	sarwznik rup	सार्वजनिक रूप	पब्लिक्ली	সার্঵জনিক রূপ	sarwznik rup	সার্঵জনিক রূপ	sarwznik rup		
publish	publish	pbliS	prkaSij krna	प्रकाशित करना	पब्लिश	প্রকাশিত করনা	prkaSij krna	প্রকাশিত করনা	prkaSij krna		
publisher	publisher	pbliSr	prkaSk	प्रकाशक	पब्लिशर	প্রকাশক	prkaSk	প্রকাশক	prkaSk		
pull	pull	pull	Kincna	खींचना	पुल्ल	খীংচনা	Kincna	খীংচনা	Kincna		
punishment	punishment	pniSment	sza	सज़ा	पनिशमेंट	সজ়া	sza	সজ়া	sza		
purchase	purchase	prces	Kriq froKj	खरीद फरोख्त	परचेस	খরীদ ফরোখ্ত	Kriq froKj	খরীদ ফরোখ্ত	Kriq froKj		
pure	pure	pure	SuqQ	शुद्ध	पुरे	শুদ্ধ	SuqQ	শুদ্ধ	SuqQ		
purpose	purpose	prps	uqqeSy	उद्देश्य	पर्पस	উদ্দেশ্য	uqqeSy	উদ্দেশ্য	uqqeSy		
pursue	pursue	pursue	pane ki koSiS krna	पाने की कोशिश करना	पुरसुए	পানে কী কোশিশ করনা	pane ki koSiS krna	পানে কী কোশিশ করনা	pane ki koSiS krna		
push	push	puS	Qkelna	धकेलना	पुश	ধকেলনা	Qkelna	ধকেলনা	Qkelna		
put	put	puj	rKna	रखना	पूत	রখনা	rKna	রখনা	rKna		
qualify	kualify	kwalifai	xrvja	अर्हता	क्वालीफाई	অর্হতা	xrvja	অর্হতা	xrvja		
quality	kuality	kwaliti	gunwjja	गुणवत्ता	क्वालिटी	গুণ঵ত্তা	gunwjja	গুণ঵ত্তা	gunwjja		
quarter	kuarter	kwartr	jrimas	त्रिमास	क्वार्टर	ত্রিমাস	jrimas	ত্রিমাস	jrimas		
quarterback	kuarterback	kwartrbxik	kwartrbxik	क्वार्टरबैक	क्वार्टरबैक	ক্঵ার্টরবৈক	kwartrbxik	ক্঵ার্টরবৈক	kwartrbxik		
question	kuestion	kweScn	prSn	प्रश्न	क्वेश्चन	প্রশ্ন	prSn	প্রশ্ন	prSn		
quick	kuick	kwik	Ztpt	झटपट	क्विक	ঝটপট	Ztpt	ঝটপট	Ztpt		
quickly	kuickly	kwikli	jurnj	तुरंत	क्विकली	তুরংত	jurnj	তুরংত	jurnj		
quiet	kuiet	kwait	cup	चुप	क्वाइट	চুপ	cup	চুপ	cup		
quietly	kuietly	kietli	cupcap	चुपचाप	किएटली	চুপচাপ	cupcap	চুপচাপ	cupcap		
quit	kuit	kwit	CoRna	छोड़ना	क्विट	ছোড়না	CoRna	ছোড়না	CoRna		
quite	kuite	kije	purnjya	पूर्णतया	किते	পূর্ণতযা	purnjya	পূর্ণতযা	purnjya		
quote	kuote	kote	uqQrn	उद्धरण	कोटे	উদ্ধরণ	uqQrn	উদ্ধরণ	uqQrn		
race	race	res	zaji	जाति	रेस	জাতি	zaji	জাতি	zaji		
racial	racial	resiyl	zajiy	जातीय	रेसियल	জাতীয	zajiy	জাতীয	zajiy		
radical	radical	redikl	moulik	मौलिक	रेडिकल	মৌলিক	moulik	মৌলিক	moulik		
radio	radio	rediyo	rediyo	रेडियो	रेडियो	রেডিযো	rediyo	রেডিযো	rediyo		
rail	rail	rel	rel	रेल	रेल	রেল	rel	রেল	rel		
rain	rain	ren	wrsa	वर्षा	रेन	঵র্ষা	wrsa	঵র্ষা	wrsa		
raise	raise	rez	uTana	उठाना	रेज	উঠানা	uTana	উঠানা	uTana		
range	range	renz	sima	सीमा	रेंज	সীমা	sima	সীমা	sima		
rank	rank	rxiNk	pq	पद	रैंक	পদ	pq	পদ	pq		
rapid	rapid	rxipid	jez	तेज़	रैपिड	তেজ়	jez	তেজ়	jez		
rapidly	rapidly	rpiड़li	jezi se	तेज़ी से	रपीड़ली	তেজ়ী সে	jezi se	তেজ়ী সে	jezi se		
rare	rare	reyr	qurlB	दुर्लभ	रेयर	দুর্লভ	qurlB	দুর্লভ	qurlB		
rarely	rarely	rrli	kBi–kBar	कभी–कभार	ररली	কভী–কভার	kBi–kBar	কভী–কভার	kBi–kBar		
rate	rate	ret	Baw	भाव	रेट	ভা঵	Baw	ভা঵	Baw		
rather	rather	raJer	blki	बल्कि	राथेर	বল্কি	blki	বল্কি	blki		
rating	rating	retiNg	retiNg	रेटिंग	रेटिंग	রেটিংগ	retiNg	রেটিংগ	retiNg		
ratio	ratio	reSyo	xnupaj	अनुपात	रेश्यो	অনুপাত	xnupaj	অনুপাত	xnupaj		
raw	raw	ra	kcca	कच्चा	रॉ	কচ্চা	kcca	কচ্চা	kcca		
reach	reach	ric	pvunc	पहुंच	रीच	পহুংচ	pvunc	পহুংচ	pvunc		
react	react	riyekt	prjikriya	प्रतिक्रिया	रियेक्ट	প্রতিক্রিযা	prjikriya	প্রতিক্রিযা	prjikriya		
reaction	reaction	riekSn	prjikriya	प्रतिक्रिया	रिएक्शन	প্রতিক্রিযা	prjikriya	প্রতিক্রিযা	prjikriya		
read	read	rid	pRna	पढ़ना	रीड	পঢ়না	pRna	পঢ়না	pRna		
reader	reader	ridr	ridr	रीडर	रीडर	রীডর	ridr	রীডর	ridr		
reading	reading	ridiNg	pRna	पढ़ना	रीडिंग	পঢ়না	pRna	পঢ়না	pRna		
ready	ready	redi	jxiyar	तैयार	रेडी	তৈযার	jxiyar	তৈযার	jxiyar		
real	real	riyl	wasjwik	वास्तविक	रियल	঵াস্ত঵িক	wasjwik	঵াস্ত঵িক	wasjwik		
reality	reality	riyliti	yJarJ baj	यथार्थ बात	रियलिटी	যথার্থ বাত	yJarJ baj	যথার্থ বাত	yJarJ baj		
realize	realize	riliज़	smZna	समझना	रीलीज़	সমঝনা	smZna	সমঝনা	smZna		
really	really	riyli	wasjw me	वास्तव में	रियली	঵াস্ত঵ মেং	wasjw me	঵াস্ত঵ মেং	wasjw me		
reason	reason	riज़n	karn	कारण	रीज़न	কারণ	karn	কারণ	karn		
reasonable	reasonable	riज़nebl	jrksNgj	तर्कसंगत	रिज़नेबल	তর্কসংগত	jrksNgj	তর্কসংগত	jrksNgj		
recall	recall	rikal	yaq krna	याद करना	रिकॉल	যাদ করনা	yaq krna	যাদ করনা	yaq krna		
receive	receiwe	risiw	prapj krna	प्राप्त करना	रिसीव	প্রাপ্ত করনা	prapj krna	প্রাপ্ত করনা	prapj krna		
recent	recent	risent	val vi ka	हाल ही का	रीसेंट	হাল হী কা	val vi ka	হাল হী কা	val vi ka		
recently	recently	risentli	val vi me	हाल ही में	रिसेंटली	হাল হী মেং	val vi me	হাল হী মেং	val vi me		
recipe	recipe	resipi	wiQi	विधि	रेसिपी	঵িধি	wiQi	঵িধি	wiQi		
recognition	recognition	rikgniSn	manyja	मान्यता	रिकग्निशन	মান্যতা	manyja	মান্যতা	manyja		
recognize	recognize	rekgnize	pvcanna	पहचानना	रेकग्निजे	পহচাননা	pvcanna	পহচাননা	pvcanna		
recommend	recommend	rekmend	xnuSnsa krna	अनुशंसा करना	रेकमेंड	অনুশংসা করনা	xnuSnsa krna	অনুশংসা করনা	xnuSnsa krna		
recommendation	recommendation	rikmendeSn	sifariS krna	सिफ़ारिश करना	रिकमेन्डेशन	সিফ়ারিশ করনা	sifariS krna	সিফ়ারিশ করনা	sifariS krna		
record	record	rikard	xBileK	अभिलेख	रिकॉर्ड	অভিলেখ	xBileK	অভিলেখ	xBileK		
recording	recording	rikardiNg	rikardiNg	रिकॉर्डिंग	रिकॉर्डिंग	রিক৉র্ডিংগ	rikardiNg	রিক৉র্ডিংগ	rikardiNg		
recover	recower	rikwr	waps pana	वापस पाना	रिकवर	঵াপস পানা	waps pana	঵াপস পানা	waps pana		
recovery	recowery	rikwri	swasJy laB	स्वास्थ्य लाभ	रिकवरी	স্঵াস্থ্য লাভ	swasJy laB	স্঵াস্থ্য লাভ	swasJy laB		
recruit	recruit	rikrut	rNgrut	रंगरूट	रिक्रूट	রংগরূট	rNgrut	রংগরূট	rNgrut		
red	red	red	lal	लाल	रेड	লাল	lal	লাল	lal		
reduce	reduce	redke	km krna	कम करना	रेडके	কম করনা	km krna	কম করনা	km krna		
reduction	reduction	ridkSn	kmi	कमी	रिडक्शन	কমী	kmi	কমী	kmi		
refer	refer	refer	uqGrj krna	उद्घृत करना	रेफेर	উদ্ঘৃত করনা	uqGrj krna	উদ্ঘৃত করনা	uqGrj krna		
reference	reference	rifrens	snqrB	संदर्भ	रिफरेन्स	সংদর্ভ	snqrB	সংদর্ভ	snqrB		
reflect	reflect	riflekt	prjibimbij vona	प्रतिबिंबित होना	रिफ्लेक्ट	প্রতিবিংবিত হোনা	prjibimbij vona	প্রতিবিংবিত হোনা	prjibimbij vona		
reflection	reflection	riflekSn	prjibimb	प्रतिबिंब	रिफ्लेक्शन	প্রতিবিংব	prjibimb	প্রতিবিংব	prjibimb		
reform	reform	rifarm	suQar	सुधार	रिफार्म	সুধার	suQar	সুধার	suQar		
refugee	refugee	rifyuzi	SrnarJi	शरणार्थी	रिफ्यूजी	শরণার্থী	SrnarJi	শরণার্থী	SrnarJi		
refuse	refuse	refuse	inkar	इनकार	रेफुसे	ইনকার	inkar	ইনকার	inkar		
regard	regard	regard	smbqQ	संबद्ध	रेगार्ड	সংবদ্ধ	smbqQ	সংবদ্ধ	smbqQ		
regarding	regarding	rigardiNg	smbnQij	संबंधित	रिगार्डिंग	সংবংধিত	smbnQij	সংবংধিত	smbnQij		
regardless	regardless	regrdless	Qyan qie bina	ध्यान दिए बिना	रेगर्ड्लेस्स	ধ্যান দিএ বিনা	Qyan qie bina	ধ্যান দিএ বিনা	Qyan qie bina		
regime	regime	rezime	prSasn	प्रशासन	रेजिमे	প্রশাসন	prSasn	প্রশাসন	prSasn		
region	region	rizn	Sejr	क्षेत्र	रीजन	ক্ষেত্র	Sejr	ক্ষেত্র	Sejr		
regional	regional	riznl	Sejriy	क्षेत्रीय	रीजनल	ক্ষেত্রীয	Sejriy	ক্ষেত্রীয	Sejriy		
register	register	rzistr	rzistr kre	रजिस्टर करें	रजिस्टर	রজিস্টর করেং	rzistr kre	রজিস্টর করেং	rzistr kre		
regular	regular	regulr	niymij	नियमित	रेगुलर	নিযমিত	niymij	নিযমিত	niymij		
regularly	regularly	regulrli	niymij jour pr	नियमित तौर पर	रेगुलरली	নিযমিত তৌর পর	niymij jour pr	নিযমিত তৌর পর	niymij jour pr		
regulate	regulate	regulet	winiymij	विनियमित	रेगुलेट	঵িনিযমিত	winiymij	঵িনিযমিত	winiymij		
regulation	regulation	reguleSn	winiymn	विनियमन	रेगुलेशन	঵িনিযমন	winiymn	঵িনিযমন	winiymn		
reinforce	reinforce	refors	suqrR	सुदृढ़	रेफोर्स	সুদৃঢ়	suqrR	সুদৃঢ়	suqrR		
reject	rezect	rizekt	xswikar	अस्वीकार	रिजेक्ट	অস্঵ীকার	xswikar	অস্঵ীকার	xswikar		
relate	relate	relaje	smbqQ krna	संबद्ध करना	रेलाते	সংবদ্ধ করনা	smbqQ krna	সংবদ্ধ করনা	smbqQ krna		
relation	relation	rileSn	smbnQ	संबंध	रिलेशन	সংবংধ	smbnQ	সংবংধ	smbnQ		
relationship	relationship	rileSnSip	riSja	रिश्ता	रिलेशनशिप	রিশ্তা	riSja	রিশ্তা	riSja		
relative	relatiwe	riletiw	riSjeqar	रिश्तेदार	रिलेटिव	রিশ্তেদার	riSjeqar	রিশ্তেদার	riSjeqar		
relatively	relatiwely	reltiweli	xpeSakrj	अपेक्षाकृत	रेलटीवेली	অপেক্ষাকৃত	xpeSakrj	অপেক্ষাকৃত	xpeSakrj		
relax	relax	rilxiks	xaram krna	आराम करना	रिलैक्स	আরাম করনা	xaram krna	আরাম করনা	xaram krna		
release	release	riliज़	rivai	रिहाई	रिलीज़	রিহাঈ	rivai	রিহাঈ	rivai		
relevant	relewant	rilewent	se milja zulja	से मिलता जुलता	रिलेवेंट	সে মিলতা জুলতা	se milja zulja	সে মিলতা জুলতা	se milja zulja		
relief	relief	rilif	ravj	राहत	रिलीफ	রাহত	ravj	রাহত	ravj		
religion	religion	rilizn	Qrm	धर्म	रिलिजन	ধর্ম	Qrm	ধর্ম	Qrm		
religious	religious	riliziys	Qarmik	धार्मिक	रिलीजियस	ধার্মিক	Qarmik	ধার্মিক	Qarmik		
rely	rely	rxili	Brosa krna	भरोसा करना	रैली	ভরোসা করনা	Brosa krna	ভরোসা করনা	Brosa krna		
remain	remain	reme	xwSes	अवशेष	रेमें	অ঵শেষ	xwSes	অ঵শেষ	xwSes		
remaining	remaining	rmxiniNg	bca vuxa	बचा हुआ	रमैनिंग	বচা হুআ	bca vuxa	বচা হুআ	bca vuxa		
remarkable	remarkable	rimarkebl	ujkrst	उत्कृष्ट	रिमार्केबल	উত্কৃষ্ট	ujkrst	উত্কৃষ্ট	ujkrst		
remember	remember	remember	yaq krna	याद करना	रेमेम्बेर	যাদ করনা	yaq krna	যাদ করনা	yaq krna		
remind	remind	reminq	yaq qilana	याद दिलाना	रेमिंद	যাদ দিলানা	yaq qilana	যাদ দিলানা	yaq qilana		
remote	remote	rimot	qur	दूर	रिमोट	দূর	qur	দূর	qur		
remove	remowe	rimuw	vtana	हटाना	रिमूव	হটানা	vtana	হটানা	vtana		
repeat	repeat	ripit	qovrana	दोहराना	रिपीट	দোহরানা	qovrana	দোহরানা	qovrana		
repeatedly	repeatedly	repetqly	bar bar	बार बार	रेपेटदलय	বার বার	bar bar	বার বার	bar bar		
replace	replace	repls	bqlne ke	बदलने के	रेप्लस	বদলনে কে	bqlne ke	বদলনে কে	bqlne ke		
reply	reply	riplai	zwab qe qo	जवाब दे दो	रिप्लाई	জ঵াব দে দো	zwab qe qo	জ঵াব দে দো	zwab qe qo		
report	report	riport	riport good	रिपोर्ट good	रिपोर्ट	রিপোর্ট good	riport good	রিপোর্ট good	riport good		
reporter	reporter	riportr	riportr	रिपोर्टर	रिपोर्टर	রিপোর্টর	riportr	রিপোর্টর	riportr		
represent	represent	riprezent	prjiniQijw krna	प्रतिनिधित्व करना	रिप्रेजेंट	প্রতিনিধিত্঵ করনা	prjiniQijw krna	প্রতিনিধিত্঵ করনা	prjiniQijw krna		
representation	representation	riprzenteSn	prjiniQijw	प्रतिनिधित्व	रिप्रजेंटेशन	প্রতিনিধিত্঵	prjiniQijw	প্রতিনিধিত্঵	prjiniQijw		
representative	representatiwe	riprezentetiw	prjiniQi	प्रतिनिधि	रिप्रेजेन्टेटिव	প্রতিনিধি	prjiniQi	প্রতিনিধি	prjiniQi		
republican	republican	ripblikn	ripblikn	रिपब्लिकन	रिपब्लिकन	রিপব্লিকন	ripblikn	রিপব্লিকন	ripblikn		
reputation	reputation	reputeSn	prjisTa	प्रतिष्ठा	रेपुटेशन	প্রতিষ্ঠা	prjisTa	প্রতিষ্ঠা	prjisTa		
request	rekuest	rikwest	xnuroQ	अनुरोध	रिक्वेस्ट	অনুরোধ	xnuroQ	অনুরোধ	xnuroQ		
require	rekuire	rekwire	zrurj vona	ज़रूरत होना	रेक्विरे	জ়রূরত হোনা	zrurj vona	জ়রূরত হোনা	zrurj vona		
requirement	rekuirement	rekwirement	maNg	मांग	रेक्विरेमेंट	মাংগ	maNg	মাংগ	maNg		
research	research	risrc	xnusnQan	अनुसंधान	रिसर्च	অনুসংধান	xnusnQan	অনুসংধান	xnusnQan		
researcher	researcher	resexrcer	SoQkrja	शोधकर्ता	रेसेअर्चेर	শোধকর্তা	SoQkrja	শোধকর্তা	SoQkrja		
resemble	resemble	resemble	sman vona	समान होना	रेसेम्ब्ले	সমান হোনা	sman vona	সমান হোনা	sman vona		
reservation	reserwation	rizrweSn	xarSn	आरक्षण	रिजर्वेशन	আরক্ষণ	xarSn	আরক্ষণ	xarSn		
resident	resident	rezident	niwasi	निवासी	रेजिडेंट	নি঵াসী	niwasi	নি঵াসী	niwasi		
resist	resist	resist	wiroQ	विरोध	रेसिस्ट	঵িরোধ	wiroQ	঵িরোধ	wiroQ		
resistance	resistance	rezistens	prjiroQ	प्रतिरोध	रेजिस्टेंस	প্রতিরোধ	prjiroQ	প্রতিরোধ	prjiroQ		
resolution	resolution	resoluSn	sNklp	संकल्प	रेसोलुशन	সংকল্প	sNklp	সংকল্প	sNklp		
resolve	resolwe	resolwe	vl krna	हल करना	रेसोल्वे	হল করনা	vl krna	হল করনা	vl krna		
resort	resort	risort	svara lena	सहारा लेना	रिसोर्ट	সহারা লেনা	svara lena	সহারা লেনা	svara lena		
resource	resource	risors	snsaQn	संसाधन	रिसोर्स	সংসাধন	snsaQn	সংসাধন	snsaQn		
respect	respect	respekt	xaqr	आदर	रेस्पेक्ट	আদর	xaqr	আদর	xaqr		
respond	respond	responq	zwab qena	जवाब देना	रेस्पोंद	জ঵াব দেনা	zwab qena	জ঵াব দেনা	zwab qena		
respondent	respondent	respondent	prjiwaqi	प्रतिवादी	रेस्पोंडेंट	প্রতি঵াদী	prjiwaqi	প্রতি঵াদী	prjiwaqi		
response	response	rispans	zwab	जवाब	रिस्पांस	জ঵াব	zwab	জ঵াব	zwab		
responsibility	responsibility	rispansibiliti	zimmeqari	ज़िम्मेदारी	रिस्पांसिबिलिटी	জ়িম্মেদারী	zimmeqari	জ়িম্মেদারী	zimmeqari		
responsible	responsible	responsibl	ujjrqayi	उत्तरदायी	रेस्पोंसिबल	উত্তরদাযী	ujjrqayi	উত্তরদাযী	ujjrqayi		
rest	rest	rest	wiSram	विश्राम	रेस्ट	঵িশ্রাম	wiSram	঵িশ্রাম	wiSram		
restaurant	restaurant	restorent	restorent	रेस्टोरेंट	रेस्टोरेंट	রেস্টোরেংট	restorent	রেস্টোরেংট	restorent		
restore	restore	ristor	punrsJapij krna	पुनर्स्थापित करना	रिस्टोर	পুনর্স্থাপিত করনা	punrsJapij krna	পুনর্স্থাপিত করনা	punrsJapij krna		
restriction	restriction	restrikSn	bnQn	बंधन	रेस्ट्रिक्शन	বংধন	bnQn	বংধন	bnQn		
result	result	rizlt	njiza	नतीजा	रिजल्ट	নতীজা	njiza	নতীজা	njiza		
retain	retain	retain	bnae rKna	बनाए रखना	रेटाइन	বনাএ রখনা	bnae rKna	বনাএ রখনা	bnae rKna		
retire	retire	ritayr	ritayr	रिटायर	रिटायर	রিটাযর	ritayr	রিটাযর	ritayr		
retirement	retirement	ritayrment	niwrjji	निवृत्ति	रिटायरमेंट	নি঵ৃত্তি	niwrjji	নি঵ৃত্তি	niwrjji		
return	return	rejurn	wapsi	वापसी	रेतुर्न	঵াপসী	wapsi	঵াপসী	wapsi		
reveal	reweal	rewexl	prkt krna	प्रकट करना	रेवेअल	প্রকট করনা	prkt krna	প্রকট করনা	prkt krna		
revenue	rewenue	rewenue	xay	आय	रेवेनुए	আয	xay	আয	xay		
review	rewiew	riwyu	smiSa	समीक्षा	रिव्यु	সমীক্ষা	smiSa	সমীক্ষা	smiSa		
revolution	rewolution	rewoluSn	kranji	क्रांति	रेवोलुशन	ক্রাংতি	kranji	ক্রাংতি	kranji		
rhythm	rhythm	rqm	jal	ताल	रदम	তাল	jal	তাল	jal		
rice	rice	rais	cawl	चावल	राइस	চা঵ল	cawl	চা঵ল	cawl		
rich	rich	ric	Qni	धनी	रिच	ধনী	Qni	ধনী	Qni		
rid	rid	riq	Cutkara pana	छुटकारा पाना	रीद	ছুটকারা পানা	Cutkara pana	ছুটকারা পানা	Cutkara pana		
ride	ride	raid	swari	सवारी	राइड	স঵ারী	swari	স঵ারী	swari		
rifle	rifle	raifl	raifl	राइफल	राइफल	রাইফল	raifl	রাইফল	raifl		
right	right	rait	svi	सही	राइट	সহী	svi	সহী	svi		
ring	ring	riNg	xNguTi	अंगूठी	रिंग	অংগূঠী	xNguTi	অংগূঠী	xNguTi		
rise	rise	raiz	wrqQi	वृद्धि	राइज	঵ৃদ্ধি	wrqQi	঵ৃদ্ধি	wrqQi		
risk	risk	risk	zoKim	जोखिम	रिस्क	জোখিম	zoKim	জোখিম	zoKim		
river	riwer	riwr	nqi	नदी	रिवर	নদী	nqi	নদী	nqi		
road	road	rod	sRk	सड़क	रोड	সড়ক	sRk	সড়ক	sRk		
rock	rock	rak	cttan	चट्टान	रॉक	চট্টান	cttan	চট্টান	cttan		
role	role	role	Bumika	भूमिका	रोले	ভূমিকা	Bumika	ভূমিকা	Bumika		
roll	roll	rol	Gumna	घूमना	रोल	ঘূমনা	Gumna	ঘূমনা	Gumna		
romantic	romantic	romantik	prem prsNgyukj	प्रेम प्रसंगयुक्त	रोमांटिक	প্রেম প্রসংগযুক্ত	prem prsNgyukj	প্রেম প্রসংগযুক্ত	prem prsNgyukj		
roof	roof	ruf	Cj	छत	रूफ	ছত	Cj	ছত	Cj		
room	room	rum	kmra	कमरा	रूम	কমরা	kmra	কমরা	kmra		
root	root	rut	zR	जड़	रुट	জড়	zR	জড়	zR		
rope	rope	rop	rssi	रस्सी	रोप	রস্সী	rssi	রস্সী	rssi		
rose	rose	roz	gulab	गुलाब	रोज	গুলাব	gulab	গুলাব	gulab		
rough	rough	rफ़	Kurqura	खुरदुरा	रफ़	খুরদুরা	Kurqura	খুরদুরা	Kurqura		
roughly	roughly	rogly	xnqazn	अंदाज़न	रोगलय	অংদাজ়ন	xnqazn	অংদাজ়ন	xnqazn		
round	round	raund	gol	गोल	राउंड	গোল	gol	গোল	gol		
route	route	rut	rasja	रास्ता	रूट	রাস্তা	rasja	রাস্তা	rasja		
routine	routine	rutin	rutin	रूटीन	रूटीन	রূটীন	rutin	রূটীন	rutin		
row	row	rou	pNkji	पंक्ति	रौ	পংক্তি	pNkji	পংক্তি	pNkji		
rub	rub	rb	rgRna	रगड़ना	रब	রগড়না	rgRna	রগড়না	rgRna		
rule	rule	rul	niym	नियम	रूल	নিযম	niym	নিযম	niym		
run	run	rn	qouRna	दौड़ना	रन	দৌড়না	qouRna	দৌড়না	qouRna		
running	running	rniNg	qouRna	दौड़ना	रनिंग	দৌড়না	qouRna	দৌড়না	qouRna		
rural	rural	rurl	gramin	ग्रामीण	रूरल	গ্রামীণ	gramin	গ্রামীণ	gramin		
rush	rush	rS	zlqbazi krna	जल्दबाज़ी करना	रश	জল্দবাজ়ী করনা	zlqbazi krna	জল্দবাজ়ী করনা	zlqbazi krna		
russian	russian	russiyn	rusi	रूसी	रुस्सियन	রূসী	rusi	রূসী	rusi		
sacred	sacred	sekred	pwijr	पवित्र	सेक्रेड	প঵িত্র	pwijr	প঵িত্র	pwijr		
sad	sad	saq	uqas	उदास	साद	উদাস	uqas	উদাস	uqas		
safe	safe	sef	surSij	सुरक्षित	सेफ	সুরক্ষিত	surSij	সুরক্ষিত	surSij		
safety	safety	sefti	surSa	सुरक्षा	सेफ्टी	সুরক্ষা	surSa	সুরক্ষা	surSa		
sake	sake	ske	Kajir	खातिर	सके	খাতির	Kajir	খাতির	Kajir		
salad	salad	slaq	slaq	सलाद	सलाद	সলাদ	slaq	সলাদ	slaq		
salary	salary	sxilri	wejn	वेतन	सैलरी	঵েতন	wejn	঵েতন	wejn		
sale	sale	sel	bikri	बिक्री	सेल	বিক্রী	bikri	বিক্রী	bikri		
sales	sales	sels	bikri	बिक्री	सेल्स	বিক্রী	bikri	বিক্রী	bikri		
salt	salt	salt	nmk	नमक	साल्ट	নমক	nmk	নমক	nmk		
same	same	Same	wvi	वही	शामे	঵হী	wvi	঵হী	wvi		
sample	sample	sximpl	nmuna	नमूना	सैंपल	নমূনা	nmuna	নমূনা	nmuna		
sanction	sanction	sxiNkSn	prjibnQ	प्रतिबंध	सैंक्शन	প্রতিবংধ	prjibnQ	প্রতিবংধ	prjibnQ		
sand	sand	sxind	rej	रेत	सैंड	রেত	rej	রেত	rej		
satellite	satellite	sॅtॅlait	upgrv	उपग्रह	सॅटॅलाइट	উপগ্রহ	upgrv	উপগ্রহ	upgrv		
satisfaction	satisfaction	stisfxikSn	snjusti	संतुष्टि	सटिस्फैक्शन	সংতুষ্টি	snjusti	সংতুষ্টি	snjusti		
satisfy	satisfy	stisfi	snjust krna	संतुष्ट करना	सटिस्फी	সংতুষ্ট করনা	snjust krna	সংতুষ্ট করনা	snjust krna		
sauce	sauce	sas	ctni	चटनी	सॉस	চটনী	ctni	চটনী	ctni		
save	sawe	sew	sveze	सहेजें	सेव	সহেজেং	sveze	সহেজেং	sveze		
saving	sawing	sewiNg	sveza za rva vxi	सहेजा जा रहा है	सेविंग	সহেজা জা রহা হৈ	sveza za rva vxi	সহেজা জা রহা হৈ	sveza za rva vxi		
say	say	se	kvo	कहो	से	কহো	kvo	কহো	kvo		
scale	scale	skel	pximana	पैमाना	स्केल	পৈমানা	pximana	পৈমানা	pximana		
scandal	scandal	skxindl	kand	कांड	स्कैंडल	কাংড	kand	কাংড	kand		
scared	scared	skareq	dra vuxa	डरा हुआ	सकारेद	ডরা হুআ	dra vuxa	ডরা হুআ	dra vuxa		
scenario	scenario	sineriyo	priqrSy	परिदृश्य	सिनेरियो	পরিদৃশ্য	priqrSy	পরিদৃশ্য	priqrSy		
scene	scene	sn	qrSy	दृश्य	सन	দৃশ্য	qrSy	দৃশ্য	qrSy		
schedule	schedule	scedule	xnusuci	अनुसूची	सचेडूले	অনুসূচী	xnusuci	অনুসূচী	xnusuci		
scheme	scheme	skim	yozna	योजना	स्कीम	যোজনা	yozna	যোজনা	yozna		
scholar	scholar	skalr	pndij	पंडित	स्कॉलर	পংডিত	pndij	পংডিত	pndij		
scholarship	scholarship	skalrSip	Cajrwrjji	छात्रवृत्ति	स्कालरशिप	ছাত্র঵ৃত্তি	Cajrwrjji	ছাত্র঵ৃত্তি	Cajrwrjji		
school	school	skul	skul	स्कूल	स्कूल	স্কূল	skul	স্কূল	skul		
science	science	sains	wigyan	विज्ञान	साइंस	঵িজ্ঞান	wigyan	঵িজ্ঞান	wigyan		
scientific	scientific	saintifik	wxigyanik	वैज्ञानिक	साइंटिफिक	঵ৈজ্ঞানিক	wxigyanik	঵ৈজ্ঞানিক	wxigyanik		
scientist	scientist	saintist	wxigyanik	वैज्ञानिक	साइंटिस्ट	঵ৈজ্ঞানিক	wxigyanik	঵ৈজ্ঞানিক	wxigyanik		
scope	scope	skop	qayra	दायरा	स्कोप	দাযরা	qayra	দাযরা	qayra		
score	score	skor	xNk	अंक	स्कोर	অংক	xNk	অংক	xNk		
scream	scream	skrim	ciK	चीख	स्क्रीम	চীখ	ciK	চীখ	ciK		
screen	screen	skrin	skrin	स्क्रीन	स्क्रीन	স্ক্রীন	skrin	স্ক্রীন	skrin		
script	script	skript	liKi vui kvani	लिखी हुई कहानी	स्क्रिप्ट	লিখী হুঈ কহানী	liKi vui kvani	লিখী হুঈ কহানী	liKi vui kvani		
sea	sea	se	smuqr	समुद्र	से	সমুদ্র	smuqr	সমুদ্র	smuqr		
search	search	src	jlaSi	तलाशी	सर्च	তলাশী	jlaSi	তলাশী	jlaSi		
season	season	sizn	mousm	मौसम	सीजन	মৌসম	mousm	মৌসম	mousm		
seat	seat	sit	sit	सीट	सीट	সীট	sit	সীট	sit		
second	second	seknd	qusra	दूसरा	सेकंड	দূসরা	qusra	দূসরা	qusra		
secret	secret	sikret	gupj	गुप्त	सीक्रेट	গুপ্ত	gupj	গুপ্ত	gupj		
secretary	secretary	sekretri	sciw	सचिव	सेक्रेटरी	সচি঵	sciw	সচি঵	sciw		
section	section	sekSn	Knd	खंड	सेक्शन	খংড	Knd	খংড	Knd		
sector	sector	sektr	Sejr	क्षेत्र	सेक्टर	ক্ষেত্র	Sejr	ক্ষেত্র	Sejr		
secure	secure	sikyor	surSij	सुरक्षित	सिक्योर	সুরক্ষিত	surSij	সুরক্ষিত	surSij		
security	security	sikyoriti	surSa	सुरक्षा	सिक्योरिटी	সুরক্ষা	surSa	সুরক্ষা	surSa		
see	see	si	qeKna	देखना	सी	দেখনা	qeKna	দেখনা	qeKna		
seed	seed	sid	biz	बीज	सीड	বীজ	biz	বীজ	biz		
seek	seek	sik	maNgna	मांगना	सीक	মাংগনা	maNgna	মাংগনা	maNgna		
seem	seem	sim	prjij vona	प्रतीत होना	सीम	প্রতীত হোনা	prjij vona	প্রতীত হোনা	prjij vona		
segment	segment	segment	Knd	खंड	सेगमेंट	খংড	Knd	খংড	Knd		
seize	seize	siज़e	ko zbj	को जब्त	सिज़े	কো জব্ত	ko zbj	কো জব্ত	ko zbj		
select	select	selekt	cunje vxi	चुनते हैं	सेलेक्ट	চুনতে হৈং	cunje vxi	চুনতে হৈং	cunje vxi		
selection	selection	silekSn	cyn	चयन	सिलेक्शन	চযন	cyn	চযন	cyn		
self	self	self	Kuq	खुद	सेल्फ	খুদ	Kuq	খুদ	Kuq		
sell	sell	sell	becna	बेचना	सेल्ल	বেচনা	becna	বেচনা	becna		
senate	senate	sinet	prbnQkarini smiji	प्रबंधकारिणी समिति	सीनेट	প্রবংধকারিণী সমিতি	prbnQkarini smiji	প্রবংধকারিণী সমিতি	prbnQkarini smiji		
senator	senator	sinetr	sinetr	सीनेटर	सीनेटर	সীনেটর	sinetr	সীনেটর	sinetr		
send	send	send	Bezna	भेजना	सेंड	ভেজনা	Bezna	ভেজনা	Bezna		
senior	senior	siniyr	wrisT	वरिष्ठ	सीनियर	঵রিষ্ঠ	wrisT	঵রিষ্ঠ	wrisT		
sense	sense	sens	wiwek	विवेक	सेंस	঵ি঵েক	wiwek	঵ি঵েক	wiwek		
sensitive	sensitiwe	sensitiw	snweqnSil	संवेदनशील	सेंसिटिव	সং঵েদনশীল	snweqnSil	সং঵েদনশীল	snweqnSil		
sentence	sentence	sentens	waky	वाक्य	सेंटेंस	঵াক্য	waky	঵াক্য	waky		
separate	separate	sepret	xlg	अलग	सेपरेट	অলগ	xlg	অলগ	xlg		
sequence	sekuence	sikwens	krm	क्रम	सीक्वेंस	ক্রম	krm	ক্রম	krm		
series	series	siriz	SrrNKla	श्रृंखला	सीरीज	শ্রৃংখলা	SrrNKla	শ্রৃংখলা	SrrNKla		
serious	serious	siriys	gmBir	गंभीर	सीरियस	গংভীর	gmBir	গংভীর	gmBir		
seriously	seriously	siriysli	gmBirja se	गंभीरता से	सीरियसली	গংভীরতা সে	gmBirja se	গংভীরতা সে	gmBirja se		
serve	serwe	srwe	sewa kr	सेवा कर	सर्वे	সে঵া কর	sewa kr	সে঵া কর	sewa kr		
service	serwice	srwis	srwis	सर्विस	सर्विस	সর্঵িস	srwis	সর্঵িস	srwis		
session	session	seSn	sjr	सत्र	सेशन	সত্র	sjr	সত্র	sjr		
set	set	set	smuv	समूह	सेट	সমূহ	smuv	সমূহ	smuv		
setting	setting	setiNg	sJapna	स्थापना	सेटिंग	স্থাপনা	sJapna	স্থাপনা	sJapna		
settle	settle	setl	niptara krna	निपटारा करना	सेटल	নিপটারা করনা	niptara krna	নিপটারা করনা	niptara krna		
settlement	settlement	setlment	smZouja	समझौता	सेटलमेंट	সমঝৌতা	smZouja	সমঝৌতা	smZouja		
seven	sewen	sewn	saj	सात	सेवन	সাত	saj	সাত	saj		
several	seweral	sewerl	kyi	कई	सेवेरल	কঈ	kyi	কঈ	kyi		
severe	sewere	siwiyr	gmBir	गंभीर	सीवियर	গংভীর	gmBir	গংভীর	gmBir		
sex	sex	seks	liNg	लिंग	सेक्स	লিংগ	liNg	লিংগ	liNg		
sexual	sexual	seksuxl	youn	यौन	सेक्सुअल	যৌন	youn	যৌন	youn		
shade	shade	Saqi	Caya	छाया	शादी	ছাযা	Caya	ছাযা	Caya		
shadow	shadow	Sxido	saya	साया	शैडो	সাযা	saya	সাযা	saya		
shake	shake	Sek	vilana	हिलाना	शेक	হিলানা	vilana	হিলানা	vilana		
shall	shall	Sal	krega	करेगा	शॉल	করেগা	krega	করেগা	krega		
shape	shape	Sep	xakar	आकार	शेप	আকার	xakar	আকার	xakar		
share	share	Seyr	Seyr krna	शेयर करना	शेयर	শেযর করনা	Seyr krna	শেযর করনা	Seyr krna		
sharp	sharp	Sarp	jiKa	तीखा	शार्प	তীখা	jiKa	তীখা	jiKa		
she	she	Si	wv	वह	शी	঵হ	wv	঵হ	wv		
sheet	sheet	Sit	caqr	चादर	शीट	চাদর	caqr	চাদর	caqr		
shelf	shelf	Self	qraz	दराज	शेल्फ	দরাজ	qraz	দরাজ	qraz		
shell	shell	Sxil	sip	सीप	शैल	সীপ	sip	সীপ	sip		
shelter	shelter	Seltr	xaSry	आश्रय	शेल्टर	আশ্রয	xaSry	আশ্রয	xaSry		
shift	shift	Sift	Kisk zana	खिसक जाना	शिफ्ट	খিসক জানা	Kisk zana	খিসক জানা	Kisk zana		
shine	shine	Sain	cmk	चमक	शाइन	চমক	cmk	চমক	cmk		
ship	ship	Sip	smunqri zvaz	समुंद्री जहाज	शिप	সমুংদ্রী জহাজ	smunqri zvaz	সমুংদ্রী জহাজ	smunqri zvaz		
shirt	shirt	Srt	Srt	शर्ट	शर्ट	শর্ট	Srt	শর্ট	Srt		
shit	shit	svij	ml	मल	सहित	মল	ml	মল	ml		
shock	shock	Sak	Ztka	झटका	शॉक	ঝটকা	Ztka	ঝটকা	Ztka		
shoe	shoe	Su	zuja	जूता	शू	জূতা	zuja	জূতা	zuja		
shoot	shoot	Sut	goli mar	गोली मार	शूट	গোলী মার	goli mar	গোলী মার	goli mar		
shooting	shooting	SutiNg	SutiNg	शूटिंग	शूटिंग	শূটিংগ	SutiNg	শূটিংগ	SutiNg		
shop	shop	Sap	qukan	दुकान	शॉप	দুকান	qukan	দুকান	qukan		
shopping	shopping	SapiNg	Kriqari	खरीदारी	शॉपिंग	খরীদারী	Kriqari	খরীদারী	Kriqari		
shore	shore	Sore	kinara	किनारा	शोरे	কিনারা	kinara	কিনারা	kinara		
short	short	Sart	km	कम	शार्ट	কম	km	কম	km		
shortly	shortly	Sartli	kuC vi qer me	कुछ ही देर में	शॉर्टली	কুছ হী দের মেং	kuC vi qer me	কুছ হী দের মেং	kuC vi qer me		
shot	shot	Sat	goli marna	गोली मारना	शॉट	গোলী মারনা	goli marna	গোলী মারনা	goli marna		
should	should	Sud	cavie	चाहिए	शुड	চাহিএ	cavie	চাহিএ	cavie		
shoulder	shoulder	Soldr	knQa	कंधा	शोल्डर	কংধা	knQa	কংধা	knQa		
shout	shout	Sat	cillana	चिल्लाना	शॉट	চিল্লানা	cillana	চিল্লানা	cillana		
show	show	So	prqrSn	प्रदर्शन	शो	প্রদর্শন	prqrSn	প্রদর্শন	prqrSn		
shower	shower	Sawr	bouCar	बौछार	शावर	বৌছার	bouCar	বৌছার	bouCar		
shrug	shrug	SrNg	knQe uckane ki kriya	कंधे उचकाने की क्रिया	शृंग	কংধে উচকানে কী ক্রিযা	knQe uckane ki kriya	কংধে উচকানে কী ক্রিযা	knQe uckane ki kriya		
shut	shut	St	bnq krna	बंद करना	शट	বংদ করনা	bnq krna	বংদ করনা	bnq krna		
sick	sick	sik	bimar	बीमार	सिक	বীমার	bimar	বীমার	bimar		
side	side	said	pS	पक्ष	साइड	পক্ষ	pS	পক্ষ	pS		
sigh	sigh	siG	sans	साँस	सिघ	সাঁস	sans	সাঁস	sans		
sight	sight	siGj	qrSy	दृश्य	सिघ्त	দৃশ্য	qrSy	দৃশ্য	qrSy		
sign	sign	sign	sNkej	संकेत	सिग्न	সংকেত	sNkej	সংকেত	sNkej		
signal	signal	signl	sNkej	संकेत	सिग्नल	সংকেত	sNkej	সংকেত	sNkej		
significance	significance	signifikens	mvjw	महत्व	सिग्नीफिकेन्स	মহত্঵	mvjw	মহত্঵	mvjw		
significant	significant	signifikent	mvjwpurn	महत्वपूर्ण	सिग्नीफिकेंट	মহত্঵পূর্ণ	mvjwpurn	মহত্঵পূর্ণ	mvjwpurn		
significantly	significantly	signifikanjli	kafi	काफी	सिग्नीफिकांतली	কাফী	kafi	কাফী	kafi		
silence	silence	sailens	Sanji	शांति	साइलेंस	শাংতি	Sanji	শাংতি	Sanji		
silent	silent	sailent	cupcap	चुपचाप	साइलेंट	চুপচাপ	cupcap	চুপচাপ	cupcap		
silver	silwer	silwr	canqi	चांदी	सिल्वर	চাংদী	canqi	চাংদী	canqi		
similar	similar	similr	ek zxisa	एक जैसा	सिमिलर	এক জৈসা	ek zxisa	এক জৈসা	ek zxisa		
similarly	similarly	similarli	usi prkar	उसी प्रकार	सिमिलारली	উসী প্রকার	usi prkar	উসী প্রকার	usi prkar		
simple	simple	simpl	srl	सरल	सिंपल	সরল	srl	সরল	srl		
simply	simply	simpli	kewl	केवल	सिम्पली	কে঵ল	kewl	কে঵ল	kewl		
sin	sin	sin	pap	पाप	सिन	পাপ	pap	পাপ	pap		
since	since	sins	zbse	जबसे	सीन्स	জবসে	zbse	জবসে	zbse		
sing	sing	siNg	gao	गाओ	सींग	গাও	gao	গাও	gao		
singer	singer	siNgr	gayk	गायक	सिंगर	গাযক	gayk	গাযক	gayk		
single	single	siNgl	ek	एक	सिंगल	এক	ek	এক	ek		
sink	sink	siNk	dubna	डूबना	सिंक	ডূবনা	dubna	ডূবনা	dubna		
sir	sir	sr	mvoqy	महोदय	सर	মহোদয	mvoqy	মহোদয	mvoqy		
sister	sister	sistr	bvn	बहन	सिस्टर	বহন	bvn	বহন	bvn		
sit	sit	sit	bxiTiye	बैठिये	सीट	বৈঠিযে	bxiTiye	বৈঠিযে	bxiTiye		
site	site	sait	sait	साइट	साइट	সাইট	sait	সাইট	sait		
situation	situation	sicueSn	prisJiji	परिस्थिति	सिचुएशन	পরিস্থিতি	prisJiji	পরিস্থিতি	prisJiji		
six	six	siks	Cv	छह	सिक्स	ছহ	Cv	ছহ	Cv		
size	size	saiz	xakar	आकार	साइज	আকার	xakar	আকার	xakar		
ski	ski	ski	ski	स्की	स्की	স্কী	ski	স্কী	ski		
skill	skill	skil	kouSl	कौशल	स्किल	কৌশল	kouSl	কৌশল	kouSl		
skin	skin	skin	jwca	त्वचा	स्किन	ত্঵চা	jwca	ত্঵চা	jwca		
sky	sky	skai	xakaS	आकाश	स्काई	আকাশ	xakaS	আকাশ	xakaS		
slave	slawe	slew	qas	दास	स्लेव	দাস	qas	দাস	qas		
sleep	sleep	slip	sona	सोना	स्लीप	সোনা	sona	সোনা	sona		
slice	slice	slais	tukRa	टुकड़ा	स्लाइस	টুকড়া	tukRa	টুকড়া	tukRa		
slide	slide	slaid	fisl ptti	फिसल पट्टी	स्लाइड	ফিসল পট্টী	fisl ptti	ফিসল পট্টী	fisl ptti		
slight	slight	sligj	JoRa	थोड़ा	सलीगत	থোড়া	JoRa	থোড়া	JoRa		
slightly	slightly	sliNgtli	JoRa	थोड़ा	स्लिंगटली	থোড়া	JoRa	থোড়া	JoRa		
slip	slip	slip	prci	पर्ची	स्लिप	পর্চী	prci	পর্চী	prci		
slow	slow	slo	Qima	धीमा	स्लो	ধীমা	Qima	ধীমা	Qima		
slowly	slowly	slouli	Qire se	धीरे से	सलौली	ধীরে সে	Qire se	ধীরে সে	Qire se		
small	small	smal	Cota	छोटा	स्माल	ছোটা	Cota	ছোটা	Cota		
smart	smart	smart	voSiyar	होशियार	स्मार्ट	হোশিযার	voSiyar	হোশিযার	voSiyar		
smell	smell	smel	mvk	महक	स्मेल	মহক	mvk	মহক	mvk		
smile	smile	smail	muskurao	मुस्कुराओ	स्माइल	মুস্কুরাও	muskurao	মুস্কুরাও	muskurao		
smoke	smoke	smok	Quxa	धुआँ	स्मोक	ধুআঁ	Quxa	ধুআঁ	Quxa		
smooth	smooth	smuJ	cikna	चिकना	स्मूथ	চিকনা	cikna	চিকনা	cikna		
snap	snap	snep	ctkana	चटकाना	स्नेप	চটকানা	ctkana	চটকানা	ctkana		
snow	snow	sno	brf	बर्फ	स्नो	বর্ফ	brf	বর্ফ	brf		
so	so	so	islie	इसलिए	सो	ইসলিএ	islie	ইসলিএ	islie		
so-called	so-called	so-kald	jJakJij	तथाकथित	सो-कॉल्ड	তথাকথিত	jJakJij	তথাকথিত	jJakJij		
soccer	soccer	sakr	futbal	फ़ुटबॉल	सॉकर	ফ়ুটব৉ল	futbal	ফ়ুটব৉ল	futbal		
social	social	soSl	samazik	सामाजिक	सोशल	সামাজিক	samazik	সামাজিক	samazik		
society	society	sosaiti	smaz	समाज	सोसाइटी	সমাজ	smaz	সমাজ	smaz		
soft	soft	saft	mulaym	मुलायम	सॉफ्ट	মুলাযম	mulaym	মুলাযম	mulaym		
software	software	saftweyr	saftweyr	सॉफ़्टवेयर	सॉफ्टवेयर	স৉ফ়্ট঵েযর	saftweyr	স৉ফ়্ট঵েযর	saftweyr		
soil	soil	sail	Qrji	धरती	साइल	ধরতী	Qrji	ধরতী	Qrji		
solar	solar	solr	sour	सौर	सोलर	সৌর	sour	সৌর	sour		
soldier	soldier	solzr	fozi	फोजी	सोल्जर	ফোজী	fozi	ফোজী	fozi		
solid	solid	salid	Tos	ठोस	सॉलिड	ঠোস	Tos	ঠোস	Tos		
solution	solution	sluSn	smaQan	समाधान	सलूशन	সমাধান	smaQan	সমাধান	smaQan		
solve	solwe	solwe	vl krna	हल करना	सोल्वे	হল করনা	vl krna	হল করনা	vl krna		
some	some	sm	kuC	कुछ	सम	কুছ	kuC	কুছ	kuC		
somebody	somebody	smbdi	koi	कोई	समबडी	কোঈ	koi	কোঈ	koi		
somehow	somehow	somevo	kisi n kisi jrv	किसी न किसी तरह	सोमेहो	কিসী ন কিসী তরহ	kisi n kisi jrv	কিসী ন কিসী তরহ	kisi n kisi jrv		
someone	someone	smwn	koi jo	कोई तो	समवन	কোঈ তো	koi jo	কোঈ তো	koi jo		
something	something	smJiNg	kuC	कुछ	समथिंग	কুছ	kuC	কুছ	kuC		
sometimes	sometimes	somejimes	kBi–kBi	कभी–कभी	सोमेतिमेस	কভী–কভী	kBi–kBi	কভী–কভী	kBi–kBi		
somewhat	somewhat	smuvj	kuC vq jk	कुछ हद तक	समूहत	কুছ হদ তক	kuC vq jk	কুছ হদ তক	kuC vq jk		
somewhere	somewhere	smweyr	kvi	कहीं	समवेयर	কহীং	kvi	কহীং	kvi		
son	son	son	beta	बेटा	सोन	বেটা	beta	বেটা	beta		
song	song	saNg	gana	गाना	सांग	গানা	gana	গানা	gana		
soon	soon	sun	zlq vi	जल्द ही	सून	জল্দ হী	zlq vi	জল্দ হী	zlq vi		
sophisticated	sophisticated	sofistiketed	priskrj	परिष्कृत	सोफिस्टिकेटेड	পরিষ্কৃত	priskrj	পরিষ্কৃত	priskrj		
sorry	sorry	sari	maf krna	माफ़ करना	सॉरी	মাফ় করনা	maf krna	মাফ় করনা	maf krna		
sort	sort	sart	krm se lgana	क्रम से लगाना	सॉर्ट	ক্রম সে লগানা	krm se lgana	ক্রম সে লগানা	krm se lgana		
soul	soul	sol	xajma	आत्मा	सोल	আত্মা	xajma	আত্মা	xajma		
sound	sound	saund	Qwni	ध्वनि	साउंड	ধ্঵নি	Qwni	ধ্঵নি	Qwni		
soup	soup	sup	Sorba	शोरबा	सूप	শোরবা	Sorba	শোরবা	Sorba		
source	source	sors	sroj	स्रोत	सोर्स	স্রোত	sroj	স্রোত	sroj		
south	south	sauJ	qSin	दक्षिण	साउथ	দক্ষিণ	qSin	দক্ষিণ	qSin		
southern	southern	sauJrn	qSin	दक्षिण	साउथर्न	দক্ষিণ	qSin	দক্ষিণ	qSin		
soviet	sowiet	sowiyj	sowiyj	सोवियत	सोवियत	সো঵িযত	sowiyj	সো঵িযত	sowiyj		
space	space	spes	xnjriS	अंतरिक्ष	स्पेस	অংতরিক্ষ	xnjriS	অংতরিক্ষ	xnjriS		
spanish	spanish	speniS	spxiniS	स्पैनिश	स्पेनिश	স্পৈনিশ	spxiniS	স্পৈনিশ	spxiniS		
speak	speak	spik	bolna	बोलना	स्पीक	বোলনা	bolna	বোলনা	bolna		
speaker	speaker	spikr	wkja	वक्ता	स्पीकर	঵ক্তা	wkja	঵ক্তা	wkja		
special	special	speSl	wiSes	विशेष	स्पेशल	঵িশেষ	wiSes	঵িশেষ	wiSes		
specialist	specialist	speSlist	SPECIALIST	SPECIALIST	स्पेशलिस्ट	SPECIALIST	SPECIALIST	SPECIALIST	SPECIALIST		
species	species	spiSiz	przajiya	प्रजातियाँ	स्पीशीज	প্রজাতিযাঁ	przajiya	প্রজাতিযাঁ	przajiya		
specific	specific	spesifik	wiSist	विशिष्ट	स्पेसिफिक	঵িশিষ্ট	wiSist	঵িশিষ্ট	wiSist		
specifically	specifically	spesifiklly	wiSes rup se	विशेष रूप से	स्पेसिफिकल्ल्य	঵িশেষ রূপ সে	wiSes rup se	঵িশেষ রূপ সে	wiSes rup se		
speech	speech	spic	Basn	भाषण	स्पीच	ভাষণ	Basn	ভাষণ	Basn		
speed	speed	spid	rfjar	रफ़्तार	स्पीड	রফ়্তার	rfjar	রফ়্তার	rfjar		
spend	spend	spend	Krc krje vxi	खर्च करते हैं	स्पेंड	খর্চ করতে হৈং	Krc krje vxi	খর্চ করতে হৈং	Krc krje vxi		
spending	spending	spendiNg	Krc	खर्च	स्पेंडिंग	খর্চ	Krc	খর্চ	Krc		
spin	spin	spin	Gumana	घुमाना	स्पिन	ঘুমানা	Gumana	ঘুমানা	Gumana		
spirit	spirit	spirit	xajma	आत्मा	स्पिरिट	আত্মা	xajma	আত্মা	xajma		
spiritual	spiritual	spiricuxl	xaQyajmik	आध्यात्मिक	स्पिरिचुअल	আধ্যাত্মিক	xaQyajmik	আধ্যাত্মিক	xaQyajmik		
split	split	split	wiBazij krna	विभाजित करना	स्प्लिट	঵িভাজিত করনা	wiBazij krna	঵িভাজিত করনা	wiBazij krna		
spokesman	spokesman	spoksmxin	prwkja	प्रवक्ता	स्पोक्समैन	প্র঵ক্তা	prwkja	প্র঵ক্তা	prwkja		
sport	sport	sport	Kel	खेल	स्पोर्ट	খেল	Kel	খেল	Kel		
spot	spot	spat	sJan	स्थान	स्पॉट	স্থান	sJan	স্থান	sJan		
spread	spread	spred	fxila vuxa	फैला हुआ	स्प्रेड	ফৈলা হুআ	fxila vuxa	ফৈলা হুআ	fxila vuxa		
spring	spring	spriNg	wsnj	वसंत	स्प्रिंग	঵সংত	wsnj	঵সংত	wsnj		
square	skuare	skwayr	wrg	वर्ग	स्क्वायर	঵র্গ	wrg	঵র্গ	wrg		
squeeze	skueeze	skwiज़	nicoRna	निचोड़ना	स्क्वीज़	নিচোড়না	nicoRna	নিচোড়না	nicoRna		
stability	stability	stebiliti	sJirja	स्थिरता	स्टेबिलिटी	স্থিরতা	sJirja	স্থিরতা	sJirja		
stable	stable	stebl	sJir	स्थिर	स्टेबल	স্থির	sJir	স্থির	sJir		
staff	staff	staf	krmcari	कर्मचारी	स्टाफ	কর্মচারী	krmcari	কর্মচারী	krmcari		
stage	stage	stez	mnc	मंच	स्टेज	মংচ	mnc	মংচ	mnc		
stair	stair	sjxir	siRi	सीढ़ी	स्तैर	সীঢ়ী	siRi	সীঢ়ী	siRi		
stake	stake	stake	qanw lgana	दांव लगाना	सटाके	দাং঵ লগানা	qanw lgana	দাং঵ লগানা	qanw lgana		
stand	stand	stxind	stxind	स्टैंड	स्टैंड	স্টৈংড	stxind	স্টৈংড	stxind		
standard	standard	stxindrd	mank	मानक	स्टैण्डर्ड	মানক	mank	মানক	mank		
standing	standing	stxindiNg	KRa vxi	खड़ा है	स्टैंडिंग	খড়া হৈ	KRa vxi	খড়া হৈ	KRa vxi		
star	star	star	sijara	सितारा	स्टार	সিতারা	sijara	সিতারা	sijara		
stare	stare	sjr	ektk qeKna	एकटक देखना	स्तर	একটক দেখনা	ektk qeKna	একটক দেখনা	ektk qeKna		
start	start	start	prarmB	प्रारंभ	स्टार्ट	প্রারংভ	prarmB	প্রারংভ	prarmB		
state	state	stet	razy	राज्य	स्टेट	রাজ্য	razy	রাজ্য	razy		
statement	statement	stetment	byan	बयान	स्टेटमेंट	বযান	byan	বযান	byan		
station	station	steSn	steSn	स्टेशन	स्टेशन	স্টেশন	steSn	স্টেশন	steSn		
statistics	statistics	stetistiks	xaNkRe	आंकड़े	स्टेटिस्टिक्स	আংকড়ে	xaNkRe	আংকড়ে	xaNkRe		
status	status	stets	qrza	दर्जा	स्टेटस	দর্জা	qrza	দর্জা	qrza		
stay	stay	ste	rvna	रहना	स्टे	রহনা	rvna	রহনা	rvna		
steady	steady	stedi	niymij	नियमित	स्टेडी	নিযমিত	niymij	নিযমিত	niymij		
steal	steal	stil	curana	चुराना	स्टील	চুরানা	curana	চুরানা	curana		
steel	steel	stil	ispaj	इस्पात	स्टील	ইস্পাত	ispaj	ইস্পাত	ispaj		
step	step	step	kqm	कदम	स्टेप	কদম	kqm	কদম	kqm		
stick	stick	stik	CRi	छड़ी	स्टिक	ছড়ী	CRi	ছড়ী	CRi		
still	still	stil	fir Bi	फिर भी	स्टिल	ফির ভী	fir Bi	ফির ভী	fir Bi		
stir	stir	sjir	vlcl	हलचल	स्तिर	হলচল	vlcl	হলচল	vlcl		
stock	stock	stak	Bndar	भण्डार	स्टॉक	ভণ্ডার	Bndar	ভণ্ডার	Bndar		
stomach	stomach	sjomc	pet	पेट	स्तोमच	পেট	pet	পেট	pet		
stone	stone	ston	pJri	पथरी	स्टोन	পথরী	pJri	পথরী	pJri		
stop	stop	stap	wiram	विराम	स्टॉप	঵িরাম	wiram	঵িরাম	wiram		
storage	storage	storez	Bndarn	भंडारण	स्टोरेज	ভংডারণ	Bndarn	ভংডারণ	Bndarn		
store	store	stor	qukan	दुकान	स्टोर	দুকান	qukan	দুকান	qukan		
storm	storm	starm	xanQi	आंधी	स्टॉर्म	আংধী	xanQi	আংধী	xanQi		
story	story	stori	kvani	कहानी	स्टोरी	কহানী	kvani	কহানী	kvani		
straight	straight	strxit	siQa	सीधा	स्ट्रैट	সীধা	siQa	সীধা	siQa		
strange	strange	strenz	xnoKa	अनोखा	स्ट्रेंज	অনোখা	xnoKa	অনোখা	xnoKa		
stranger	stranger	strenzr	xznbi	अजनबी	स्ट्रेंजर	অজনবী	xznbi	অজনবী	xznbi		
strategic	strategic	stretezik	samrik	सामरिक	स्ट्रेटेजिक	সামরিক	samrik	সামরিক	samrik		
strategy	strategy	stretezi	rnniji	रणनीति	स्ट्रेटेजी	রণনীতি	rnniji	রণনীতি	rnniji		
stream	stream	strim	Qara	धारा	स्ट्रीम	ধারা	Qara	ধারা	Qara		
street	street	strit	sRk	सड़क	स्ट्रीट	সড়ক	sRk	সড়ক	sRk		
strength	strength	strenJ	jakj	ताकत	स्ट्रेंथ	তাকত	jakj	তাকত	jakj		
strengthen	strengthen	streNgJen	ko mzbuj	को मजबूत	स्ट्रेंग्थेन	কো মজবূত	ko mzbuj	কো মজবূত	ko mzbuj		
stress	stress	stres	jnaw	तनाव	स्ट्रेस	তনা঵	jnaw	তনা঵	jnaw		
stretch	stretch	strec	fxilaw	फैलाव	स्ट्रेच	ফৈলা঵	fxilaw	ফৈলা঵	fxilaw		
strike	strike	straik	Qrna	धरना	स्ट्राइक	ধরনা	Qrna	ধরনা	Qrna		
string	string	striNg	dori	डोरी	स्ट्रिंग	ডোরী	dori	ডোরী	dori		
strip	strip	strip	ptti	पट्टी	स्ट्रिप	পট্টী	ptti	পট্টী	ptti		
stroke	stroke	strok	xaGaj	आघात	स्ट्रोक	আঘাত	xaGaj	আঘাত	xaGaj		
strong	strong	straNg	blwan	बलवान	स्ट्रांग	বল঵ান	blwan	বল঵ান	blwan		
strongly	strongly	strangli	qrRja se	दृढ़ता से	स्ट्रॉन्ग्ली	দৃঢ়তা সে	qrRja se	দৃঢ়তা সে	qrRja se		
structure	structure	strkcr	snrcna	संरचना	स्ट्रक्चर	সংরচনা	snrcna	সংরচনা	snrcna		
struggle	struggle	strgl	lRai	लड़ाई	स्ट्रगल	লড়াঈ	lRai	লড়াঈ	lRai		
student	student	student	Cajr	छात्र	स्टूडेंट	ছাত্র	Cajr	ছাত্র	Cajr		
studio	studio	studiyo	studiyo	स्टूडियो	स्टूडियो	স্টূডিযো	studiyo	স্টূডিযো	studiyo		
study	study	stdi	xQyyn	अध्ययन	स्टडी	অধ্যযন	xQyyn	অধ্যযন	xQyyn		
stuff	stuff	stf	samgri	सामग्री	स्टफ	সামগ্রী	samgri	সামগ্রী	samgri		
stupid	stupid	stupid	bewkuf	बेवकूफ	स्टुपिड	বে঵কূফ	bewkuf	বে঵কূফ	bewkuf		
style	style	stail	Sxili	शैली	स्टाइल	শৈলী	Sxili	শৈলী	Sxili		
subject	subzect	sbzekt	wisy	विषय	सब्जेक्ट	঵িষয	wisy	঵িষয	wisy		
submit	submit	sbmit	prsjuj	प्रस्तुत	सबमिट	প্রস্তুত	prsjuj	প্রস্তুত	prsjuj		
subsequent	subsekuent	sbsekent	baq ka	बाद का	सबसेकेंट	বাদ কা	baq ka	বাদ কা	baq ka		
substance	substance	sbstans	pqarJ	पदार्थ	सब्सटांस	পদার্থ	pqarJ	পদার্থ	pqarJ		
substantial	substantial	sbstantiyl	snjosznk	संतोषजनक	सब्सटांटियल	সংতোষজনক	snjosznk	সংতোষজনক	snjosznk		
succeed	succeed	sksid	sfl vona	सफल होना	सक्सीड	সফল হোনা	sfl vona	সফল হোনা	sfl vona		
success	success	skses	sflja	सफलता	सक्सेस	সফলতা	sflja	সফলতা	sflja		
successful	successful	sksesful	sfl	सफल	सक्सेसफुल	সফল	sfl	সফল	sfl		
successfully	successfully	sksessfulli	sfljapurwk	सफलतापूर्वक	सक्सेस्स्फुल्ली	সফলতাপূর্঵ক	sfljapurwk	সফলতাপূর্঵ক	sfljapurwk		
such	such	suc	esa	ऐसा	सुच	ঐসা	esa	ঐসা	esa		
sudden	sudden	suqqin	xcank	अचानक	सुद्दीन	অচানক	xcank	অচানক	xcank		
suddenly	suddenly	sdnli	xcank se	अचानक से	सडनली	অচানক সে	xcank se	অচানক সে	xcank se		
sue	sue	sue	mukqma clana	मुक़दमा चलाना	सूए	মুক়দমা চলানা	mukqma clana	মুক়দমা চলানা	mukqma clana		
suffer	suffer	suffer	Bugjna	भुगतना	सुफ्फेर	ভুগতনা	Bugjna	ভুগতনা	Bugjna		
sufficient	sufficient	suffisient	pryapj	पर्याप्त	सुफ्फिसिएंट	পর্যাপ্ত	pryapj	পর্যাপ্ত	pryapj		
sugar	sugar	Sugr	cini	चीनी	शुगर	চীনী	cini	চীনী	cini		
suggest	suggest	suggest	suZaw qena	सुझाव देना	सुग्गेस्ट	সুঝা঵ দেনা	suZaw qena	সুঝা঵ দেনা	suZaw qena		
suggestion	suggestion	suggestiw	suZaw	सुझाव	सुग्गेस्टिव	সুঝা঵	suZaw	সুঝা঵	suZaw		
suicide	suicide	susaid	xajmGaji	आत्मघाती	सुसाइड	আত্মঘাতী	xajmGaji	আত্মঘাতী	xajmGaji		
suit	suit	sut	suwiQaznk vona	सुविधाजनक होना	सूट	সু঵িধাজনক হোনা	suwiQaznk vona	সু঵িধাজনক হোনা	suwiQaznk vona		
summer	summer	smr	grmi	गर्मी	समर	গর্মী	grmi	গর্মী	grmi		
summit	summit	smit	bxiTk	बैठक	समिट	বৈঠক	bxiTk	বৈঠক	bxiTk		
sun	sun	sun	rwi	रवि	सुन	র঵ি	rwi	র঵ি	rwi		
super	super	supr	ujjm	उत्तम	सुपर	উত্তম	ujjm	উত্তম	ujjm		
supply	supply	splai	xapurji	आपूर्ति	सप्लाई	আপূর্তি	xapurji	আপূর্তি	xapurji		
support	support	sport	svyog	सहयोग	सपोर्ट	সহযোগ	svyog	সহযোগ	svyog		
supporter	supporter	supportr	smrJk	समर्थक	सुप्पोर्टर	সমর্থক	smrJk	সমর্থক	smrJk		
suppose	suppose	suppose	man lizie	मान लीजिए	सूपपोसे	মান লীজিএ	man lizie	মান লীজিএ	man lizie		
supposed	supposed	supposeq	klpij	कल्पित	सुप्पोसेद	কল্পিত	klpij	কল্পিত	klpij		
supreme	supreme	suprim	suprim	सुप्रीम	सुप्रीम	সুপ্রীম	suprim	সুপ্রীম	suprim		
sure	sure	sure	zrur	ज़रूर	सूरे	জ়রূর	zrur	জ়রূর	zrur		
surely	surely	sureli	niScij rup se	निश्चित रूप से	सुरेली	নিশ্চিত রূপ সে	niScij rup se	নিশ্চিত রূপ সে	niScij rup se		
surface	surface	srfes	sjv	सतह	सरफेस	সতহ	sjv	সতহ	sjv		
surgery	surgery	srzri	Sly cikijsa	शल्य चिकित्सा	सर्जरी	শল্য চিকিত্সা	Sly cikijsa	শল্য চিকিত্সা	Sly cikijsa		
surprise	surprise	srpraiz	xaScry	आश्चर्य	सरप्राइज	আশ্চর্য	xaScry	আশ্চর্য	xaScry		
surprised	surprised	surprised	xaScry ckij	आश्चर्य चकित	सुरप्रीसेड	আশ্চর্য চকিত	xaScry ckij	আশ্চর্য চকিত	xaScry ckij		
surprising	surprising	surprisiNg	couNka qene wala	चौंका देने वाला	सुर्प्रिसिंग	চৌংকা দেনে ঵ালা	couNka qene wala	চৌংকা দেনে ঵ালা	couNka qene wala		
surprisingly	surprisingly	surprisiNgly	vxirani ki baj vxi	हैरानी की बात है	सुर्प्रिसिंगलय	হৈরানী কী বাত হৈ	vxirani ki baj vxi	হৈরানী কী বাত হৈ	vxirani ki baj vxi		
surround	surround	sraund	caro or se Gerna	चारों ओर से घेरना	सराउंड	চারোং ওর সে ঘেরনা	caro or se Gerna	চারোং ওর সে ঘেরনা	caro or se Gerna		
survey	surwey	srwe	srweSn	सर्वेक्षण	सर्वे	সর্঵েক্ষণ	srweSn	সর্঵েক্ষণ	srweSn		
survival	surwiwal	srwaiwl	ziwij rvna	जीवित रहना	सर्वाइवल	জী঵িত রহনা	ziwij rvna	জী঵িত রহনা	ziwij rvna		
survive	surwiwe	srwaiw	ziwij bcna	जीवित बचना	सर्वाइव	জী঵িত বচনা	ziwij bcna	জী঵িত বচনা	ziwij bcna		
survivor	surwiwor	srwaiwr	ujjrziwi	उत्तरजीवी	सर्वाइवर	উত্তরজী঵ী	ujjrziwi	উত্তরজী঵ী	ujjrziwi		
suspect	suspect	sspekt	snqigQ wykji	संदिग्ध व्यक्ति	सस्पेक्ट	সংদিগ্ধ ঵্যক্তি	snqigQ wykji	সংদিগ্ধ ঵্যক্তি	snqigQ wykji		
sustain	sustain	ssten	bnae rKna	बनाए रखना	सस्टेन	বনাএ রখনা	bnae rKna	বনাএ রখনা	bnae rKna		
swear	swear	swexr	ksm Kaja	कसम खाता	स्वेअर	কসম খাতা	ksm Kaja	কসম খাতা	ksm Kaja		
sweep	sweep	swip	ZaRu lga qo	झाड़ू लगा दो	स्वीप	ঝাড়ূ লগা দো	ZaRu lga qo	ঝাড়ূ লগা দো	ZaRu lga qo		
sweet	sweet	swit	miTa	मीठा	स्वीट	মীঠা	miTa	মীঠা	miTa		
swim	swim	swim	jxirna	तैरना	स्विम	তৈরনা	jxirna	তৈরনা	jxirna		
swing	swing	swiNg	Zula	झूला	स्विंग	ঝূলা	Zula	ঝূলা	Zula		
switch	switch	swic	bqlna	बदलना	स्विच	বদলনা	bqlna	বদলনা	bqlna		
symbol	symbol	simbl	cinv, prjik	चिन्ह, प्रतीक	सिंबल	চিন্হ, প্রতীক	cinv, prjik	চিন্হ, প্রতীক	cinv, prjik		
symptom	symptom	simptm	lSn	लक्षण	सिम्प्टम	লক্ষণ	lSn	লক্ষণ	lSn		
system	system	sistm	wywsJa	व्यवस्था	सिस्टम	঵্য঵স্থা	wywsJa	঵্য঵স্থা	wywsJa		
table	table	tebl	mez	मेज़	टेबल	মেজ়	mez	মেজ়	mez		
tablespoon	tablespoon	jblespun	bRa cmca	बड़ा चमचा	तबलेसपूण	বড়া চমচা	bRa cmca	বড়া চমচা	bRa cmca		
tactic	tactic	txiktik	rnniji	रणनीति	टैक्टिक	রণনীতি	rnniji	রণনীতি	rnniji		
tail	tail	tel	punC	पूंछ	टेल	পূংছ	punC	পূংছ	punC		
take	take	tek	lena	लेना	टेक	লেনা	lena	লেনা	lena		
tale	tale	tel	kvani	कहानी	टेल	কহানী	kvani	কহানী	kvani		
talent	talent	txilent	prjiBa	प्रतिभा	टैलेंट	প্রতিভা	prjiBa	প্রতিভা	prjiBa		
talk	talk	tak	baj krna	बात करना	टॉक	বাত করনা	baj krna	বাত করনা	baj krna		
tall	tall	tall	lmba	लंबा	टालल	লংবা	lmba	লংবা	lmba		
tank	tank	txiNk	txiNk	टैंक	टैंक	টৈংক	txiNk	টৈংক	txiNk		
tap	tap	jp	nl	नल	तप	নল	nl	নল	nl		
tape	tape	tep	fija	फीता	टेप	ফীতা	fija	ফীতা	fija		
target	target	target	lSy	लक्ष्य	टारगेट	লক্ষ্য	lSy	লক্ষ্য	lSy		
task	task	task	kam	काम	टास्क	কাম	kam	কাম	kam		
taste	taste	tasje	swaq	स्वाद	टास्ते	স্঵াদ	swaq	স্঵াদ	swaq		
tax	tax	txiks	kr	कर	टैक्स	কর	kr	কর	kr		
taxpayer	taxpayer	txikspeyr	krqaja	करदाता	टैक्सपेयर	করদাতা	krqaja	করদাতা	krqaja		
tea	tea	tiya	cay	चाय	टिया	চায	cay	চায	cay		
teach	teach	tic	siKana	सिखाना	टीच	সিখানা	siKana	সিখানা	siKana		
teacher	teacher	ticr	SiSk	शिक्षक	टीचर	শিক্ষক	SiSk	শিক্ষক	SiSk		
teaching	teaching	ticiNg	SiSn	शिक्षण	टीचिंग	শিক্ষণ	SiSn	শিক্ষণ	SiSn		
team	team	tim	tim	टीम	टीम	টীম	tim	টীম	tim		
tear	tear	texr	xansu	आँसू	टेअर	আঁসূ	xansu	আঁসূ	xansu		
teaspoon	teaspoon	tispun	Coti cmmc	छोटी चम्मच	टीस्पून	ছোটী চম্মচ	Coti cmmc	ছোটী চম্মচ	Coti cmmc		
technical	technical	teknikl	jkniki	तकनीकी	टेक्निकल	তকনীকী	jkniki	তকনীকী	jkniki		
technique	technikue	jknik	jknik	तकनीक	तकनीक	তকনীক	jknik	তকনীক	jknik		
technology	technology	teknolazi	jkniki	तकनीकी	टेक्नोलॉजी	তকনীকী	jkniki	তকনীকী	jkniki		
teen	teen	jin	kiSor	किशोर	तीन	কিশোর	kiSor	কিশোর	kiSor		
teenager	teenager	jingr	kiSor	किशोर	तीनगर	কিশোর	kiSor	কিশোর	kiSor		
telephone	telephone	telifon	telifon	टेलीफ़ोन	टेलीफोन	টেলীফ়োন	telifon	টেলীফ়োন	telifon		
telescope	telescope	teliskop	qurbin	दूरबीन	टेलिस्कोप	দূরবীন	qurbin	দূরবীন	qurbin		
television	telewision	teliwiज़n	teliwizn	टेलीविजन	टेलीविज़न	টেলী঵িজন	teliwizn	টেলী঵িজন	teliwizn		
tell	tell	jell	bjana	बताना	तेल्ल	বতানা	bjana	বতানা	bjana		
temperature	temperature	temprecr	japman	तापमान	टेम्परेचर	তাপমান	japman	তাপমান	japman		
temporary	temporary	temprri	xsJayi	अस्थायी	टेम्पररी	অস্থাযী	xsJayi	অস্থাযী	xsJayi		
ten	ten	jen	qs	दस	तेन	দস	qs	দস	qs		
tend	tend	jenq	prwrjj vona	प्रवृत्त होना	तेंद	প্র঵ৃত্ত হোনা	prwrjj vona	প্র঵ৃত্ত হোনা	prwrjj vona		
tendency	tendency	tendensi	prwrjji	प्रवृत्ति	टेन्डेन्सी	প্র঵ৃত্তি	prwrjji	প্র঵ৃত্তি	prwrjji		
tennis	tennis	tenis	tenis	टेनिस	टेनिस	টেনিস	tenis	টেনিস	tenis		
tension	tension	tenSn	jnaw	तनाव	टेंशन	তনা঵	jnaw	তনা঵	jnaw		
tent	tent	tent	jmbu	तंबू	टेंट	তংবূ	jmbu	তংবূ	jmbu		
term	term	trm	Srj	शर्त	टर्म	শর্ত	Srj	শর্ত	Srj		
terms	terms	trms	Srje	शर्तें	टर्म्स	শর্তেং	Srje	শর্তেং	Srje		
terrible	terrible	jerrible	Byank	भयानक	तेर्रिब्ले	ভযানক	Byank	ভযানক	Byank		
territory	territory	teritri	Sejr	क्षेत्र	टेरिटरी	ক্ষেত্র	Sejr	ক্ষেত্র	Sejr		
terror	terror	terr	xajNk	आतंक	टेरर	আতংক	xajNk	আতংক	xajNk		
terrorism	terrorism	terrizm	xajNk	आतंक	टेररिज्म	আতংক	xajNk	আতংক	xajNk		
terrorist	terrorist	terrist	xajNkwaqi	आतंकवादी	टेररिस्ट	আতংক঵াদী	xajNkwaqi	আতংক঵াদী	xajNkwaqi		
test	test	test	priSn	परीक्षण	टेस्ट	পরীক্ষণ	priSn	পরীক্ষণ	priSn		
testify	testify	testifi	gwavi qena	गवाही देना	टेसटिफी	গ঵াহী দেনা	gwavi qena	গ঵াহী দেনা	gwavi qena		
testimony	testimony	testimoni	gwavi	गवाही	टेस्टीमोनी	গ঵াহী	gwavi	গ঵াহী	gwavi		
testing	testing	testiNg	priSn	परिक्षण	टेस्टिंग	পরিক্ষণ	priSn	পরিক্ষণ	priSn		
text	text	tekst	mulpaT	मूलपाठ	टेक्स्ट	মূলপাঠ	mulpaT	মূলপাঠ	mulpaT		
than	than	Jan	bzay	बजाय	थान	বজায	bzay	বজায	bzay		
thank	thank	JxiNk	Qnywaq qena	धन्यवाद देना	थैंक	ধন্য঵াদ দেনা	Qnywaq qena	ধন্য঵াদ দেনা	Qnywaq qena		
thanks	thanks	JxiNks	Qnywaq	धन्यवाद	थैंक्स	ধন্য঵াদ	Qnywaq	ধন্য঵াদ	Qnywaq		
that	that	jvj	wv	वह	तहत	঵হ	wv	঵হ	wv		
the	the	Je	the	the	थे	the	the	the	the		
theater	theater	Jietr	Jietr	थिएटर	थिएटर	থিএটর	Jietr	থিএটর	Jietr		
their	their	Jeir	unka	उनका	थेइर	উনকা	unka	উনকা	unka		
them	them	Jm	unve	उन्हें	थम	উন্হেং	unve	উন্হেং	unve		
theme	theme	Jim	Jim	थीम	थीम	থীম	Jim	থীম	Jim		
themselves	themselwes	Jemselwes	Kuq	खुद	थेमसेल्वेस	খুদ	Kuq	খুদ	Kuq		
then	then	Je	fir	फिर	थें	ফির	fir	ফির	fir		
theory	theory	Jyori	liKij	लिखित	थ्योरी	লিখিত	liKij	লিখিত	liKij		
therapy	therapy	Jerepi	cikijsa	चिकित्सा	थेरेपी	চিকিত্সা	cikijsa	চিকিত্সা	cikijsa		
there	there	jere	wva	वहां	तेरे	঵হাং	wva	঵হাং	wva		
therefore	therefore	Jerefore	islie	इसलिए	थेरेफोरे	ইসলিএ	islie	ইসলিএ	islie		
these	these	Ji	in	इन	थी	ইন	in	ইন	in		
they	they	Je	we	वे	थे	঵ে	we	঵ে	we		
thick	thick	Jik	mota	मोटा	थिक	মোটা	mota	মোটা	mota		
thin	thin	Ji	pjla	पतला	थीं	পতলা	pjla	পতলা	pjla		
thing	thing	JiNg	ciz	चीज़	थिंग	চীজ়	ciz	চীজ়	ciz		
think	think	JiNk	soc	सोच	थिंक	সোচ	soc	সোচ	soc		
thinking	thinking	JiNkiNg	wicar	विचार	थिंकिंग	঵িচার	wicar	঵িচার	wicar		
third	third	Jrd	jisra	तीसरा	थर्ड	তীসরা	jisra	তীসরা	jisra		
thirty	thirty	Jrti	jis	तीस	थर्टी	তীস	jis	তীস	jis		
this	this	Jis	yv	यह	थिस	যহ	yv	যহ	yv		
those	those	Tos	we	वे	ठोस	঵ে	we	঵ে	we		
though	though	JouG	yqypi	यद्यपि	थौघ	যদ্যপি	yqypi	যদ্যপি	yqypi		
thought	thought	Jat	soc	सोच	थॉट	সোচ	soc	সোচ	soc		
thousand	thousand	Jauzend	vzar	हज़ार	थाउजेंड	হজ়ার	vzar	হজ়ার	vzar		
threat	threat	Jret	Qmki	धमकी	थ्रेट	ধমকী	Qmki	ধমকী	Qmki		
threaten	threaten	Jretn	Qmki qena	धमकी देना	थ्रेटन	ধমকী দেনা	Qmki qena	ধমকী দেনা	Qmki qena		
three	three	Jri	jin	तीन	थ्री	তীন	jin	তীন	jin		
throat	throat	Jrot	gla	गला	थ्रोट	গলা	gla	গলা	gla		
through	through	Jru	ke maQym se	के माध्यम से	थ्रू	কে মাধ্যম সে	ke maQym se	কে মাধ্যম সে	ke maQym se		
throughout	throughout	JrouGout	vr zgv	हर जगह	थ्रौघोउट	হর জগহ	vr zgv	হর জগহ	vr zgv		
throw	throw	Jro	feNkna	फेंकना	थ्रो	ফেংকনা	feNkna	ফেংকনা	feNkna		
thus	thus	JuS	is prkar	इस प्रकार	थुश	ইস প্রকার	is prkar	ইস প্রকার	is prkar		
ticket	ticket	tikt	tikt	टिकट	टिकट	টিকট	tikt	টিকট	tikt		
tie	tie	tai	banQna	बाँधना	टाई	বাঁধনা	banQna	বাঁধনা	banQna		
tight	tight	tait	jNg	तंग	टाइट	তংগ	jNg	তংগ	jNg		
time	time	taim	smy	समय	टाइम	সময	smy	সময	smy		
tiny	tiny	taini	bvuj Cota	बहुत छोटा	टाइनी	বহুত ছোটা	bvuj Cota	বহুত ছোটা	bvuj Cota		
tip	tip	tip	bKSiS	बख्शीश	टिप	বখ্শীশ	bKSiS	বখ্শীশ	bKSiS		
tire	tire	tayr	Jka qena	थका देना	टायर	থকা দেনা	Jka qena	থকা দেনা	Jka qena		
tired	tired	tayrd	Jka vuxa	थका हुआ	टायर्ड	থকা হুআ	Jka vuxa	থকা হুআ	Jka vuxa		
tissue	tissue	tiSyu	ujk	ऊतक	टिश्यू	ঊতক	ujk	ঊতক	ujk		
title	title	taitl	Sirsk	शीर्षक	टाइटल	শীর্ষক	Sirsk	শীর্ষক	Sirsk		
to	to	jo	prji	प्रति	तो	প্রতি	prji	প্রতি	prji		
tobacco	tobacco	jmbaku	jmbaku	तंबाकू	तंबाकू	তংবাকূ	jmbaku	তংবাকূ	jmbaku		
today	today	tude	xaz	आज	टुडे	আজ	xaz	আজ	xaz		
toe	toe	joe	pxir ki xNguli	पैर की अंगुली	तोए	পৈর কী অংগুলী	pxir ki xNguli	পৈর কী অংগুলী	pxir ki xNguli		
together	together	tugeqr	saJ me	साथ में	टुगेदर	সাথ মেং	saJ me	সাথ মেং	saJ me		
tomato	tomato	tometo	tmatr	टमाटर	टोमेटो	টমাটর	tmatr	টমাটর	tmatr		
tomorrow	tomorrow	tumaro	kl	कल	टुमारो	কল	kl	কল	kl		
tone	tone	ton	sur	सुर	टोन	সুর	sur	সুর	sur		
tongue	tongue	tNg	zuban	जुबान	टंग	জুবান	zuban	জুবান	zuban		
tonight	tonight	tunait	xaz raj	आज रात	टुनाइट	আজ রাত	xaz raj	আজ রাত	xaz raj		
too	too	ju	bvuj	बहुत	तू	বহুত	bvuj	বহুত	bvuj		
tool	tool	tul	ouzar	औजार	टूल	ঔজার	ouzar	ঔজার	ouzar		
tooth	tooth	tuJ	qanj	दाँत	टूथ	দাঁত	qanj	দাঁত	qanj		
top	top	tap	upr	ऊपर	टॉप	ঊপর	upr	ঊপর	upr		
topic	topic	tapik	wisy	विषय	टॉपिक	঵িষয	wisy	঵িষয	wisy		
toss	toss	tas	tas	टॉस	टॉस	ট৉স	tas	ট৉স	tas		
total	total	totl	kul	कुल	टोटल	কুল	kul	কুল	kul		
totally	totally	totli	puri jrv se	पूरी तरह से	टोटली	পূরী তরহ সে	puri jrv se	পূরী তরহ সে	puri jrv se		
touch	touch	tc	sprS	स्पर्श	टच	স্পর্শ	sprS	স্পর্শ	sprS		
tough	tough	tf	kTor	कठोर	टफ	কঠোর	kTor	কঠোর	kTor		
tour	tour	tur	yajra	यात्रा	टूर	যাত্রা	yajra	যাত্রা	yajra		
tourist	tourist	turist	prytk	पर्यटक	टूरिस्ट	পর্যটক	prytk	পর্যটক	prytk		
tournament	tournament	turnament	turnament	टूर्नामेंट	टूर्नामेंट	টূর্নামেংট	turnament	টূর্নামেংট	turnament		
toward	toward	tuwrd	ki or	की ओर	टुवर्ड	কী ওর	ki or	কী ওর	ki or		
towards	towards	tuwrds	ki or	की ओर	टुवर्ड्स	কী ওর	ki or	কী ওর	ki or		
tower	tower	tawr	minar	मीनार	टावर	মীনার	minar	মীনার	minar		
town	town	taun	ngr	नगर	टाउन	নগর	ngr	নগর	ngr		
toy	toy	joy	Kiloune	खिलौने	तोय	খিলৌনে	Kiloune	খিলৌনে	Kiloune		
trace	trace	tres	pja lgana	पता लगाना	ट्रेस	পতা লগানা	pja lgana	পতা লগানা	pja lgana		
track	track	trxik	sNkra rasja	संकरा रास्ता	ट्रैक	সংকরা রাস্তা	sNkra rasja	সংকরা রাস্তা	sNkra rasja		
trade	trade	tred	wyapar	व्यापार	ट्रेड	঵্যাপার	wyapar	঵্যাপার	wyapar		
tradition	tradition	trediSn	prmpra	परंपरा	ट्रेडिशन	পরংপরা	prmpra	পরংপরা	prmpra		
traditional	traditional	trediSnl	prmpragj	परंपरागत	ट्रेडिशनल	পরংপরাগত	prmpragj	পরংপরাগত	prmpragj		
traffic	traffic	trxifik	trxifik	ट्रैफ़िक	ट्रैफिक	ট্রৈফ়িক	trxifik	ট্রৈফ়িক	trxifik		
tragedy	tragedy	trezedi	jrasqi	त्रासदी	ट्रेजेडी	ত্রাসদী	jrasqi	ত্রাসদী	jrasqi		
trail	trail	trel	pgdndi	पगडंडी	ट्रेल	পগডংডী	pgdndi	পগডংডী	pgdndi		
train	train	trxin	rel gadi	रेल गाडी	ट्रैन	রেল গাডী	rel gadi	রেল গাডী	rel gadi		
training	training	treniNg	prSiSn	प्रशिक्षण	ट्रेनिंग	প্রশিক্ষণ	prSiSn	প্রশিক্ষণ	prSiSn		
transfer	transfer	transfr	sJananjrn krna	स्थानांतरण करना	ट्रांसफर	স্থানাংতরণ করনা	sJananjrn krna	স্থানাংতরণ করনা	sJananjrn krna		
transform	transform	transfarm	priwrjn	परिवर्तन	ट्रांसफॉर्म	পরি঵র্তন	priwrjn	পরি঵র্তন	priwrjn		
transformation	transformation	transfarmeSn	priwrjn	परिवर्तन	ट्रांसफॉर्मेशन	পরি঵র্তন	priwrjn	পরি঵র্তন	priwrjn		
transition	transition	tranziSn	sNkrmn	संक्रमण	ट्रांजीशन	সংক্রমণ	sNkrmn	সংক্রমণ	sNkrmn		
translate	translate	translet	xnuwaq krna	अनुवाद करना	ट्रांसलेट	অনু঵াদ করনা	xnuwaq krna	অনু঵াদ করনা	xnuwaq krna		
transportation	transportation	transporteSn	priwvn	परिवहन	ट्रांसपोर्टेशन	পরি঵হন	priwvn	পরি঵হন	priwvn		
travel	trawel	trewl	yajra krna	यात्रा करना	ट्रेवल	যাত্রা করনা	yajra krna	যাত্রা করনা	yajra krna		
treat	treat	trit	wywvar krna	व्यवहार करना	ट्रीट	঵্য঵হার করনা	wywvar krna	঵্য঵হার করনা	wywvar krna		
treatment	treatment	tritment	ilaz	इलाज	ट्रीटमेंट	ইলাজ	ilaz	ইলাজ	ilaz		
treaty	treaty	triti	snQi	संधि	ट्रीटी	সংধি	snQi	সংধি	snQi		
tree	tree	tri	peR	पेड़	ट्री	পেড়	peR	পেড়	peR		
tremendous	tremendous	jremenqus	xqBuj	अद्भुत	त्रेमेंदूस	অদ্ভুত	xqBuj	অদ্ভুত	xqBuj		
trend	trend	trend	ruZan	रुझान	ट्रेंड	রুঝান	ruZan	রুঝান	ruZan		
trial	trial	trayl	priSn	परीक्षण	ट्रायल	পরীক্ষণ	priSn	পরীক্ষণ	priSn		
tribe	tribe	traib	znzaji	जनजाति	ट्राइब	জনজাতি	znzaji	জনজাতি	znzaji		
trick	trick	trik	Cl	छल	ट्रिक	ছল	Cl	ছল	Cl		
trip	trip	trip	yajra	यात्रा	ट्रिप	যাত্রা	yajra	যাত্রা	yajra		
troop	troop	trup	sena	सेना	ट्रूप	সেনা	sena	সেনা	sena		
trouble	trouble	trbl	musibj	मुसीबत	ट्रबल	মুসীবত	musibj	মুসীবত	musibj		
truck	truck	trk	trk	ट्रक	ट्रक	ট্রক	trk	ট্রক	trk		
true	true	tru	sc	सच	ट्रू	সচ	sc	সচ	sc		
truly	truly	truli	svi mayne me	सही मायने में	ट्रूली	সহী মাযনে মেং	svi mayne me	সহী মাযনে মেং	svi mayne me		
trust	trust	trst	wiSwas	विश्वास	ट्रस्ट	঵িশ্঵াস	wiSwas	঵িশ্঵াস	wiSwas		
truth	truth	truJ	sjy	सत्य	ट्रुथ	সত্য	sjy	সত্য	sjy		
try	try	jry	pryjn	प्रयत्न	तरय	প্রযত্ন	pryjn	প্রযত্ন	pryjn		
tube	tube	jube	tyub	ट्यूब	तुबे	ট্যূব	tyub	ট্যূব	tyub		
tunnel	tunnel	tnl	surNg	सुरंग	टनल	সুরংগ	surNg	সুরংগ	surNg		
turn	turn	trn	moR	मोड़	टर्न	মোড়	moR	মোড়	moR		
tv	tw	tiwi	tiwi	टीवी	टीवी	টী঵ী	tiwi	টী঵ী	tiwi		
twelve	twelwe	twelw	barv	बारह	ट्वेल्व	বারহ	barv	বারহ	barv		
twenty	twenty	twenti	bis	बीस	ट्वेंटी	বীস	bis	বীস	bis		
twice	twice	twais	qo bar	दो बार	ट्वाइस	দো বার	qo bar	দো বার	qo bar		
twin	twin	twin	zuRwa	जुड़वां	ट्विन	জুড়঵াং	zuRwa	জুড়঵াং	zuRwa		
two	two	jwo	qo	दो	तवो	দো	qo	দো	qo		
type	type	taip	prkar	प्रकार	टाइप	প্রকার	prkar	প্রকার	prkar		
typical	typical	tipikl	TeT	ठेठ	टिपिकल	ঠেঠ	TeT	ঠেঠ	TeT		
typically	typically	jysxili	xam jour pr	आम तौर पर	त्यसैली	আম তৌর পর	xam jour pr	আম তৌর পর	xam jour pr		
ugly	ugly	xgli	kurup	कुरूप	अग्ली	কুরূপ	kurup	কুরূপ	kurup		
ultimate	ultimate	xltimet	prm	परम	अल्टीमेट	পরম	prm	পরম	prm		
ultimately	ultimately	ultimteli	xnj me	अंत में	उलटिमटेली	অংত মেং	xnj me	অংত মেং	xnj me		
unable	unable	unable	xsmrJ	असमर्थ	ुनाबले	অসমর্থ	xsmrJ	অসমর্থ	xsmrJ		
uncle	uncle	xNkl	caca	चाचा	अंकल	চাচা	caca	চাচা	caca		
under	under	xndr	nice	नीचे	अंडर	নীচে	nice	নীচে	nice		
undergo	undergo	unqergo	guzrna	गुज़रना	ुन्देरगो	গুজ়রনা	guzrna	গুজ়রনা	guzrna		
understand	understand	xndrstxind	smZna	समझना	अंडरस्टैंड	সমঝনা	smZna	সমঝনা	smZna		
understanding	understanding	xndrstxindiNg	smZ	समझ	अंडरस्टैंडिंग	সমঝ	smZ	সমঝ	smZ		
unfortunately	unfortunately	umfortunteli	qurBagy se	दुर्भाग्य से	ुंफोरटूनटेली	দুর্ভাগ্য সে	qurBagy se	দুর্ভাগ্য সে	qurBagy se		
uniform	uniform	yunifarm	wrqi	वर्दी	यूनिफार्म	঵র্দী	wrqi	঵র্দী	wrqi		
union	union	yuniyn	sNG	संघ	यूनियन	সংঘ	sNG	সংঘ	sNG		
unique	unikue	yunik	xqwijiy	अद्वितीय	यूनिक	অদ্঵িতীয	xqwijiy	অদ্঵িতীয	xqwijiy		
unit	unit	yunit	ikai	इकाई	यूनिट	ইকাঈ	ikai	ইকাঈ	ikai		
united	united	yunaited	yunaited	यूनाइटेड	यूनाइटेड	যূনাইটেড	yunaited	যূনাইটেড	yunaited		
universal	uniwersal	yuniwrsl	sarwBoumik	सार्वभौमिक	यूनिवर्सल	সার্঵ভৌমিক	sarwBoumik	সার্঵ভৌমিক	sarwBoumik		
universe	uniwerse	yuniwrs	brmvand	ब्रम्हांड	यूनिवर्स	ব্রম্হাংড	brmvand	ব্রম্হাংড	brmvand		
university	uniwersity	yuniwrsiti	wiSwwiqyaly	विश्वविद्यालय	यूनिवर्सिटी	঵িশ্঵঵িদ্যালয	wiSwwiqyaly	঵িশ্঵঵িদ্যালয	wiSwwiqyaly		
unknown	unknown	xnnon	xnzan	अनजान	अननोन	অনজান	xnzan	অনজান	xnzan		
unless	unless	unles	zb jk	जब तक	उनलेस	জব তক	zb jk	জব তক	zb jk		
unlike	unlike	unlike	Binn	भिन्न	उनलीके	ভিন্ন	Binn	ভিন্ন	Binn		
unlikely	unlikely	unlikely	smBawna nvi	संभावना नहीं	ुनलिकेलय	সংভা঵না নহীং	smBawna nvi	সংভা঵না নহীং	smBawna nvi		
until	until	xntil	jk	तक	अंटिल	তক	jk	তক	jk		
unusual	unusual	unusuxl	xsamany	असामान्य	उनुसुअल	অসামান্য	xsamany	অসামান্য	xsamany		
up	up	up	yupi	यूपी	उप	যূপী	yupi	যূপী	yupi		
upon	upon	xpan	upr	ऊपर	अपॉन	ঊপর	upr	ঊপর	upr		
upper	upper	upper	xpr	अपर	उप्पेर	অপর	xpr	অপর	xpr		
urban	urban	xrbn	Svri	शहरी	अर्बन	শহরী	Svri	শহরী	Svri		
urge	urge	urze	winji krna	विनती करना	ऊर्जे	঵িনতী করনা	winji krna	঵িনতী করনা	winji krna		
us	us	us	vm	हम	उस	হম	vm	হম	vm		
use	use	use	upyog	उपयोग	उसे	উপযোগ	upyog	উপযোগ	upyog		
used	used	used	upyog kiya gya	उपयोग किया गया	ुसेड	উপযোগ কিযা গযা	upyog kiya gya	উপযোগ কিযা গযা	upyog kiya gya		
useful	useful	useful	upyogi	उपयोगी	उसेफुल	উপযোগী	upyogi	উপযোগী	upyogi		
user	user	yuzr	upyogkrja	उपयोगकर्ता	यूजर	উপযোগকর্তা	upyogkrja	উপযোগকর্তা	upyogkrja		
usual	usual	usuxl	samany	सामान्य	उसुअल	সামান্য	samany	সামান্য	samany		
usually	usually	usuxlly	xamjour pr	आमतौर पर	उसुअल्ल्य	আমতৌর পর	xamjour pr	আমতৌর পর	xamjour pr		
utility	utility	yutiliti	upyogija	उपयोगिता	यूटिलिटी	উপযোগিতা	upyogija	উপযোগিতা	upyogija		
vacation	wacation	wekeSn	Cutti	छुट्टी	वेकेशन	ছুট্টী	Cutti	ছুট্টী	Cutti		
valley	walley	wxili	Gati	घाटी	वैली	ঘাটী	Gati	ঘাটী	Gati		
valuable	waluable	wxilyuebl	kimji	कीमती	वैल्युएबल	কীমতী	kimji	কীমতী	kimji		
value	walue	wxilyu	muly	मूल्य	वैल्यू	মূল্য	muly	মূল্য	muly		
variable	wariable	weriebl	cr	चर	वेरिएबल	চর	cr	চর	cr		
variation	wariation	werieSn	ujar–cRaw	उतार–चढ़ाव	वेरिएशन	উতার–চঢ়া঵	ujar–cRaw	উতার–চঢ়া঵	ujar–cRaw		
variety	wariety	wxirayti	wiwiQja	विविधता	वैरायटी	঵ি঵িধতা	wiwiQja	঵ি঵িধতা	wiwiQja		
various	warious	weriys	wiBinn	विभिन्न	वेरियस	঵িভিন্ন	wiBinn	঵িভিন্ন	wiBinn		
vary	wxyri	wxiry	xlg vona	अलग होना	वैर्य	অলগ হোনা	xlg vona	অলগ হোনা	xlg vona		
vast	wast	west	bvuj bRa	बहुत बड़ा	वेस्ट	বহুত বড়া	bvuj bRa	বহুত বড়া	bvuj bRa		
vegetable	wegetable	wezitebl	sbzi	सबजी	वेजिटेबल	সবজী	sbzi	সবজী	sbzi		
vehicle	wehicle	wvikl	wavn	वाहन	व्हीकल	঵াহন	wavn	঵াহন	wavn		
venture	wenture	wencr	zoKim uTana	जोखिम उठाना	वेंचर	জোখিম উঠানা	zoKim uTana	জোখিম উঠানা	zoKim uTana		
version	wersion	wrSn	snskrn	संस्करण	वर्शन	সংস্করণ	snskrn	সংস্করণ	snskrn		
versus	wersus	wersus	bnam	बनाम	वेर्सुस	বনাম	bnam	বনাম	bnam		
very	wery	wxiri	bvuj	बहुत	वैरी	বহুত	bvuj	বহুত	bvuj		
vessel	wessel	wesl	pjila	पतीला	वेसल	পতীলা	pjila	পতীলা	pjila		
veteran	wyteran	wetern	xnuBwi wykji	अनुभवी व्यक्ति	वेटेरन	অনুভ঵ী ঵্যক্তি	xnuBwi wykji	অনুভ঵ী ঵্যক্তি	xnuBwi wykji		
via	wia	waya	ke zrie	के जरिए	वाया	কে জরিএ	ke zrie	কে জরিএ	ke zrie		
victim	wictim	wiktim	piRij	पीड़ित	विक्टिम	পীড়িত	piRij	পীড়িত	piRij		
victory	wictory	wiktri	wizy	विजय	विक्ट्री	঵িজয	wizy	঵িজয	wizy		
video	wideo	widiyo	widiyo	वीडियो	वीडियो	঵ীডিযো	widiyo	঵ীডিযো	widiyo		
view	wiew	wyu	qrSy	दृश्य	व्यू	দৃশ্য	qrSy	দৃশ্য	qrSy		
viewer	wiewer	wyuxr	qrSk	दर्शक	व्यूअर	দর্শক	qrSk	দর্শক	qrSk		
village	willage	wilez	ganw rajnagar	गाँव rajnagar	विलेज	গাঁ঵ rajnagar	ganw rajnagar	গাঁ঵ rajnagar	ganw rajnagar		
violate	wiolate	wiolate	ka ullNGn	का उल्लंघन	विओलाटे	কা উল্লংঘন	ka ullNGn	কা উল্লংঘন	ka ullNGn		
violation	wiolation	wioleSn	ullNGn	उल्लंघन	विओलेशन	উল্লংঘন	ullNGn	উল্লংঘন	ullNGn		
violence	wiolence	waylens	vinsa	हिंसा	वायलेंस	হিংসা	vinsa	হিংসা	vinsa		
violent	wiolent	waylent	vinsk	हिंसक	वायलेंट	হিংসক	vinsk	হিংসক	vinsk		
virtually	wirtually	wirjuxli	xaBasi rup se	आभासी रूप से	विर्तुअली	আভাসী রূপ সে	xaBasi rup se	আভাসী রূপ সে	xaBasi rup se		
virtue	wirtue	wirce	gun	गुण	विरचे	গুণ	gun	গুণ	gun		
virus	wirus	wayrs	wairs	वाइरस	वायरस	঵াইরস	wairs	঵াইরস	wairs		
visible	wisible	wiज़ibl	qrSyman	दृश्यमान	विज़िबल	দৃশ্যমান	qrSyman	দৃশ্যমান	qrSyman		
vision	wision	wiज़n	nzr	नज़र	विज़न	নজ়র	nzr	নজ়র	nzr		
visit	wisit	wizit	mulakaj	मुलाकात	विजिट	মুলাকাত	mulakaj	মুলাকাত	mulakaj		
visitor	wisitor	wizitr	xagnjuk	आगंतुक	विजिटर	আগংতুক	xagnjuk	আগংতুক	xagnjuk		
visual	wisual	wisuxl	jswir	तस्वीर	विसुअल	তস্঵ীর	jswir	তস্঵ীর	jswir		
vital	wital	waitl	mvjwpurn	महत्वपूर्ण	वाइटल	মহত্঵পূর্ণ	mvjwpurn	মহত্঵পূর্ণ	mvjwpurn		
voice	woice	wouis	xawaz	आवाज़	वौइस्	আ঵াজ়	xawaz	আ঵াজ়	xawaz		
volume	wolume	walyum	majra	मात्रा	वॉल्यूम	মাত্রা	majra	মাত্রা	majra		
volunteer	wolunteer	walntiyr	swynsewi	स्वयंसेवी	वालंटियर	স্঵যংসে঵ী	swynsewi	স্঵যংসে঵ী	swynsewi		
vote	wote	wot	wot	वोट	वोट	঵োট	wot	঵োট	wot		
voter	woter	wotr	mjqaja	मतदाता	वोटर	মতদাতা	mjqaja	মতদাতা	mjqaja		
vs	ws	ws	bnam	बनाम	वस	বনাম	bnam	বনাম	bnam		
vulnerable	wulnerable	wlnrebl	cpet me	चपेट में	वल्नरेबल	চপেট মেং	cpet me	চপেট মেং	cpet me		
wage	wage	wez	wejn	वेतन	वेज	঵েতন	wejn	঵েতন	wejn		
wait	wait	wet	ruko	रुको	वेट	রুকো	ruko	রুকো	ruko		
wake	wake	wek	zagna	जागना	वेक	জাগনা	zagna	জাগনা	zagna		
walk	walk	wak	tvl lo	टहल लो	वाक	টহল লো	tvl lo	টহল লো	tvl lo		
wall	wall	wal	qiwar	दीवार	वाल	দী঵ার	qiwar	দী঵ার	qiwar		
wander	wander	wndr	Gumna	घूमना	वंडर	ঘূমনা	Gumna	ঘূমনা	Gumna		
want	want	want	cavje vxi	चाहते हैं	वांट	চাহতে হৈং	cavje vxi	চাহতে হৈং	cavje vxi		
war	war	war	yuqQ	युद्ध	वॉर	যুদ্ধ	yuqQ	যুদ্ধ	yuqQ		
warm	warm	warm	grm	गरम	वार्म	গরম	grm	গরম	grm		
warn	warn	war	cejawni qena	चेतावनी देना	वारं	চেতা঵নী দেনা	cejawni qena	চেতা঵নী দেনা	cejawni qena		
warning	warning	warniNg	cejawni	चेतावनी	वार्निंग	চেতা঵নী	cejawni	চেতা঵নী	cejawni		
wash	wash	waS	Qona	धोना	वाश	ধোনা	Qona	ধোনা	Qona		
waste	waste	wasje	brbaq krna	बरबाद करना	वास्ते	বরবাদ করনা	brbaq krna	বরবাদ করনা	brbaq krna		
watch	watch	wac	GRi	घड़ी	वाच	ঘড়ী	GRi	ঘড়ী	GRi		
water	water	watr	pani	पानी	वाटर	পানী	pani	পানী	pani		
wave	wawe	wew	vilana	हिलाना	वेव	হিলানা	vilana	হিলানা	vilana		
way	way	we	marg	मार्ग	वे	মার্গ	marg	মার্গ	marg		
we	we	we	vm	हम	वे	হম	vm	হম	vm		
weak	weak	wik	kmzor	कमज़ोर	वीक	কমজ়োর	kmzor	কমজ়োর	kmzor		
wealth	wealth	welJ	smpjji	संपत्ति	वेल्थ	সংপত্তি	smpjji	সংপত্তি	smpjji		
wealthy	wealthy	wexlJi	Qnwan	धनवान	वेअल्थी	ধন঵ান	Qnwan	ধন঵ান	Qnwan		
weapon	weapon	wepn	vJiyar	हथियार	वेपन	হথিযার	vJiyar	হথিযার	vJiyar		
wear	wear	wiyr	Gisaw	घिसाव	वियर	ঘিসা঵	Gisaw	ঘিসা঵	Gisaw		
weather	weather	wexJer	mousm	मौसम	वेअथेर	মৌসম	mousm	মৌসম	mousm		
wedding	wedding	wediNg	Saqi	शादी	वेडिंग	শাদী	Saqi	শাদী	Saqi		
week	week	wik	spjav	सप्ताह	वीक	সপ্তাহ	spjav	সপ্তাহ	spjav		
weekend	weekend	wikend	spjavanj	सप्ताहांत	वीकेंड	সপ্তাহাংত	spjavanj	সপ্তাহাংত	spjavanj		
weekly	weekly	wikli	sapjavik	साप्ताहिक	वीकली	সাপ্তাহিক	sapjavik	সাপ্তাহিক	sapjavik		
weigh	weigh	wxiG	joulna	तौलना	वैघ	তৌলনা	joulna	তৌলনা	joulna		
weight	weight	wet	wzn	वजन	वेट	঵জন	wzn	঵জন	wzn		
welcome	welcome	welkm	swagj ve	स्वागत हे	वेलकम	স্঵াগত হে	swagj ve	স্঵াগত হে	swagj ve		
welfare	welfare	welfeyr	klyan	कल्याण	वेलफेयर	কল্যাণ	klyan	কল্যাণ	klyan		
well	well	wel	kunxa	कुंआ	वेल	কুংআ	kunxa	কুংআ	kunxa		
west	west	west	pScim	पश्चिम	वेस्ट	পশ্চিম	pScim	পশ্চিম	pScim		
western	western	westrn	westrn	वेस्टर्न	वेस्टर्न	঵েস্টর্ন	westrn	঵েস্টর্ন	westrn		
wet	wet	wet	gila	गीला	वेट	গীলা	gila	গীলা	gila		
what	what	wvat	kya	क्या	व्हाट	ক্যা	kya	ক্যা	kya		
whatever	whatewer	wvatyewr	zo Bi vo	जो भी हो	व्हाटएवर	জো ভী হো	zo Bi vo	জো ভী হো	zo Bi vo		
wheel	wheel	wvil	ckr	चक्र	व्हील	চক্র	ckr	চক্র	ckr		
when	when	wven	zb	जब	व्हेन	জব	zb	জব	zb		
whenever	whenxwxr	wvॅnwr	zb Bi	जब भी	व्हॅनवर	জব ভী	zb Bi	জব ভী	zb Bi		
where	where	weyr	kva pe	कहाँ पे	वेयर	কহাঁ পে	kva pe	কহাঁ পে	kva pe		
whereas	whereas	wveras	zbki	जबकि	व्हेरास	জবকি	zbki	জবকি	zbki		
whether	whether	wveqr	ya	या	व्हेदर	যা	ya	যা	ya		
which	which	wvic	koun sa	कौन सा	व्हिच	কৌন সা	koun sa	কৌন সা	koun sa		
while	while	wvile	zbki	जबकि	व्हिले	জবকি	zbki	জবকি	zbki		
whisper	whisper	wvispr	fusfusana	फुसफुसाना	व्हिस्पर	ফুসফুসানা	fusfusana	ফুসফুসানা	fusfusana		
white	white	wait	sfeq	सफेद	वाइट	সফেদ	sfeq	সফেদ	sfeq		
who	who	vu	koun	कौन	हु	কৌন	koun	কৌন	koun		
whole	whole	wvole	pure	पूरे	व्होले	পূরে	pure	পূরে	pure		
whom	whom	wvom	kisko	किसको	व्होम	কিসকো	kisko	কিসকো	kisko		
whose	whose	vuz	kiska	किसका	हूज	কিসকা	kiska	কিসকা	kiska		
why	why	wvai	kyo	क्यों	व्हाई	ক্যোং	kyo	ক্যোং	kyo		
wide	wide	waid	couRa	चौड़ा	वाइड	চৌড়া	couRa	চৌড়া	couRa		
widely	widely	wiqeli	wyapk rup se	व्यापक रूप से	विदेली	঵্যাপক রূপ সে	wyapk rup se	঵্যাপক রূপ সে	wyapk rup se		
widespread	widespread	wiqeSprq	bRe pximane pr	बड़े पैमाने पर	विदेशप्रद	বড়ে পৈমানে পর	bRe pximane pr	বড়ে পৈমানে পর	bRe pximane pr		
wife	wife	waif	biwi	बीवी	वाइफ	বী঵ী	biwi	বী঵ী	biwi		
wild	wild	waild	zNgli	जंगली	वाइल्ड	জংগলী	zNgli	জংগলী	zNgli		
will	will	wil	mrzi	मर्जी	विल	মর্জী	mrzi	মর্জী	mrzi		
willing	willing	williNg	icCuk	इच्छुक	विल्लिंग	ইচ্ছুক	icCuk	ইচ্ছুক	icCuk		
win	win	win	zij	जीत	विन	জীত	zij	জীত	zij		
wind	wind	wind	vwa	हवा	विंड	হ঵া	vwa	হ঵া	vwa		
window	window	windo	KiRki	खिड़की	विंडो	খিড়কী	KiRki	খিড়কী	KiRki		
wine	wine	wain	Srab	शराब	वाइन	শরাব	Srab	শরাব	Srab		
wing	wing	wiNg	wiNg	विंग	विंग	঵িংগ	wiNg	঵িংগ	wiNg		
winner	winner	winr	wizeja	विजेता	विनर	঵িজেতা	wizeja	঵িজেতা	wizeja		
winter	winter	wintr	srqi	सर्दी	विंटर	সর্দী	srqi	সর্দী	srqi		
wipe	wipe	waip	ponCna	पोंछना	वाइप	পোংছনা	ponCna	পোংছনা	ponCna		
wire	wire	wayr	jar	तार	वायर	তার	jar	তার	jar		
wisdom	wisdom	wizdm	buqQi	बुद्धि	विजडम	বুদ্ধি	buqQi	বুদ্ধি	buqQi		
wise	wise	waiz	DNg	ढंग	वाइज	ঢংগ	DNg	ঢংগ	DNg		
wish	wish	wiS	jmnna	तमन्ना	विश	তমন্না	jmnna	তমন্না	jmnna		
with	with	wiJ	saJ	साथ	विथ	সাথ	saJ	সাথ	saJ		
withdraw	withdraw	wiJdra	waps lena	वापस लेना	विथड्रॉ	঵াপস লেনা	waps lena	঵াপস লেনা	waps lena		
within	within	wiJin	xnqr	अंदर	वीथिन	অংদর	xnqr	অংদর	xnqr		
without	without	wiJaut	bina	बिना	विथाउट	বিনা	bina	বিনা	bina		
witness	witness	witnes	gwav	गवाह	विटनेस	গ঵াহ	gwav	গ঵াহ	gwav		
woman	woman	wumn	mvila	महिला	वुमन	মহিলা	mvila	মহিলা	mvila		
wonder	wonder	wndr	xaScry	आश्चर्य	वंडर	আশ্চর্য	xaScry	আশ্চর্য	xaScry		
wonderful	wonderful	wndrful	prSnsniy	प्रशंसनीय	वंडरफुल	প্রশংসনীয	prSnsniy	প্রশংসনীয	prSnsniy		
wood	wood	wud	lkRi	लकड़ी	वुड	লকড়ী	lkRi	লকড়ী	lkRi		
wooden	wooden	wuden	lkRi ka	लकड़ी का	वुडेन	লকড়ী কা	lkRi ka	লকড়ী কা	lkRi ka		
word	word	wrd	Sbq	शब्द	वर्ड	শব্দ	Sbq	শব্দ	Sbq		
work	work	wrk	kam	काम	वर्क	কাম	kam	কাম	kam		
worker	worker	wrkr	mzqur	मज़दूर	वर्कर	মজ়দূর	mzqur	মজ়দূর	mzqur		
working	working	wrkiNg	karyrj	कार्यरत	वर्किंग	কার্যরত	karyrj	কার্যরত	karyrj		
works	works	wrks	kam krja vxi	काम करता है	वर्क्स	কাম করতা হৈ	kam krja vxi	কাম করতা হৈ	kam krja vxi		
workshop	workshop	wrkSap	karySala	कार्यशाला	वर्कशॉप	কার্যশালা	karySala	কার্যশালা	karySala		
world	world	wrld	quniya	दुनिया	वर्ल्ड	দুনিযা	quniya	দুনিযা	quniya		
worried	worried	wrid	cinjij	चिंतित	वरीड	চিংতিত	cinjij	চিংতিত	cinjij		
worry	worry	worri	cinja	चिंता	वोर्री	চিংতা	cinja	চিংতা	cinja		
worth	worth	wrJ	kimj	कीमत	वर्थ	কীমত	kimj	কীমত	kimj		
would	would	would	caveNge	चाहेंगे	वोउल्ड	চাহেংগে	caveNge	চাহেংগে	caveNge		
wound	wound	wond	Gaw	घाव	वोँड	ঘা঵	Gaw	ঘা঵	Gaw		
wrap	wrap	wrxip	lpetna	लपेटना	व्रैप	লপেটনা	lpetna	লপেটনা	lpetna		
write	write	wriTe	liKna	लिखना	व्रिठे	লিখনা	liKna	লিখনা	liKna		
writer	writer	raitr	leKk	लेखक	राइटर	লেখক	leKk	লেখক	leKk		
writing	writing	raitiNg	liK rve vxi	लिख रहे हैं	राइटिंग	লিখ রহে হৈং	liK rve vxi	লিখ রহে হৈং	liK rve vxi		
wrong	wrong	raNg	glj	गलत	रॉंग	গলত	glj	গলত	glj		
yard	yard	yard	yard	यार्ड	यार्ड	যার্ড	yard	যার্ড	yard		
yeah	yeah	yev	va	हां	येह	হাং	va	হাং	va		
year	year	iyr	sal	साल	ईयर	সাল	sal	সাল	sal		
yell	yell	el	ciKna	चीखना	एल	চীখনা	ciKna	চীখনা	ciKna		
yellow	yellow	yelo	pila	पीला	येलो	পীলা	pila	পীলা	pila		
yes	yes	ys	va	हां	यस	হাং	va	হাং	va		
yesterday	yesterday	ystrde	kl	कल	यस्टरडे	কল	kl	কল	kl		
yet	yet	yej	xBi jk	अभी तक	येत	অভী তক	xBi jk	অভী তক	xBi jk		
yield	yield	yild	pxiqawar	पैदावार	यील्ड	পৈদা঵ার	pxiqawar	পৈদা঵ার	pxiqawar		
you	you	yu	jum	तुम	यू	তুম	jum	তুম	jum		
young	young	yNg	yuwa	युवा	यंग	যু঵া	yuwa	যু঵া	yuwa		
your	your	yor	xapka	आपका	योर	আপকা	xapka	আপকা	xapka		
yours	yours	yors	xapka xpna	आपका अपना	योर्स	আপকা অপনা	xapka xpna	আপকা অপনা	xapka xpna		
yourself	yourself	yorself	swy	स्वयं	योरसेल्फ	স্঵যং	swy	স্঵যং	swy		
youth	youth	yuJ	yuwa	युवा	युथ	যু঵া	yuwa	যু঵া	yuwa		
zone	zone	zon	Sejr	क्षेत्र	जोन	ক্ষেত্র	Sejr	ক্ষেত্র	Sejr		
newer	newer	newer	newr	नेवर	नेवेर	নে঵র	newr	নে঵র	newr		
vest	weist	west	west	वेस्ट	वेस्ट	঵েস্ট	west	঵েস্ট	west		
vine	wayin	wine	wain	वाइन	वीने	঵াইন	wain	঵াইন	wain		
wary	wary	wry	wxiri	वैरी	वर्य	঵ৈরী	wxiri	঵ৈরী	wxiri		
vet	wyt	wet	wet	वेट	वेट	঵েট	wet	঵েট	wet		
