final_e52 is a and final_vinqi_fonetik is ा
final_e52 is abandon and final_vinqi_fonetik is ाबंदों
final_e52 is ability and final_vinqi_fonetik is एबिलिटी
final_e52 is able and final_vinqi_fonetik is अबले
final_e52 is abortion and final_vinqi_fonetik is एबॉर्शन
final_e52 is about and final_vinqi_fonetik is अबाउट
final_e52 is above and final_vinqi_fonetik is अबोवे
final_e52 is abroad and final_vinqi_fonetik is अब्रॉड
final_e52 is absence and final_vinqi_fonetik is एब्सेंस
final_e52 is absolute and final_vinqi_fonetik is अब्सोलुटे
final_e52 is absolutely and final_vinqi_fonetik is अब्सोलुतेल्य
final_e52 is absorb and final_vinqi_fonetik is अब्सॉर्ब
final_e52 is abuse and final_vinqi_fonetik is एब्यूज
final_e52 is academic and final_vinqi_fonetik is अकादमिक
final_e52 is accept and final_vinqi_fonetik is एक्सेप्ट
final_e52 is access and final_vinqi_fonetik is एक्सेस
final_e52 is accident and final_vinqi_fonetik is एक्सीडेंट
final_e52 is accompany and final_vinqi_fonetik is ैकपेनी
final_e52 is accomplish and final_vinqi_fonetik is ैकपलिश
final_e52 is according and final_vinqi_fonetik is अकॉर्डिंग
final_e52 is account and final_vinqi_fonetik is अकाउंट
final_e52 is accurate and final_vinqi_fonetik is एक्यूरेट
final_e52 is accuse and final_vinqi_fonetik is ैकसे
final_e52 is achieve and final_vinqi_fonetik is अचीव
final_e52 is achievement and final_vinqi_fonetik is अचीवमेंट
final_e52 is acid and final_vinqi_fonetik is एसिड
final_e52 is acknowledge and final_vinqi_fonetik is एकनॉलेज
final_e52 is acquire and final_vinqi_fonetik is एक्वायर
final_e52 is across and final_vinqi_fonetik is अक्रॉस
final_e52 is act and final_vinqi_fonetik is एक्ट
final_e52 is action and final_vinqi_fonetik is एक्शन
final_e52 is active and final_vinqi_fonetik is एक्टिव
final_e52 is activist and final_vinqi_fonetik is एक्टिविस्ट
final_e52 is activity and final_vinqi_fonetik is एक्टिविटी
final_e52 is actor and final_vinqi_fonetik is एक्टर
final_e52 is actress and final_vinqi_fonetik is एक्ट्रेस
final_e52 is actual and final_vinqi_fonetik is एक्चुअल
final_e52 is actually and final_vinqi_fonetik is एक्चुअली
final_e52 is ad and final_vinqi_fonetik is अड़
final_e52 is adapt and final_vinqi_fonetik is एडाप्ट
final_e52 is add and final_vinqi_fonetik is ऐड
final_e52 is addition and final_vinqi_fonetik is अद्दितीओं
final_e52 is additional and final_vinqi_fonetik is एडिशनल
final_e52 is address and final_vinqi_fonetik is एड्रेस
final_e52 is adequate and final_vinqi_fonetik is ादकते
final_e52 is adjust and final_vinqi_fonetik is एडजस्ट
final_e52 is adjustment and final_vinqi_fonetik is एडजस्टमेंट
final_e52 is administration and final_vinqi_fonetik is एडमिनिस्ट्रेशन
final_e52 is administrator and final_vinqi_fonetik is एडमिनिस्ट्रेटर
final_e52 is admire and final_vinqi_fonetik is अदमीरे
final_e52 is admission and final_vinqi_fonetik is एडमिशन
final_e52 is admit and final_vinqi_fonetik is एडमिट
final_e52 is adolescent and final_vinqi_fonetik is एडोलसेंट
final_e52 is adopt and final_vinqi_fonetik is अडॉप्ट
final_e52 is adult and final_vinqi_fonetik is एडल्ट
final_e52 is advance and final_vinqi_fonetik is एडवांस
final_e52 is advanced and final_vinqi_fonetik is एडवांस्ड
final_e52 is advantage and final_vinqi_fonetik is एडवांटेज
final_e52 is adventure and final_vinqi_fonetik is एडवेंचर
final_e52 is advertising and final_vinqi_fonetik is एडवरटाइजिंग
final_e52 is advice and final_vinqi_fonetik is एडवाइस
final_e52 is advise and final_vinqi_fonetik is अडवीसे
final_e52 is adviser and final_vinqi_fonetik is अद्विसेर
final_e52 is advocate and final_vinqi_fonetik is अधिवक्ता
final_e52 is affair and final_vinqi_fonetik is अफेयर
final_e52 is affect and final_vinqi_fonetik is एफेक्ट
final_e52 is afford and final_vinqi_fonetik is अफ़्फोर्ड
final_e52 is afraid and final_vinqi_fonetik is अफ्रेड
final_e52 is african and final_vinqi_fonetik is अफ्रीकन
final_e52 is african-american and final_vinqi_fonetik is अफ्रीकन-अमेरिकन
final_e52 is after and final_vinqi_fonetik is आफ्टर
final_e52 is afternoon and final_vinqi_fonetik is आफ्टरनून
final_e52 is again and final_vinqi_fonetik is अगेन
final_e52 is against and final_vinqi_fonetik is अगेंस्ट
final_e52 is age and final_vinqi_fonetik is आगे
final_e52 is agency and final_vinqi_fonetik is एजेंसी
final_e52 is agenda and final_vinqi_fonetik is एजेंडा
final_e52 is agent and final_vinqi_fonetik is एजेंट
final_e52 is aggressive and final_vinqi_fonetik is एग्रेसिव
final_e52 is ago and final_vinqi_fonetik is एगो
final_e52 is agree and final_vinqi_fonetik is एग्री
final_e52 is agreement and final_vinqi_fonetik is एग्रीमेंट
final_e52 is agricultural and final_vinqi_fonetik is एग्रीकल्चरल
final_e52 is ah and final_vinqi_fonetik is यह
final_e52 is ahead and final_vinqi_fonetik is अहेड
final_e52 is aid and final_vinqi_fonetik is अिध
final_e52 is aide and final_vinqi_fonetik is आइडे
final_e52 is aids and final_vinqi_fonetik is एड्स
final_e52 is aim and final_vinqi_fonetik is एआईएम
final_e52 is air and final_vinqi_fonetik is एयर
final_e52 is aircraft and final_vinqi_fonetik is एयरक्राफ्ट
final_e52 is airline and final_vinqi_fonetik is एयरलाइन
final_e52 is airport and final_vinqi_fonetik is एयरपोर्ट
final_e52 is album and final_vinqi_fonetik is एल्बम
final_e52 is alcohol and final_vinqi_fonetik is अल्कोहल
final_e52 is alive and final_vinqi_fonetik is अलाइव
final_e52 is all and final_vinqi_fonetik is आल
final_e52 is alliance and final_vinqi_fonetik is अलायन्स
final_e52 is allow and final_vinqi_fonetik is अल्लोव
final_e52 is ally and final_vinqi_fonetik is अल्ल्य
final_e52 is almost and final_vinqi_fonetik is ऑलमोस्ट
final_e52 is alone and final_vinqi_fonetik is अलोन
final_e52 is along and final_vinqi_fonetik is अलोंग
final_e52 is already and final_vinqi_fonetik is आलरेडी
final_e52 is also and final_vinqi_fonetik is आल्सो
final_e52 is alter and final_vinqi_fonetik is आल्टर
final_e52 is alternative and final_vinqi_fonetik is अल्टरनेटिव
final_e52 is although and final_vinqi_fonetik is अल्थौघ
final_e52 is always and final_vinqi_fonetik is ऑलवेज
final_e52 is am and final_vinqi_fonetik is ऍम
final_e52 is amazing and final_vinqi_fonetik is अमेजिंग
final_e52 is american and final_vinqi_fonetik is अमेरिकन
final_e52 is among and final_vinqi_fonetik is अमंग
final_e52 is amount and final_vinqi_fonetik is अमाउंट
final_e52 is analysis and final_vinqi_fonetik is एनालिसिस
final_e52 is analyst and final_vinqi_fonetik is एनालिस्ट
final_e52 is analyze and final_vinqi_fonetik is एनालाइज
final_e52 is ancient and final_vinqi_fonetik is अन्सिएंट
final_e52 is and and final_vinqi_fonetik is एंड
final_e52 is anger and final_vinqi_fonetik is एंगर
final_e52 is angle and final_vinqi_fonetik is एंगल
final_e52 is angry and final_vinqi_fonetik is एंग्री
final_e52 is animal and final_vinqi_fonetik is एनिमल
final_e52 is anniversary and final_vinqi_fonetik is एनिवर्सरी
final_e52 is announce and final_vinqi_fonetik is अन्नोउंस
final_e52 is annual and final_vinqi_fonetik is एनुअल
final_e52 is another and final_vinqi_fonetik is ानोथेर
final_e52 is answer and final_vinqi_fonetik is आंसर
final_e52 is anticipate and final_vinqi_fonetik is ांतिकिपते
final_e52 is anxiety and final_vinqi_fonetik is एंग्जायटी
final_e52 is any and final_vinqi_fonetik is अन्य
final_e52 is anybody and final_vinqi_fonetik is अन्य्बोद्य
final_e52 is anymore and final_vinqi_fonetik is एनीमोर
final_e52 is anyone and final_vinqi_fonetik is एनीवन
final_e52 is anything and final_vinqi_fonetik is एनीथिंग
final_e52 is anyway and final_vinqi_fonetik is एनीवे
final_e52 is anywhere and final_vinqi_fonetik is एनीवेयर
final_e52 is apart and final_vinqi_fonetik is अपार्ट
final_e52 is apartment and final_vinqi_fonetik is अपार्टमेंट
final_e52 is apparent and final_vinqi_fonetik is आपपरेंट
final_e52 is apparently and final_vinqi_fonetik is आपपरेंटली
final_e52 is appeal and final_vinqi_fonetik is अपील
final_e52 is appear and final_vinqi_fonetik is अप्पेअर
final_e52 is appearance and final_vinqi_fonetik is अपीयरेंस
final_e52 is apple and final_vinqi_fonetik is एप्पल
final_e52 is application and final_vinqi_fonetik is एप्लीकेशन
final_e52 is apply and final_vinqi_fonetik is अप्लाई
final_e52 is appoint and final_vinqi_fonetik is अप्पोइंट
final_e52 is appointment and final_vinqi_fonetik is अपॉइंटमेंट
final_e52 is appreciate and final_vinqi_fonetik is अप्प्रेसियते
final_e52 is approach and final_vinqi_fonetik is एप्रोच
final_e52 is appropriate and final_vinqi_fonetik is एप्रोप्रियेट
final_e52 is approval and final_vinqi_fonetik is अप्रूवल
final_e52 is approve and final_vinqi_fonetik is अप्प्रोवे
final_e52 is approximately and final_vinqi_fonetik is अप्प्रोक्सिमाटेली
final_e52 is arab and final_vinqi_fonetik is अरब
final_e52 is architect and final_vinqi_fonetik is आर्किटेक्ट
final_e52 is area and final_vinqi_fonetik is एरिया
final_e52 is argue and final_vinqi_fonetik is आगे
final_e52 is argument and final_vinqi_fonetik is आर्गुमेंट
final_e52 is arise and final_vinqi_fonetik is अरसे
final_e52 is arm and final_vinqi_fonetik is एआरएम
final_e52 is armed and final_vinqi_fonetik is आर्म्ड
final_e52 is army and final_vinqi_fonetik is आर्मी
final_e52 is around and final_vinqi_fonetik is अराउंड
final_e52 is arrange and final_vinqi_fonetik is अर्रंगे
final_e52 is arrangement and final_vinqi_fonetik is अरेंजमेंट
final_e52 is arrest and final_vinqi_fonetik is अरेस्ट
final_e52 is arrival and final_vinqi_fonetik is अर्रिवाल
final_e52 is arrive and final_vinqi_fonetik is अर्रिवे
final_e52 is art and final_vinqi_fonetik is आर्ट
final_e52 is article and final_vinqi_fonetik is आर्टिकल
final_e52 is artist and final_vinqi_fonetik is आर्टिस्ट
final_e52 is artistic and final_vinqi_fonetik is आर्टिस्टिक
final_e52 is as and final_vinqi_fonetik is अस
final_e52 is asian and final_vinqi_fonetik is एशियाई
final_e52 is aside and final_vinqi_fonetik is आसीदे
final_e52 is ask and final_vinqi_fonetik is आस्क
final_e52 is asleep and final_vinqi_fonetik is अस्लीप
final_e52 is aspect and final_vinqi_fonetik is आस्पेक्ट
final_e52 is assault and final_vinqi_fonetik is असाल्ट
final_e52 is assert and final_vinqi_fonetik is अस्सेर्ट
final_e52 is assess and final_vinqi_fonetik is अस्सेस्स
final_e52 is assessment and final_vinqi_fonetik is असेसमेंट
final_e52 is asset and final_vinqi_fonetik is एसेट
final_e52 is assign and final_vinqi_fonetik is असाइन
final_e52 is assignment and final_vinqi_fonetik is असाइनमेंट
final_e52 is assist and final_vinqi_fonetik is असिस्ट
final_e52 is assistance and final_vinqi_fonetik is असिस्टेंस
final_e52 is assistant and final_vinqi_fonetik is असिस्टेंट
final_e52 is associate and final_vinqi_fonetik is एसोसिएट
final_e52 is association and final_vinqi_fonetik is एसोसिएशन
final_e52 is assume and final_vinqi_fonetik is ासुमे
final_e52 is assumption and final_vinqi_fonetik is आसुमप्टीओं
final_e52 is assure and final_vinqi_fonetik is असुरे
final_e52 is at and final_vinqi_fonetik is ात
final_e52 is athlete and final_vinqi_fonetik is एथलिट
final_e52 is athletic and final_vinqi_fonetik is एथलेटिक
final_e52 is atmosphere and final_vinqi_fonetik is अट्मॉस्फेरे
final_e52 is attach and final_vinqi_fonetik is आत्ताच
final_e52 is attack and final_vinqi_fonetik is अटैक
final_e52 is attempt and final_vinqi_fonetik is एटेम्पट
final_e52 is attend and final_vinqi_fonetik is अटेंड
final_e52 is attention and final_vinqi_fonetik is अटेंशन
final_e52 is attitude and final_vinqi_fonetik is ऐटिटूड
final_e52 is attorney and final_vinqi_fonetik is अटॉर्नी
final_e52 is attract and final_vinqi_fonetik is अत्त्रक्ट
final_e52 is attractive and final_vinqi_fonetik is अट्रैक्टिव
final_e52 is attribute and final_vinqi_fonetik is एट्रिब्यूट
final_e52 is audience and final_vinqi_fonetik is ऑडियंस
final_e52 is author and final_vinqi_fonetik is ऑथर
final_e52 is authority and final_vinqi_fonetik is अथॉरिटी
final_e52 is auto and final_vinqi_fonetik is ऑटो
final_e52 is available and final_vinqi_fonetik is अवेलेबल
final_e52 is average and final_vinqi_fonetik is एवरेज
final_e52 is avoid and final_vinqi_fonetik is अवॉयड
final_e52 is award and final_vinqi_fonetik is अवार्ड
final_e52 is aware and final_vinqi_fonetik is अवेयर
final_e52 is awareness and final_vinqi_fonetik is अवेयरनेस
final_e52 is away and final_vinqi_fonetik is अवे
final_e52 is awful and final_vinqi_fonetik is ावफुल
final_e52 is baby and final_vinqi_fonetik is बेबी
final_e52 is back and final_vinqi_fonetik is बैक
final_e52 is background and final_vinqi_fonetik is बैकग्राउंड
final_e52 is bad and final_vinqi_fonetik is बाद
final_e52 is badly and final_vinqi_fonetik is बदली
final_e52 is bag and final_vinqi_fonetik is बैग
final_e52 is bake and final_vinqi_fonetik is बाके
final_e52 is balance and final_vinqi_fonetik is बैलेंस
final_e52 is ball and final_vinqi_fonetik is बॉल
final_e52 is ban and final_vinqi_fonetik is बन
final_e52 is band and final_vinqi_fonetik is बंद
final_e52 is bank and final_vinqi_fonetik is बैंक
final_e52 is bar and final_vinqi_fonetik is बार
final_e52 is barely and final_vinqi_fonetik is बरेली
final_e52 is barrel and final_vinqi_fonetik is बैरल
final_e52 is barrier and final_vinqi_fonetik is बैरियर
final_e52 is base and final_vinqi_fonetik is बेस
final_e52 is baseball and final_vinqi_fonetik is बेसबॉल
final_e52 is basic and final_vinqi_fonetik is बेसिक
final_e52 is basically and final_vinqi_fonetik is बसीकली
final_e52 is basis and final_vinqi_fonetik is बेसिस
final_e52 is basket and final_vinqi_fonetik is बास्केट
final_e52 is basketball and final_vinqi_fonetik is बास्केटबॉल
final_e52 is bathroom and final_vinqi_fonetik is बाथरूम
final_e52 is battery and final_vinqi_fonetik is बैटरी
final_e52 is battle and final_vinqi_fonetik is बैटल
final_e52 is be and final_vinqi_fonetik is बे
final_e52 is beach and final_vinqi_fonetik is बीच
final_e52 is bean and final_vinqi_fonetik is बीन
final_e52 is bear and final_vinqi_fonetik is बेयर
final_e52 is beat and final_vinqi_fonetik is बीट
final_e52 is beautiful and final_vinqi_fonetik is ब्यूटीफुल
final_e52 is beauty and final_vinqi_fonetik is ब्यूटी
final_e52 is because and final_vinqi_fonetik is बिकॉज़
final_e52 is become and final_vinqi_fonetik is बिकम
final_e52 is bed and final_vinqi_fonetik is बीएड
final_e52 is bedroom and final_vinqi_fonetik is बैडरूम
final_e52 is beer and final_vinqi_fonetik is बियर
final_e52 is before and final_vinqi_fonetik is बिफोर
final_e52 is begin and final_vinqi_fonetik is बिगिन
final_e52 is beginning and final_vinqi_fonetik is बिगनिंग
final_e52 is behavior and final_vinqi_fonetik is बिहेवियर
final_e52 is behind and final_vinqi_fonetik is बिहाइंड
final_e52 is being and final_vinqi_fonetik is बीइंग
final_e52 is belief and final_vinqi_fonetik is बिलीफ
final_e52 is believe and final_vinqi_fonetik is बिलीव
final_e52 is bell and final_vinqi_fonetik is बेल्ल
final_e52 is belong and final_vinqi_fonetik is बिलोंग
final_e52 is below and final_vinqi_fonetik is बिलो
final_e52 is belt and final_vinqi_fonetik is बेल्ट
final_e52 is bench and final_vinqi_fonetik is बेंच
final_e52 is bend and final_vinqi_fonetik is बेंड
final_e52 is beneath and final_vinqi_fonetik is बिनीथ
final_e52 is benefit and final_vinqi_fonetik is बेनिफिट
final_e52 is beside and final_vinqi_fonetik is बेसीडे
final_e52 is besides and final_vinqi_fonetik is बेसिडेस
final_e52 is best and final_vinqi_fonetik is बेस्ट
final_e52 is bet and final_vinqi_fonetik is बेट
final_e52 is better and final_vinqi_fonetik is बेटर
final_e52 is between and final_vinqi_fonetik is बिटवीन
final_e52 is beyond and final_vinqi_fonetik is बियॉन्ड
final_e52 is bible and final_vinqi_fonetik is बाइबिल
final_e52 is big and final_vinqi_fonetik is बिग
final_e52 is bike and final_vinqi_fonetik is बाइक
final_e52 is bill and final_vinqi_fonetik is बिल
final_e52 is billion and final_vinqi_fonetik is बिलियन
final_e52 is bind and final_vinqi_fonetik is बाँध
final_e52 is biological and final_vinqi_fonetik is बायोलॉजिकल
final_e52 is bird and final_vinqi_fonetik is बर्ड
final_e52 is birth and final_vinqi_fonetik is बिरथ
final_e52 is birthday and final_vinqi_fonetik is बर्थडे
final_e52 is bit and final_vinqi_fonetik is बिट
final_e52 is bite and final_vinqi_fonetik is बाईट
final_e52 is black and final_vinqi_fonetik is ब्लैक
final_e52 is blade and final_vinqi_fonetik is ब्लेड
final_e52 is blame and final_vinqi_fonetik is ब्लामे
final_e52 is blanket and final_vinqi_fonetik is ब्लैंकेट
final_e52 is blind and final_vinqi_fonetik is ब्लाइंड
final_e52 is block and final_vinqi_fonetik is ब्लॉक
final_e52 is blood and final_vinqi_fonetik is ब्लड
final_e52 is blow and final_vinqi_fonetik is ब्लो
final_e52 is blue and final_vinqi_fonetik is ब्लू
final_e52 is board and final_vinqi_fonetik is बोर्ड
final_e52 is boat and final_vinqi_fonetik is बोट
final_e52 is body and final_vinqi_fonetik is बॉडी
final_e52 is bomb and final_vinqi_fonetik is बम
final_e52 is bombing and final_vinqi_fonetik is बॉम्बिंग
final_e52 is bond and final_vinqi_fonetik is बांड
final_e52 is bone and final_vinqi_fonetik is बोन
final_e52 is book and final_vinqi_fonetik is बुक
final_e52 is boom and final_vinqi_fonetik is बूम
final_e52 is boot and final_vinqi_fonetik is बूट
final_e52 is border and final_vinqi_fonetik is बॉर्डर
final_e52 is born and final_vinqi_fonetik is बोर्न
final_e52 is borrow and final_vinqi_fonetik is बोर्रोव
final_e52 is boss and final_vinqi_fonetik is बॉस
final_e52 is both and final_vinqi_fonetik is बोथ
final_e52 is bother and final_vinqi_fonetik is बोथेर
final_e52 is bottle and final_vinqi_fonetik is बोतल
final_e52 is bottom and final_vinqi_fonetik is बॉटम
final_e52 is boundary and final_vinqi_fonetik is बाउंड्री
final_e52 is bowl and final_vinqi_fonetik is बाउल
final_e52 is box and final_vinqi_fonetik is बॉक्स
final_e52 is boy and final_vinqi_fonetik is बॉय
final_e52 is boyfriend and final_vinqi_fonetik is बॉयफ्रेंड
final_e52 is brain and final_vinqi_fonetik is ब्रेन
final_e52 is branch and final_vinqi_fonetik is ब्रांच
final_e52 is brand and final_vinqi_fonetik is ब्रांड
final_e52 is bread and final_vinqi_fonetik is ब्रेड
final_e52 is break and final_vinqi_fonetik is ब्रेक
final_e52 is breakfast and final_vinqi_fonetik is ब्रेकफास्ट
final_e52 is breast and final_vinqi_fonetik is ब्रैस्ट
final_e52 is breath and final_vinqi_fonetik is ब्रेथ
final_e52 is breathe and final_vinqi_fonetik is ब्रेअथे
final_e52 is brick and final_vinqi_fonetik is ब्रिक
final_e52 is bridge and final_vinqi_fonetik is ब्रिज
final_e52 is brief and final_vinqi_fonetik is ब्रीफ
final_e52 is briefly and final_vinqi_fonetik is ब्रिएफ्ली
final_e52 is bright and final_vinqi_fonetik is ब्राइट
final_e52 is brilliant and final_vinqi_fonetik is ब्रिलियंट
final_e52 is bring and final_vinqi_fonetik is ब्रिंग
final_e52 is british and final_vinqi_fonetik is ब्रिटिश
final_e52 is broad and final_vinqi_fonetik is ब्रॉड
final_e52 is broken and final_vinqi_fonetik is ब्रोकन
final_e52 is brother and final_vinqi_fonetik is बरोथेर
final_e52 is brown and final_vinqi_fonetik is ब्राउन
final_e52 is brush and final_vinqi_fonetik is ब्रश
final_e52 is buck and final_vinqi_fonetik is बुक्क
final_e52 is budget and final_vinqi_fonetik is बजट
final_e52 is build and final_vinqi_fonetik is बिल्ड
final_e52 is building and final_vinqi_fonetik is बिल्डिंग
final_e52 is bullet and final_vinqi_fonetik is बुलेट
final_e52 is bunch and final_vinqi_fonetik is बंच
final_e52 is burden and final_vinqi_fonetik is बर्डन
final_e52 is burn and final_vinqi_fonetik is बुरण
final_e52 is bury and final_vinqi_fonetik is बरी
final_e52 is bus and final_vinqi_fonetik is बस
final_e52 is business and final_vinqi_fonetik is बिज़नेस
final_e52 is busy and final_vinqi_fonetik is बिजी
final_e52 is but and final_vinqi_fonetik is बूत
final_e52 is butter and final_vinqi_fonetik is बटर
final_e52 is button and final_vinqi_fonetik is बटन
final_e52 is buy and final_vinqi_fonetik is बुय
final_e52 is buyer and final_vinqi_fonetik is बुएर
final_e52 is by and final_vinqi_fonetik is बी
final_e52 is cabin and final_vinqi_fonetik is केबिन
final_e52 is cabinet and final_vinqi_fonetik is कैबिनेट
final_e52 is cable and final_vinqi_fonetik is केबल
final_e52 is cake and final_vinqi_fonetik is केक
final_e52 is calculate and final_vinqi_fonetik is कैलकुलेट
final_e52 is call and final_vinqi_fonetik is कॉल
final_e52 is camera and final_vinqi_fonetik is कैमरा
final_e52 is camp and final_vinqi_fonetik is कैंप
final_e52 is campaign and final_vinqi_fonetik is कैंपेन
final_e52 is campus and final_vinqi_fonetik is कैंपस
final_e52 is can and final_vinqi_fonetik is कैन
final_e52 is canadian and final_vinqi_fonetik is कैनेडियन
final_e52 is cancer and final_vinqi_fonetik is कैंसर
final_e52 is candidate and final_vinqi_fonetik is कैंडिडेट
final_e52 is cap and final_vinqi_fonetik is कैप
final_e52 is capability and final_vinqi_fonetik is कपाबिलिटी
final_e52 is capable and final_vinqi_fonetik is कपबले
final_e52 is capacity and final_vinqi_fonetik is कैपेसिटी
final_e52 is capital and final_vinqi_fonetik is कैपिटल
final_e52 is captain and final_vinqi_fonetik is कप्तान
final_e52 is capture and final_vinqi_fonetik is कैप्चर
final_e52 is car and final_vinqi_fonetik is कार
final_e52 is carbon and final_vinqi_fonetik is कार्बन
final_e52 is card and final_vinqi_fonetik is कार्ड
final_e52 is care and final_vinqi_fonetik is केयर
final_e52 is career and final_vinqi_fonetik is करियर
final_e52 is careful and final_vinqi_fonetik is केयरफुल
final_e52 is carefully and final_vinqi_fonetik is करेफुल्ली
final_e52 is carrier and final_vinqi_fonetik is कर्रिएर
final_e52 is carry and final_vinqi_fonetik is कैर्री
final_e52 is case and final_vinqi_fonetik is केस
final_e52 is cash and final_vinqi_fonetik is कॅश
final_e52 is cast and final_vinqi_fonetik is कास्ट
final_e52 is cat and final_vinqi_fonetik is कैट
final_e52 is catch and final_vinqi_fonetik is कैच
final_e52 is category and final_vinqi_fonetik is केटेगरी
final_e52 is catholic and final_vinqi_fonetik is कैथोलिक
final_e52 is cause and final_vinqi_fonetik is कॉज
final_e52 is ceiling and final_vinqi_fonetik is सीलिंग
final_e52 is celebrate and final_vinqi_fonetik is सेलिब्रेट
final_e52 is celebration and final_vinqi_fonetik is सेलिब्रेशन
final_e52 is celebrity and final_vinqi_fonetik is सेलिब्रिटी
final_e52 is cell and final_vinqi_fonetik is सेल
final_e52 is center and final_vinqi_fonetik is सेण्टर
final_e52 is central and final_vinqi_fonetik is सेंट्रल
final_e52 is century and final_vinqi_fonetik is सेंचुरी
final_e52 is ceo and final_vinqi_fonetik is सीईओ
final_e52 is ceremony and final_vinqi_fonetik is सेरेमनी
final_e52 is certain and final_vinqi_fonetik is सर्टेन
final_e52 is certainly and final_vinqi_fonetik is सर्टेनली
final_e52 is chain and final_vinqi_fonetik is चैन
final_e52 is chair and final_vinqi_fonetik is चेयर
final_e52 is chairman and final_vinqi_fonetik is चेयरमैन
final_e52 is challenge and final_vinqi_fonetik is चैलेंज
final_e52 is chamber and final_vinqi_fonetik is चैम्बर
final_e52 is champion and final_vinqi_fonetik is चैंपियन
final_e52 is championship and final_vinqi_fonetik is चैंपियनशिप
final_e52 is chance and final_vinqi_fonetik is चांस
final_e52 is change and final_vinqi_fonetik is चेंज
final_e52 is changing and final_vinqi_fonetik is चेंजिंग
final_e52 is channel and final_vinqi_fonetik is चैनल
final_e52 is chapter and final_vinqi_fonetik is चैप्टर
final_e52 is character and final_vinqi_fonetik is करैक्टर
final_e52 is characteristic and final_vinqi_fonetik is कैरेक्टरिस्टिक
final_e52 is characterize and final_vinqi_fonetik is चरक्टेरिजे
final_e52 is charge and final_vinqi_fonetik is चार्ज
final_e52 is charity and final_vinqi_fonetik is चैरिटी
final_e52 is chart and final_vinqi_fonetik is चार्ट
final_e52 is chase and final_vinqi_fonetik is चेस
final_e52 is cheap and final_vinqi_fonetik is चीप
final_e52 is check and final_vinqi_fonetik is चेक
final_e52 is cheek and final_vinqi_fonetik is चीक
final_e52 is cheese and final_vinqi_fonetik is चीज़
final_e52 is chef and final_vinqi_fonetik is शेफ
final_e52 is chemical and final_vinqi_fonetik is केमिकल
final_e52 is chest and final_vinqi_fonetik is चेस्ट
final_e52 is chicken and final_vinqi_fonetik is चिकन
final_e52 is chief and final_vinqi_fonetik is चीफ
final_e52 is child and final_vinqi_fonetik is चाइल्ड
final_e52 is childhood and final_vinqi_fonetik is चाइल्डहुड
final_e52 is chinese and final_vinqi_fonetik is चिनेसे
final_e52 is chip and final_vinqi_fonetik is चिप
final_e52 is chocolate and final_vinqi_fonetik is चॉकलेट
final_e52 is choice and final_vinqi_fonetik is चॉइस
final_e52 is cholesterol and final_vinqi_fonetik is कोलेस्ट्रॉल
final_e52 is choose and final_vinqi_fonetik is चूसे
final_e52 is christian and final_vinqi_fonetik is क्रिस्चियन
final_e52 is christmas and final_vinqi_fonetik is क्रिसमस
final_e52 is church and final_vinqi_fonetik is चर्च
final_e52 is cigarette and final_vinqi_fonetik is सिगरेट
final_e52 is circle and final_vinqi_fonetik is सर्किल
final_e52 is circumstance and final_vinqi_fonetik is सरकमस्टांस
final_e52 is cite and final_vinqi_fonetik is छीटे
final_e52 is citizen and final_vinqi_fonetik is सिटीजन
final_e52 is city and final_vinqi_fonetik is सिटी
final_e52 is civil and final_vinqi_fonetik is सिविल
final_e52 is civilian and final_vinqi_fonetik is सिविलियन
final_e52 is claim and final_vinqi_fonetik is क्लेम
final_e52 is class and final_vinqi_fonetik is क्लास
final_e52 is classic and final_vinqi_fonetik is क्लासिक
final_e52 is classroom and final_vinqi_fonetik is क्लासरूम
final_e52 is clean and final_vinqi_fonetik is क्लीन
final_e52 is clear and final_vinqi_fonetik is क्लियर
final_e52 is clearly and final_vinqi_fonetik is क्लेअर्ल्य
final_e52 is client and final_vinqi_fonetik is क्लाइंट
final_e52 is climate and final_vinqi_fonetik is क्लाइमेट
final_e52 is climb and final_vinqi_fonetik is क्लाइंब
final_e52 is clinic and final_vinqi_fonetik is क्लिनिक
final_e52 is clinical and final_vinqi_fonetik is क्लीनिकल
final_e52 is clock and final_vinqi_fonetik is क्लॉक
final_e52 is close and final_vinqi_fonetik is क्लोज
final_e52 is closely and final_vinqi_fonetik is क्लोसेली
final_e52 is closer and final_vinqi_fonetik is क्लोज़र
final_e52 is clothes and final_vinqi_fonetik is क्लोथ्स
final_e52 is clothing and final_vinqi_fonetik is क्लोथिंग
final_e52 is cloud and final_vinqi_fonetik is क्लाउड
final_e52 is club and final_vinqi_fonetik is क्लब
final_e52 is clue and final_vinqi_fonetik is क्लू
final_e52 is cluster and final_vinqi_fonetik is क्लस्टर
final_e52 is coach and final_vinqi_fonetik is कोच
final_e52 is coal and final_vinqi_fonetik is कोल्
final_e52 is coalition and final_vinqi_fonetik is कोएलिशन
final_e52 is coast and final_vinqi_fonetik is कोस्ट
final_e52 is coat and final_vinqi_fonetik is कोट
final_e52 is code and final_vinqi_fonetik is कोड
final_e52 is coffee and final_vinqi_fonetik is कॉफ़ी
final_e52 is cognitive and final_vinqi_fonetik is कॉग्निटिव
final_e52 is cold and final_vinqi_fonetik is कोल्ड
final_e52 is collapse and final_vinqi_fonetik is कलपसे
final_e52 is colleague and final_vinqi_fonetik is कलेग
final_e52 is collect and final_vinqi_fonetik is कलेक्ट
final_e52 is collection and final_vinqi_fonetik is कलेक्शन
final_e52 is collective and final_vinqi_fonetik is कलेक्टिव
final_e52 is college and final_vinqi_fonetik is कॉलेज
final_e52 is colonial and final_vinqi_fonetik is कोलोनियल
final_e52 is color and final_vinqi_fonetik is कलर
final_e52 is column and final_vinqi_fonetik is कॉलम
final_e52 is combination and final_vinqi_fonetik is कॉम्बिनेशन
final_e52 is combine and final_vinqi_fonetik is कंबाइन
final_e52 is come and final_vinqi_fonetik is के
final_e52 is comedy and final_vinqi_fonetik is कॉमेडी
final_e52 is comfort and final_vinqi_fonetik is कम्फर्ट
final_e52 is comfortable and final_vinqi_fonetik is कम्फर्टेबले
final_e52 is command and final_vinqi_fonetik is कमांड
final_e52 is commander and final_vinqi_fonetik is कमांडर
final_e52 is comment and final_vinqi_fonetik is कमेंट
final_e52 is commercial and final_vinqi_fonetik is कमर्शियल
final_e52 is commission and final_vinqi_fonetik is कमीशन
final_e52 is commit and final_vinqi_fonetik is कमिट
final_e52 is commitment and final_vinqi_fonetik is कमिटमेंट
final_e52 is committee and final_vinqi_fonetik is समिति
final_e52 is common and final_vinqi_fonetik is कॉमन
final_e52 is communicate and final_vinqi_fonetik is कम्यूनिकेट
final_e52 is communication and final_vinqi_fonetik is कम्युनिकेशन
final_e52 is community and final_vinqi_fonetik is कम्युनिटी
final_e52 is company and final_vinqi_fonetik is कंपनी
final_e52 is compare and final_vinqi_fonetik is कपड़े
final_e52 is comparison and final_vinqi_fonetik is कपरिसों
final_e52 is compete and final_vinqi_fonetik is कपट
final_e52 is competition and final_vinqi_fonetik is कम्पटीशन
final_e52 is competitive and final_vinqi_fonetik is कॉम्पिटिटिव
final_e52 is competitor and final_vinqi_fonetik is कॉम्पिटिटर
final_e52 is complain and final_vinqi_fonetik is कम्प्लेन
final_e52 is complaint and final_vinqi_fonetik is कंप्लेंट
final_e52 is complete and final_vinqi_fonetik is कम्पलीट
final_e52 is completely and final_vinqi_fonetik is कम्प्लीटली
final_e52 is complex and final_vinqi_fonetik is काम्प्लेक्स
final_e52 is complicated and final_vinqi_fonetik is कॉम्प्लिकेटेड
final_e52 is component and final_vinqi_fonetik is कॉम्पोनेन्ट
final_e52 is compose and final_vinqi_fonetik is कंपोज़
final_e52 is composition and final_vinqi_fonetik is कम्पोजीशन
final_e52 is comprehensive and final_vinqi_fonetik is कम्प्रेहैन्सिव
final_e52 is computer and final_vinqi_fonetik is कंप्यूटर
final_e52 is concentrate and final_vinqi_fonetik is कंसन्ट्रेट
final_e52 is concentration and final_vinqi_fonetik is कंसंट्रेशन
final_e52 is concept and final_vinqi_fonetik is कांसेप्ट
final_e52 is concern and final_vinqi_fonetik is कंसर्न
final_e52 is concerned and final_vinqi_fonetik is कंसर्नड
final_e52 is concert and final_vinqi_fonetik is कॉन्सर्ट
final_e52 is conclude and final_vinqi_fonetik is कंक्लूडे
final_e52 is conclusion and final_vinqi_fonetik is कन्क्लूसिओं
final_e52 is concrete and final_vinqi_fonetik is कंक्रीट
final_e52 is condition and final_vinqi_fonetik is कंडीशन
final_e52 is conduct and final_vinqi_fonetik is कंडक्ट
final_e52 is conference and final_vinqi_fonetik is कांफ्रेंस
final_e52 is confidence and final_vinqi_fonetik is कॉन्फिडेंस
final_e52 is confident and final_vinqi_fonetik is कॉंफिडेंट
final_e52 is confirm and final_vinqi_fonetik is कन्फर्म
final_e52 is conflict and final_vinqi_fonetik is कनफ्लिक्ट
final_e52 is confront and final_vinqi_fonetik is कोंफ्रोंट
final_e52 is confusion and final_vinqi_fonetik is कन्फूसिओं
final_e52 is congress and final_vinqi_fonetik is कांग्रेस
final_e52 is congressional and final_vinqi_fonetik is कांग्रेशनल
final_e52 is connect and final_vinqi_fonetik is कनेक्ट
final_e52 is connection and final_vinqi_fonetik is कनेक्शन
final_e52 is consciousness and final_vinqi_fonetik is कांशसनेस
final_e52 is consensus and final_vinqi_fonetik is कंसेंसस
final_e52 is consequence and final_vinqi_fonetik is कोंसेकेंस
final_e52 is conservative and final_vinqi_fonetik is कन्सेर्वटिवे
final_e52 is consider and final_vinqi_fonetik is कंसीडर
final_e52 is considerable and final_vinqi_fonetik is कन्सिडराबले
final_e52 is consideration and final_vinqi_fonetik is कन्सिडरातिओं
final_e52 is consist and final_vinqi_fonetik is कन्सिस्ट
final_e52 is consistent and final_vinqi_fonetik is कंसिस्टेंट
final_e52 is constant and final_vinqi_fonetik is कांस्टेंट
final_e52 is constantly and final_vinqi_fonetik is कोंस्तांतली
final_e52 is constitute and final_vinqi_fonetik is कोंस्टीटूटे
final_e52 is constitutional and final_vinqi_fonetik is कोंस्टीटूशनल
final_e52 is construct and final_vinqi_fonetik is कंस्ट्रक्ट
final_e52 is construction and final_vinqi_fonetik is कंस्ट्रक्शन
final_e52 is consultant and final_vinqi_fonetik is कंसलटेंट
final_e52 is consume and final_vinqi_fonetik is कसमे
final_e52 is consumer and final_vinqi_fonetik is कंस्यूमर
final_e52 is consumption and final_vinqi_fonetik is कोन्सुम्प्शन
final_e52 is contact and final_vinqi_fonetik is कांटेक्ट
final_e52 is contain and final_vinqi_fonetik is कॉन्टैन
final_e52 is container and final_vinqi_fonetik is कंटेनर
final_e52 is contemporary and final_vinqi_fonetik is कंटेम्पररी
final_e52 is content and final_vinqi_fonetik is कंटेंट
final_e52 is contest and final_vinqi_fonetik is कांटेस्ट
final_e52 is context and final_vinqi_fonetik is कॉन्टेक्स्ट
final_e52 is continue and final_vinqi_fonetik is कंटिन्यू
final_e52 is continued and final_vinqi_fonetik is कॉन्टिनोएड
final_e52 is contract and final_vinqi_fonetik is कॉन्ट्रैक्ट
final_e52 is contrast and final_vinqi_fonetik is कंट्रास्ट
final_e52 is contribute and final_vinqi_fonetik is कंट्रीब्यूट
final_e52 is contribution and final_vinqi_fonetik is कंट्रीब्यूशन
final_e52 is control and final_vinqi_fonetik is कण्ट्रोल
final_e52 is controversial and final_vinqi_fonetik is कंट्रोवर्सिअल
final_e52 is controversy and final_vinqi_fonetik is कंट्रोवर्सी
final_e52 is convention and final_vinqi_fonetik is कन्वेंशन
final_e52 is conventional and final_vinqi_fonetik is कन्वेंशनल
final_e52 is conversation and final_vinqi_fonetik is कन्वर्सेशन
final_e52 is convert and final_vinqi_fonetik is कन्वर्ट
final_e52 is conviction and final_vinqi_fonetik is कन्विक्शन
final_e52 is convince and final_vinqi_fonetik is कन्विंस
final_e52 is cook and final_vinqi_fonetik is कुक
final_e52 is cookie and final_vinqi_fonetik is कुकी
final_e52 is cooking and final_vinqi_fonetik is कुकिंग
final_e52 is cool and final_vinqi_fonetik is कूल
final_e52 is cooperation and final_vinqi_fonetik is कोऑपरेशन
final_e52 is cop and final_vinqi_fonetik is कप
final_e52 is cope and final_vinqi_fonetik is छोपे
final_e52 is copy and final_vinqi_fonetik is कॉपी
final_e52 is core and final_vinqi_fonetik is कोर
final_e52 is corn and final_vinqi_fonetik is कॉर्न
final_e52 is corner and final_vinqi_fonetik is कार्नर
final_e52 is corporate and final_vinqi_fonetik is कॉर्पोरेट
final_e52 is corporation and final_vinqi_fonetik is कारपोरेशन
final_e52 is correct and final_vinqi_fonetik is करेक्ट
final_e52 is correspondent and final_vinqi_fonetik is कोरेस्पोंडेंट
final_e52 is cost and final_vinqi_fonetik is कॉस्ट
final_e52 is cotton and final_vinqi_fonetik is कॉटन
final_e52 is couch and final_vinqi_fonetik is काउच
final_e52 is could and final_vinqi_fonetik is कुड
final_e52 is council and final_vinqi_fonetik is कौंसिल
final_e52 is counselor and final_vinqi_fonetik is काउंसलर
final_e52 is count and final_vinqi_fonetik is काउंट
final_e52 is counter and final_vinqi_fonetik is काउंटर
final_e52 is country and final_vinqi_fonetik is कंट्री
final_e52 is county and final_vinqi_fonetik is काउंटी
final_e52 is couple and final_vinqi_fonetik is कपल
final_e52 is courage and final_vinqi_fonetik is करेज
final_e52 is course and final_vinqi_fonetik is कोर्स
final_e52 is court and final_vinqi_fonetik is कोर्ट
final_e52 is cousin and final_vinqi_fonetik is कजिन
final_e52 is cover and final_vinqi_fonetik is कवर
final_e52 is coverage and final_vinqi_fonetik is कवरेज
final_e52 is cow and final_vinqi_fonetik is काऊ
final_e52 is crack and final_vinqi_fonetik is क्रैक
final_e52 is craft and final_vinqi_fonetik is क्राफ्ट
final_e52 is crash and final_vinqi_fonetik is क्रैश
final_e52 is crazy and final_vinqi_fonetik is क्रेजी
final_e52 is cream and final_vinqi_fonetik is क्रीम
final_e52 is create and final_vinqi_fonetik is क्रिएट
final_e52 is creation and final_vinqi_fonetik is क्रिएशन
final_e52 is creative and final_vinqi_fonetik is क्रिएटिव
final_e52 is creature and final_vinqi_fonetik is क्रेअटुरे
final_e52 is credit and final_vinqi_fonetik is क्रेडिट
final_e52 is crew and final_vinqi_fonetik is क्रू
final_e52 is crime and final_vinqi_fonetik is क्राइम
final_e52 is criminal and final_vinqi_fonetik is क्रिमिनल
final_e52 is crisis and final_vinqi_fonetik is क्राइसिस
final_e52 is criteria and final_vinqi_fonetik is क्राइटेरिया
final_e52 is critic and final_vinqi_fonetik is क्रिटिक
final_e52 is critical and final_vinqi_fonetik is क्रिटिकल
final_e52 is criticism and final_vinqi_fonetik is क्रिटिसिज्म
final_e52 is criticize and final_vinqi_fonetik is क्रिटिसिज़े
final_e52 is crop and final_vinqi_fonetik is क्रॉप
final_e52 is cross and final_vinqi_fonetik is क्रॉस
final_e52 is crowd and final_vinqi_fonetik is क्राउड
final_e52 is crucial and final_vinqi_fonetik is क्रुशल
final_e52 is cry and final_vinqi_fonetik is क्राई
final_e52 is cultural and final_vinqi_fonetik is कल्चरल
final_e52 is culture and final_vinqi_fonetik is कल्चर
final_e52 is cup and final_vinqi_fonetik is कप
final_e52 is curious and final_vinqi_fonetik is क्यूरियस
final_e52 is current and final_vinqi_fonetik is करंट
final_e52 is currently and final_vinqi_fonetik is कर्रेंटली
final_e52 is curriculum and final_vinqi_fonetik is करिकुलम
final_e52 is custom and final_vinqi_fonetik is कस्टम
final_e52 is customer and final_vinqi_fonetik is कस्टमर
final_e52 is cut and final_vinqi_fonetik is कट
final_e52 is cycle and final_vinqi_fonetik is साइकिल
final_e52 is dad and final_vinqi_fonetik is डैड
final_e52 is daily and final_vinqi_fonetik is डेली
final_e52 is damage and final_vinqi_fonetik is डैमेज
final_e52 is dance and final_vinqi_fonetik is डांस
final_e52 is danger and final_vinqi_fonetik is डेंजर
final_e52 is dangerous and final_vinqi_fonetik is डेंजरस
final_e52 is dare and final_vinqi_fonetik is डरे
final_e52 is dark and final_vinqi_fonetik is डार्क
final_e52 is darkness and final_vinqi_fonetik is डार्कनेस
final_e52 is data and final_vinqi_fonetik is डाटा
final_e52 is date and final_vinqi_fonetik is डेट
final_e52 is daughter and final_vinqi_fonetik is डॉटर
final_e52 is day and final_vinqi_fonetik is डे
final_e52 is dead and final_vinqi_fonetik is डेड
final_e52 is deal and final_vinqi_fonetik is डील
final_e52 is dealer and final_vinqi_fonetik is डीलर
final_e52 is dear and final_vinqi_fonetik is डिअर
final_e52 is death and final_vinqi_fonetik is डेथ
final_e52 is debate and final_vinqi_fonetik is डिबेट
final_e52 is debt and final_vinqi_fonetik is डेब्ट
final_e52 is decade and final_vinqi_fonetik is डिकेड
final_e52 is decide and final_vinqi_fonetik is डीडे
final_e52 is decision and final_vinqi_fonetik is डिसिशन
final_e52 is deck and final_vinqi_fonetik is डेक
final_e52 is declare and final_vinqi_fonetik is डिक्लेअर
final_e52 is decline and final_vinqi_fonetik is डिक्लाइन
final_e52 is decrease and final_vinqi_fonetik is डिक्रीसे
final_e52 is deep and final_vinqi_fonetik is डीप
final_e52 is deeply and final_vinqi_fonetik is डीपली
final_e52 is deer and final_vinqi_fonetik is डियर
final_e52 is defeat and final_vinqi_fonetik is डेफ़ेअट
final_e52 is defend and final_vinqi_fonetik is डिफेंड
final_e52 is defendant and final_vinqi_fonetik is दफेदान्त
final_e52 is defense and final_vinqi_fonetik is डिफेंस
final_e52 is defensive and final_vinqi_fonetik is डिफेंसिव
final_e52 is deficit and final_vinqi_fonetik is डेफिसिट
final_e52 is define and final_vinqi_fonetik is डिफाइन
final_e52 is definitely and final_vinqi_fonetik is डेफिनिटेली
final_e52 is definition and final_vinqi_fonetik is डेफिनिशन
final_e52 is degree and final_vinqi_fonetik is डिग्री
final_e52 is delay and final_vinqi_fonetik is डिले
final_e52 is deliver and final_vinqi_fonetik is डिलीवर
final_e52 is delivery and final_vinqi_fonetik is डिलीवरी
final_e52 is demand and final_vinqi_fonetik is डिमांड
final_e52 is democracy and final_vinqi_fonetik is डेमोक्रेसी
final_e52 is democrat and final_vinqi_fonetik is डेमोक्रैट
final_e52 is democratic and final_vinqi_fonetik is डेमोक्रेटिक
final_e52 is demonstrate and final_vinqi_fonetik is डेमोंस्ट्रेटे
final_e52 is demonstration and final_vinqi_fonetik is डेमोंस्ट्रेशन
final_e52 is deny and final_vinqi_fonetik is देंय
final_e52 is department and final_vinqi_fonetik is डिपार्टमेंट
final_e52 is depend and final_vinqi_fonetik is देपेंद
final_e52 is dependent and final_vinqi_fonetik is डिपेंडेंट
final_e52 is depending and final_vinqi_fonetik is डेपेंडिंग
final_e52 is depict and final_vinqi_fonetik is डेपिस्ट
final_e52 is depression and final_vinqi_fonetik is डिप्रेशन
final_e52 is depth and final_vinqi_fonetik is डेप्थ
final_e52 is deputy and final_vinqi_fonetik is डिप्टी
final_e52 is derive and final_vinqi_fonetik is देऱीवे
final_e52 is describe and final_vinqi_fonetik is डेस्क्रिबे
final_e52 is description and final_vinqi_fonetik is डिस्क्रिप्शन
final_e52 is desert and final_vinqi_fonetik is डेजर्ट
final_e52 is deserve and final_vinqi_fonetik is डेसेर्वे
final_e52 is design and final_vinqi_fonetik is डिज़ाइन
final_e52 is designer and final_vinqi_fonetik is डिज़ाइनर
final_e52 is desire and final_vinqi_fonetik is डिजायर
final_e52 is desk and final_vinqi_fonetik is डेस्क
final_e52 is desperate and final_vinqi_fonetik is डेस्पेरेट
final_e52 is despite and final_vinqi_fonetik is देस्पिते
final_e52 is destroy and final_vinqi_fonetik is डिस्ट्रॉय
final_e52 is destruction and final_vinqi_fonetik is डिस्ट्रक्शन
final_e52 is detail and final_vinqi_fonetik is डिटेल
final_e52 is detailed and final_vinqi_fonetik is डिटेल्ड
final_e52 is detect and final_vinqi_fonetik is डिटेक्ट
final_e52 is determine and final_vinqi_fonetik is डेटर्मिने
final_e52 is develop and final_vinqi_fonetik is डेवेलोप
final_e52 is developing and final_vinqi_fonetik is डेवलपिंग
final_e52 is development and final_vinqi_fonetik is डेवलपमेंट
final_e52 is device and final_vinqi_fonetik is डिवाइस
final_e52 is devote and final_vinqi_fonetik is देवोते
final_e52 is dialogue and final_vinqi_fonetik is डायलाग
final_e52 is die and final_vinqi_fonetik is दिए
final_e52 is diet and final_vinqi_fonetik is डाइट
final_e52 is differ and final_vinqi_fonetik is डिफर
final_e52 is difference and final_vinqi_fonetik is डिफरेंस
final_e52 is different and final_vinqi_fonetik is डिफरेंट
final_e52 is differently and final_vinqi_fonetik is डिफरेंटली
final_e52 is difficult and final_vinqi_fonetik is डिफिकल्ट
final_e52 is difficulty and final_vinqi_fonetik is डिफीकल्टी
final_e52 is dig and final_vinqi_fonetik is दिग
final_e52 is digital and final_vinqi_fonetik is डिजिटल
final_e52 is dimension and final_vinqi_fonetik is डायमेंशन
final_e52 is dining and final_vinqi_fonetik is डाइनिंग
final_e52 is dinner and final_vinqi_fonetik is डिनर
final_e52 is direct and final_vinqi_fonetik is डायरेक्ट
final_e52 is direction and final_vinqi_fonetik is डायरेक्शन
final_e52 is directly and final_vinqi_fonetik is डायरेक्टली
final_e52 is director and final_vinqi_fonetik is डायरेक्टर
final_e52 is dirt and final_vinqi_fonetik is डर्ट
final_e52 is dirty and final_vinqi_fonetik is डर्टी
final_e52 is disability and final_vinqi_fonetik is डिसेबिलिटी
final_e52 is disagree and final_vinqi_fonetik is डिसागरी
final_e52 is disappear and final_vinqi_fonetik is डिसअप्पेअर
final_e52 is disaster and final_vinqi_fonetik is डिजास्टर
final_e52 is discipline and final_vinqi_fonetik is डिसिप्लिन
final_e52 is discourse and final_vinqi_fonetik is डिस्कोर्स
final_e52 is discover and final_vinqi_fonetik is डिस्कवर
final_e52 is discovery and final_vinqi_fonetik is डिस्कवरी
final_e52 is discrimination and final_vinqi_fonetik is डिस्क्रिमिनेशन
final_e52 is discuss and final_vinqi_fonetik is डिसकस
final_e52 is discussion and final_vinqi_fonetik is डिस्कशन
final_e52 is disease and final_vinqi_fonetik is डिजीज
final_e52 is dish and final_vinqi_fonetik is डिश
final_e52 is dismiss and final_vinqi_fonetik is डिसमिस
final_e52 is disorder and final_vinqi_fonetik is डिसऑर्डर
final_e52 is display and final_vinqi_fonetik is डिस्प्ले
final_e52 is dispute and final_vinqi_fonetik is डिस्प्यूट
final_e52 is distance and final_vinqi_fonetik is डिस्टेंस
final_e52 is distant and final_vinqi_fonetik is डिस्टेंट
final_e52 is distinct and final_vinqi_fonetik is डिस्टिंक्ट
final_e52 is distinction and final_vinqi_fonetik is डिस्टिंक्शन
final_e52 is distinguish and final_vinqi_fonetik is डिस्टिंगुइश
final_e52 is distribute and final_vinqi_fonetik is डिस्ट्रीब्यूट
final_e52 is distribution and final_vinqi_fonetik is डिस्ट्रीब्यूशन
final_e52 is district and final_vinqi_fonetik is डिस्ट्रिक्ट
final_e52 is diverse and final_vinqi_fonetik is दिवेर्से
final_e52 is diversity and final_vinqi_fonetik is डाइवर्सिटी
final_e52 is divide and final_vinqi_fonetik is डिवाइड
final_e52 is division and final_vinqi_fonetik is डिवीज़न
final_e52 is divorce and final_vinqi_fonetik is डाइवोर्स
final_e52 is dna and final_vinqi_fonetik is डीएनए
final_e52 is do and final_vinqi_fonetik is दो
final_e52 is doctor and final_vinqi_fonetik is डॉक्टर
final_e52 is document and final_vinqi_fonetik is डॉक्यूमेंट
final_e52 is dog and final_vinqi_fonetik is डॉग
final_e52 is domestic and final_vinqi_fonetik is डोमेस्टिक
final_e52 is dominant and final_vinqi_fonetik is डोमिनेंट
final_e52 is dominate and final_vinqi_fonetik is डोमिनाते
final_e52 is door and final_vinqi_fonetik is दूर
final_e52 is double and final_vinqi_fonetik is डबल
final_e52 is doubt and final_vinqi_fonetik is डाउट
final_e52 is down and final_vinqi_fonetik is डाउन
final_e52 is downtown and final_vinqi_fonetik is डाउनटाउन
final_e52 is dozen and final_vinqi_fonetik is डोज़ेन
final_e52 is draft and final_vinqi_fonetik is ड्राफ्ट
final_e52 is drag and final_vinqi_fonetik is ड्रैग
final_e52 is drama and final_vinqi_fonetik is ड्रामा
final_e52 is dramatic and final_vinqi_fonetik is ड्रामेटिक
final_e52 is dramatically and final_vinqi_fonetik is ड्रमैटिकल्ल्य
final_e52 is draw and final_vinqi_fonetik is ड्रा
final_e52 is drawing and final_vinqi_fonetik is ड्राइंग
final_e52 is dream and final_vinqi_fonetik is ड्रीम
final_e52 is dress and final_vinqi_fonetik is ड्रेस
final_e52 is drink and final_vinqi_fonetik is ड्रिंक
final_e52 is drive and final_vinqi_fonetik is ड्राइव
final_e52 is driver and final_vinqi_fonetik is ड्राइवर
final_e52 is drop and final_vinqi_fonetik is ड्राप
final_e52 is drug and final_vinqi_fonetik is ड्रग
final_e52 is dry and final_vinqi_fonetik is ड्राई
final_e52 is due and final_vinqi_fonetik is देय
final_e52 is during and final_vinqi_fonetik is दूरिंग
final_e52 is dust and final_vinqi_fonetik is डस्ट
final_e52 is duty and final_vinqi_fonetik is ड्यूटी
final_e52 is each and final_vinqi_fonetik is एच
final_e52 is eager and final_vinqi_fonetik is ेअगर
final_e52 is ear and final_vinqi_fonetik is एअर
final_e52 is early and final_vinqi_fonetik is अर्ली
final_e52 is earn and final_vinqi_fonetik is ीर्ण
final_e52 is earnings and final_vinqi_fonetik is एअर्निंग्स
final_e52 is earth and final_vinqi_fonetik is एअर्थ
final_e52 is ease and final_vinqi_fonetik is एअसे
final_e52 is easily and final_vinqi_fonetik is ैसिलय
final_e52 is east and final_vinqi_fonetik is ईस्ट
final_e52 is eastern and final_vinqi_fonetik is ईस्टर्न
final_e52 is easy and final_vinqi_fonetik is इजी
final_e52 is eat and final_vinqi_fonetik is बात
final_e52 is economic and final_vinqi_fonetik is इकनोमिक
final_e52 is economics and final_vinqi_fonetik is इकोनॉमिक्स
final_e52 is economist and final_vinqi_fonetik is इकोनॉमिस्ट
final_e52 is economy and final_vinqi_fonetik is इकॉनमी
final_e52 is edge and final_vinqi_fonetik is एज
final_e52 is edition and final_vinqi_fonetik is एडिशन
final_e52 is editor and final_vinqi_fonetik is एडिटर
final_e52 is educate and final_vinqi_fonetik is एडुकाते
final_e52 is education and final_vinqi_fonetik is एजुकेशन
final_e52 is educational and final_vinqi_fonetik is एजुकेशनल
final_e52 is educator and final_vinqi_fonetik is एडुकातोर
final_e52 is effect and final_vinqi_fonetik is इफ़ेक्ट
final_e52 is effective and final_vinqi_fonetik is इफेक्टिव
final_e52 is effectively and final_vinqi_fonetik is एफ्फेक्टिवेली
final_e52 is efficiency and final_vinqi_fonetik is एफिशिएंसी
final_e52 is efficient and final_vinqi_fonetik is एफ्फिसिएंट
final_e52 is effort and final_vinqi_fonetik is एफर्ट
final_e52 is egg and final_vinqi_fonetik is एग
final_e52 is eight and final_vinqi_fonetik is आठ
final_e52 is either and final_vinqi_fonetik is ऐथेर
final_e52 is elderly and final_vinqi_fonetik is एल्डर्ली
final_e52 is elect and final_vinqi_fonetik is ेलेक्ट
final_e52 is election and final_vinqi_fonetik is इलेक्शन
final_e52 is electric and final_vinqi_fonetik is इलेक्ट्रिक
final_e52 is electricity and final_vinqi_fonetik is इलेक्ट्रिसिटी
final_e52 is electronic and final_vinqi_fonetik is इलेक्ट्रॉनिक
final_e52 is element and final_vinqi_fonetik is एलिमेंट
final_e52 is elementary and final_vinqi_fonetik is एलीमेंट्री
final_e52 is eliminate and final_vinqi_fonetik is एलिमिनेट
final_e52 is elite and final_vinqi_fonetik is इलीट
final_e52 is else and final_vinqi_fonetik is ेल्स
final_e52 is elsewhere and final_vinqi_fonetik is एल्सव्हेरे
final_e52 is e-mail and final_vinqi_fonetik is इ-मेल
final_e52 is embrace and final_vinqi_fonetik is एम्ब्रॉस
final_e52 is emerge and final_vinqi_fonetik is इमर्ज
final_e52 is emergency and final_vinqi_fonetik is इमरजेंसी
final_e52 is emission and final_vinqi_fonetik is एमिशन
final_e52 is emotion and final_vinqi_fonetik is इमोशन
final_e52 is emotional and final_vinqi_fonetik is इमोशनल
final_e52 is emphasis and final_vinqi_fonetik is एम्फेसिस
final_e52 is emphasize and final_vinqi_fonetik is एम्फैसिज़े
final_e52 is employ and final_vinqi_fonetik is एम्प्लॉय
final_e52 is employee and final_vinqi_fonetik is एम्प्लोयी
final_e52 is employer and final_vinqi_fonetik is एम्प्लायर
final_e52 is employment and final_vinqi_fonetik is एम्प्लॉयमेंट
final_e52 is empty and final_vinqi_fonetik is एम्प्टी
final_e52 is enable and final_vinqi_fonetik is इनेबल
final_e52 is encounter and final_vinqi_fonetik is एनकाउंटर
final_e52 is encourage and final_vinqi_fonetik is ेन्सॉरगे
final_e52 is end and final_vinqi_fonetik is एन्ड
final_e52 is enemy and final_vinqi_fonetik is एनिमी
final_e52 is energy and final_vinqi_fonetik is एनर्जी
final_e52 is enforcement and final_vinqi_fonetik is एनफोर्समेंट
final_e52 is engage and final_vinqi_fonetik is इंगगे
final_e52 is engine and final_vinqi_fonetik is इंजन
final_e52 is engineer and final_vinqi_fonetik is इंजीनियर
final_e52 is engineering and final_vinqi_fonetik is इंजीनियरिंग
final_e52 is english and final_vinqi_fonetik is इंग्लिश
final_e52 is enhance and final_vinqi_fonetik is एनहान्स
final_e52 is enjoy and final_vinqi_fonetik is एन्जॉय
final_e52 is enormous and final_vinqi_fonetik is ेनोरमॉउस
final_e52 is enough and final_vinqi_fonetik is एनफ
final_e52 is ensure and final_vinqi_fonetik is ेंसुरे
final_e52 is enter and final_vinqi_fonetik is एंटर
final_e52 is enterprise and final_vinqi_fonetik is एंटरप्राइज
final_e52 is entertainment and final_vinqi_fonetik is एंटरटेनमेंट
final_e52 is entire and final_vinqi_fonetik is एंटीरे
final_e52 is entirely and final_vinqi_fonetik is एंटीरेलय
final_e52 is entrance and final_vinqi_fonetik is एंट्रेंस
final_e52 is entry and final_vinqi_fonetik is एंट्री
final_e52 is environment and final_vinqi_fonetik is एनवायरनमेंट
final_e52 is environmental and final_vinqi_fonetik is एनवायर्नमेंटल
final_e52 is episode and final_vinqi_fonetik is एपिसोड
final_e52 is equal and final_vinqi_fonetik is इक्वल
final_e52 is equally and final_vinqi_fonetik is एक्वाली
final_e52 is equipment and final_vinqi_fonetik is इक्विपमेंट
final_e52 is era and final_vinqi_fonetik is एरा
final_e52 is error and final_vinqi_fonetik is एरर
final_e52 is escape and final_vinqi_fonetik is एस्केप
final_e52 is especially and final_vinqi_fonetik is ेस्पेशलय
final_e52 is essay and final_vinqi_fonetik is एस्से
final_e52 is essential and final_vinqi_fonetik is एसेंशियल
final_e52 is essentially and final_vinqi_fonetik is एसेंटिआली
final_e52 is establish and final_vinqi_fonetik is एस्टब्लिश
final_e52 is establishment and final_vinqi_fonetik is इस्टैब्लिशमेंट
final_e52 is estate and final_vinqi_fonetik is एस्टेट
final_e52 is estimate and final_vinqi_fonetik is एस्टीमेट
final_e52 is etc and final_vinqi_fonetik is ेट्स
final_e52 is ethics and final_vinqi_fonetik is एथिक्स
final_e52 is ethnic and final_vinqi_fonetik is एथनिक
final_e52 is european and final_vinqi_fonetik is यूरोपियन
final_e52 is evaluate and final_vinqi_fonetik is ेवलुएट
final_e52 is evaluation and final_vinqi_fonetik is इवैल्यूएशन
final_e52 is even and final_vinqi_fonetik is इवन
final_e52 is evening and final_vinqi_fonetik is इवनिंग
final_e52 is event and final_vinqi_fonetik is इवेंट
final_e52 is eventually and final_vinqi_fonetik is ेवेन्तुअल्ल्य
final_e52 is ever and final_vinqi_fonetik is एवर
final_e52 is every and final_vinqi_fonetik is एव्री
final_e52 is everybody and final_vinqi_fonetik is एवरीबॉडी
final_e52 is everyday and final_vinqi_fonetik is एवरीडे
final_e52 is everyone and final_vinqi_fonetik is एवरीवन
final_e52 is everything and final_vinqi_fonetik is एवरीथिंग
final_e52 is everywhere and final_vinqi_fonetik is एवरीव्हेर
final_e52 is evidence and final_vinqi_fonetik is एविडेंस
final_e52 is evolution and final_vinqi_fonetik is ेवोलुशन
final_e52 is evolve and final_vinqi_fonetik is इवॉल्वे
final_e52 is exact and final_vinqi_fonetik is एक्सएक्ट
final_e52 is exactly and final_vinqi_fonetik is एक्साक्ट्ली
final_e52 is examination and final_vinqi_fonetik is एग्जामिनेशन
final_e52 is examine and final_vinqi_fonetik is एक्सामिने
final_e52 is example and final_vinqi_fonetik is एक्साम्प्ले
final_e52 is exceed and final_vinqi_fonetik is एक्ससीड
final_e52 is excellent and final_vinqi_fonetik is एक्सीलेंट
final_e52 is except and final_vinqi_fonetik is एक्सेप्ट
final_e52 is exception and final_vinqi_fonetik is एक्सेप्शन
final_e52 is exchange and final_vinqi_fonetik is एक्सचेंज
final_e52 is exciting and final_vinqi_fonetik is एक्ससिटिंग
final_e52 is executive and final_vinqi_fonetik is एग्जीक्यूटिव
final_e52 is exercise and final_vinqi_fonetik is एक्सरसाइज
final_e52 is exhibit and final_vinqi_fonetik is एक्सहिबित
final_e52 is exhibition and final_vinqi_fonetik is एक्सहिबिशन
final_e52 is exist and final_vinqi_fonetik is एक्सिस्ट
final_e52 is existence and final_vinqi_fonetik is एक्सिस्टेंस
final_e52 is existing and final_vinqi_fonetik is एक्सिस्टिंग
final_e52 is expand and final_vinqi_fonetik is एक्सपैंड
final_e52 is expansion and final_vinqi_fonetik is एक्सपेंशन
final_e52 is expect and final_vinqi_fonetik is एक्सपेक्ट
final_e52 is expectation and final_vinqi_fonetik is एक्सपेक्टेशन
final_e52 is expense and final_vinqi_fonetik is एक्सपेंस
final_e52 is expensive and final_vinqi_fonetik is एक्सपेंसिव
final_e52 is experience and final_vinqi_fonetik is एक्सपीरियंस
final_e52 is experiment and final_vinqi_fonetik is एक्सपेरिमेंट
final_e52 is expert and final_vinqi_fonetik is एक्सपर्ट
final_e52 is explain and final_vinqi_fonetik is एक्सप्लेन
final_e52 is explanation and final_vinqi_fonetik is एक्सप्लनेशन
final_e52 is explode and final_vinqi_fonetik is एक्सप्लोडे
final_e52 is explore and final_vinqi_fonetik is एक्स्प्लोर
final_e52 is explosion and final_vinqi_fonetik is एक्सप्लोसिव
final_e52 is expose and final_vinqi_fonetik is एक्सपोज़
final_e52 is exposure and final_vinqi_fonetik is एक्सपोज़र
final_e52 is express and final_vinqi_fonetik is एक्सप्रेस
final_e52 is expression and final_vinqi_fonetik is एक्सप्रेशन
final_e52 is extend and final_vinqi_fonetik is एक्सटेंड
final_e52 is extension and final_vinqi_fonetik is एक्सटेंशन
final_e52 is extensive and final_vinqi_fonetik is एक्सटेंसिव
final_e52 is extent and final_vinqi_fonetik is एक्सटेंट
final_e52 is external and final_vinqi_fonetik is एक्सटर्नल
final_e52 is extra and final_vinqi_fonetik is एक्स्ट्रा
final_e52 is extraordinary and final_vinqi_fonetik is एक्स्ट्राऑर्डिनरी
final_e52 is extreme and final_vinqi_fonetik is एक्सट्रीम
final_e52 is extremely and final_vinqi_fonetik is एक्सट्रेमेली
final_e52 is eye and final_vinqi_fonetik is ऑय
final_e52 is fabric and final_vinqi_fonetik is फैब्रिक
final_e52 is face and final_vinqi_fonetik is फेस
final_e52 is facility and final_vinqi_fonetik is फैसिलिटी
final_e52 is fact and final_vinqi_fonetik is फैक्ट
final_e52 is factor and final_vinqi_fonetik is फैक्टर
final_e52 is factory and final_vinqi_fonetik is फैक्ट्री
final_e52 is faculty and final_vinqi_fonetik is फैकल्टी
final_e52 is fade and final_vinqi_fonetik is फाडे
final_e52 is fail and final_vinqi_fonetik is फ़ैल
final_e52 is failure and final_vinqi_fonetik is फेलियर
final_e52 is fair and final_vinqi_fonetik is फेयर
final_e52 is fairly and final_vinqi_fonetik is फैरल्य
final_e52 is faith and final_vinqi_fonetik is फेथ
final_e52 is fall and final_vinqi_fonetik is फॉल
final_e52 is false and final_vinqi_fonetik is फालसे
final_e52 is familiar and final_vinqi_fonetik is फेमिलिअर
final_e52 is family and final_vinqi_fonetik is फॅमिली
final_e52 is famous and final_vinqi_fonetik is फेमस
final_e52 is fan and final_vinqi_fonetik is फैन
final_e52 is fantasy and final_vinqi_fonetik is फंतासी
final_e52 is far and final_vinqi_fonetik is फार
final_e52 is farm and final_vinqi_fonetik is फार्म
final_e52 is farmer and final_vinqi_fonetik is फार्मर
final_e52 is fashion and final_vinqi_fonetik is फैशन
final_e52 is fast and final_vinqi_fonetik is फ़ास्ट
final_e52 is fat and final_vinqi_fonetik is फैट
final_e52 is fate and final_vinqi_fonetik is फाटे
final_e52 is father and final_vinqi_fonetik is फादर
final_e52 is fault and final_vinqi_fonetik is फाल्ट
final_e52 is favor and final_vinqi_fonetik is फेवर
final_e52 is favorite and final_vinqi_fonetik is फेवरेट
final_e52 is fear and final_vinqi_fonetik is फियर
final_e52 is feature and final_vinqi_fonetik is फीचर
final_e52 is federal and final_vinqi_fonetik is फ़ेडरल
final_e52 is fee and final_vinqi_fonetik is फी
final_e52 is feed and final_vinqi_fonetik is फीड
final_e52 is feel and final_vinqi_fonetik is फील
final_e52 is feeling and final_vinqi_fonetik is फीलिंग
final_e52 is fellow and final_vinqi_fonetik is फेलो
final_e52 is female and final_vinqi_fonetik is फीमेल
final_e52 is fence and final_vinqi_fonetik is फेंस
final_e52 is few and final_vinqi_fonetik is फ्यू
final_e52 is fewer and final_vinqi_fonetik is फेवर
final_e52 is fiber and final_vinqi_fonetik is फाइबर
final_e52 is fiction and final_vinqi_fonetik is फिक्शन
final_e52 is field and final_vinqi_fonetik is फील्ड
final_e52 is fifteen and final_vinqi_fonetik is फिफ्टीन
final_e52 is fifth and final_vinqi_fonetik is फिफ्थ
final_e52 is fifty and final_vinqi_fonetik is फिफ्टी
final_e52 is fight and final_vinqi_fonetik is फाइट
final_e52 is fighter and final_vinqi_fonetik is फाइटर
final_e52 is fighting and final_vinqi_fonetik is फाइटिंग
final_e52 is figure and final_vinqi_fonetik is फिगर
final_e52 is file and final_vinqi_fonetik is फाइल
final_e52 is fill and final_vinqi_fonetik is फइलल
final_e52 is film and final_vinqi_fonetik is फिल्म
final_e52 is final and final_vinqi_fonetik is फाइनल
final_e52 is finally and final_vinqi_fonetik is फाइनली
final_e52 is finance and final_vinqi_fonetik is फाइनेंस
final_e52 is financial and final_vinqi_fonetik is फाइनेंसियल
final_e52 is find and final_vinqi_fonetik is फंड
final_e52 is finding and final_vinqi_fonetik is फाइंडिंग
final_e52 is fine and final_vinqi_fonetik is फाइन
final_e52 is finger and final_vinqi_fonetik is फिंगर
final_e52 is finish and final_vinqi_fonetik is फिनिश
final_e52 is fire and final_vinqi_fonetik is फायर
final_e52 is firm and final_vinqi_fonetik is फर्म
final_e52 is first and final_vinqi_fonetik is फर्स्ट
final_e52 is fish and final_vinqi_fonetik is फिश
final_e52 is fishing and final_vinqi_fonetik is फिशिंग
final_e52 is fit and final_vinqi_fonetik is फिट
final_e52 is fitness and final_vinqi_fonetik is फिटनेस
final_e52 is five and final_vinqi_fonetik is फाइव
final_e52 is fix and final_vinqi_fonetik is फिक्स
final_e52 is flag and final_vinqi_fonetik is फ्लैग
final_e52 is flame and final_vinqi_fonetik is फ्लेम
final_e52 is flat and final_vinqi_fonetik is फ्लैट
final_e52 is flavor and final_vinqi_fonetik is फ्लेवर
final_e52 is flee and final_vinqi_fonetik is फली
final_e52 is flesh and final_vinqi_fonetik is फलेश
final_e52 is flight and final_vinqi_fonetik is फ्लाइट
final_e52 is float and final_vinqi_fonetik is फ्लोट
final_e52 is floor and final_vinqi_fonetik is फ्लोर
final_e52 is flow and final_vinqi_fonetik is फ्लो
final_e52 is flower and final_vinqi_fonetik is फ्लावर
final_e52 is fly and final_vinqi_fonetik is फ्लाई
final_e52 is focus and final_vinqi_fonetik is फोकस
final_e52 is folk and final_vinqi_fonetik is फोक
final_e52 is follow and final_vinqi_fonetik is फॉलो
final_e52 is following and final_vinqi_fonetik is फोल्लोविंग
final_e52 is food and final_vinqi_fonetik is फ़ूड
final_e52 is foot and final_vinqi_fonetik is फुट
final_e52 is football and final_vinqi_fonetik is फुटबॉल
final_e52 is for and final_vinqi_fonetik is फॉर
final_e52 is force and final_vinqi_fonetik is फाॅर्स
final_e52 is foreign and final_vinqi_fonetik is फॉरेन
final_e52 is forest and final_vinqi_fonetik is फारेस्ट
final_e52 is forever and final_vinqi_fonetik is फॉरएवर
final_e52 is forget and final_vinqi_fonetik is फॉरगेट
final_e52 is form and final_vinqi_fonetik is फॉर्म
final_e52 is formal and final_vinqi_fonetik is फॉर्मल
final_e52 is formation and final_vinqi_fonetik is फार्मेशन
final_e52 is former and final_vinqi_fonetik is फॉर्मर
final_e52 is formula and final_vinqi_fonetik is फार्मूला
final_e52 is forth and final_vinqi_fonetik is फोर्थ
final_e52 is fortune and final_vinqi_fonetik is फार्च्यून
final_e52 is forward and final_vinqi_fonetik is फॉरवर्ड
final_e52 is found and final_vinqi_fonetik is फाउंड
final_e52 is foundation and final_vinqi_fonetik is फाउंडेशन
final_e52 is founder and final_vinqi_fonetik is फाउंडर
final_e52 is four and final_vinqi_fonetik is फोर
final_e52 is fourth and final_vinqi_fonetik is फोर्थ
final_e52 is frame and final_vinqi_fonetik is फ्रेम
final_e52 is framework and final_vinqi_fonetik is फ्रेमवर्क
final_e52 is free and final_vinqi_fonetik is फ्री
final_e52 is freedom and final_vinqi_fonetik is फ्रीडम
final_e52 is freeze and final_vinqi_fonetik is फ्रीज
final_e52 is french and final_vinqi_fonetik is फ्रेंच
final_e52 is frequency and final_vinqi_fonetik is फ्रीक्वेंसी
final_e52 is frequent and final_vinqi_fonetik is फ्रीक्वेंट
final_e52 is frequently and final_vinqi_fonetik is फ्रेक्वेंटली
final_e52 is fresh and final_vinqi_fonetik is फ्रेश
final_e52 is friend and final_vinqi_fonetik is फ्रेंड
final_e52 is friendly and final_vinqi_fonetik is फ्रेंडली
final_e52 is friendship and final_vinqi_fonetik is फ्रेंडशिप
final_e52 is from and final_vinqi_fonetik is फ्रॉम
final_e52 is front and final_vinqi_fonetik is फ्रंट
final_e52 is fruit and final_vinqi_fonetik is फ्रूट
final_e52 is frustration and final_vinqi_fonetik is फ़्रस्ट्रेशन
final_e52 is fuel and final_vinqi_fonetik is फ्यूल
final_e52 is full and final_vinqi_fonetik is फुल
final_e52 is fully and final_vinqi_fonetik is फुल्ली
final_e52 is fun and final_vinqi_fonetik is फन
final_e52 is function and final_vinqi_fonetik is फंक्शन
final_e52 is fund and final_vinqi_fonetik is फण्ड
final_e52 is fundamental and final_vinqi_fonetik is फंडामेंटल
final_e52 is funding and final_vinqi_fonetik is फंडिंग
final_e52 is funeral and final_vinqi_fonetik is फ्यूनरल
final_e52 is funny and final_vinqi_fonetik is फनी
final_e52 is furniture and final_vinqi_fonetik is फर्नीचर
final_e52 is furthermore and final_vinqi_fonetik is फुरतेरमोरे
final_e52 is future and final_vinqi_fonetik is फ्यूचर
final_e52 is gain and final_vinqi_fonetik is गेन
final_e52 is galaxy and final_vinqi_fonetik is गैलेक्सी
final_e52 is gallery and final_vinqi_fonetik is गैलरी
final_e52 is game and final_vinqi_fonetik is गेम
final_e52 is gang and final_vinqi_fonetik is गैंग
final_e52 is gap and final_vinqi_fonetik is गैप
final_e52 is garage and final_vinqi_fonetik is गेराज
final_e52 is garden and final_vinqi_fonetik is गार्डन
final_e52 is garlic and final_vinqi_fonetik is गार्लिक
final_e52 is gas and final_vinqi_fonetik is गैस
final_e52 is gate and final_vinqi_fonetik is गेट
final_e52 is gather and final_vinqi_fonetik is गठर
final_e52 is gay and final_vinqi_fonetik is गे
final_e52 is gaze and final_vinqi_fonetik is गाजे
final_e52 is gear and final_vinqi_fonetik is गियर
final_e52 is gender and final_vinqi_fonetik is जेंडर
final_e52 is gene and final_vinqi_fonetik is जीन
final_e52 is general and final_vinqi_fonetik is जनरल
final_e52 is generally and final_vinqi_fonetik is गेनेराल्ल्य
final_e52 is generate and final_vinqi_fonetik is गेनेराते
final_e52 is generation and final_vinqi_fonetik is जनरेशन
final_e52 is genetic and final_vinqi_fonetik is जेनेटिक
final_e52 is gentleman and final_vinqi_fonetik is जेंटलमैन
final_e52 is gently and final_vinqi_fonetik is जेंटली
final_e52 is german and final_vinqi_fonetik is जर्मन
final_e52 is gesture and final_vinqi_fonetik is जेस्चर
final_e52 is get and final_vinqi_fonetik is गेट
final_e52 is ghost and final_vinqi_fonetik is घोस्ट
final_e52 is giant and final_vinqi_fonetik is जायंट
final_e52 is gift and final_vinqi_fonetik is गिफ्ट
final_e52 is gifted and final_vinqi_fonetik is गिफ्टेड
final_e52 is girl and final_vinqi_fonetik is गर्ल
final_e52 is girlfriend and final_vinqi_fonetik is गर्लफ्रेंड
final_e52 is give and final_vinqi_fonetik is गिव
final_e52 is given and final_vinqi_fonetik is गिवेन
final_e52 is glad and final_vinqi_fonetik is ग्लैड
final_e52 is glance and final_vinqi_fonetik is ग्लांस
final_e52 is glass and final_vinqi_fonetik is गिलास
final_e52 is global and final_vinqi_fonetik is ग्लोबल
final_e52 is glove and final_vinqi_fonetik is ग्लोव
final_e52 is go and final_vinqi_fonetik is जो
final_e52 is goal and final_vinqi_fonetik is गोआल
final_e52 is god and final_vinqi_fonetik is गॉड
final_e52 is gold and final_vinqi_fonetik is गोल्ड
final_e52 is golden and final_vinqi_fonetik is गोल्डन
final_e52 is golf and final_vinqi_fonetik is गोल्फ
final_e52 is good and final_vinqi_fonetik is गुड
final_e52 is government and final_vinqi_fonetik is गवर्नमेंट
final_e52 is governor and final_vinqi_fonetik is गवर्नर
final_e52 is grab and final_vinqi_fonetik is ग्रैब
final_e52 is grade and final_vinqi_fonetik is ग्रेड
final_e52 is gradually and final_vinqi_fonetik is ग्रेजुअली
final_e52 is graduate and final_vinqi_fonetik is ग्रेजुएट
final_e52 is grain and final_vinqi_fonetik is ग्रेन
final_e52 is grand and final_vinqi_fonetik is ग्रैंड
final_e52 is grandfather and final_vinqi_fonetik is ग्रांडफादर
final_e52 is grandmother and final_vinqi_fonetik is ग्रैंडमदर
final_e52 is grant and final_vinqi_fonetik is ग्रांट
final_e52 is grass and final_vinqi_fonetik is ग्रास
final_e52 is grave and final_vinqi_fonetik is ग्रेव
final_e52 is gray and final_vinqi_fonetik is ग्रे
final_e52 is great and final_vinqi_fonetik is ग्रेट
final_e52 is greatest and final_vinqi_fonetik is ग्रेटेस्ट
final_e52 is green and final_vinqi_fonetik is ग्रीन
final_e52 is grocery and final_vinqi_fonetik is ग्रोसरी
final_e52 is ground and final_vinqi_fonetik is ग्राउंड
final_e52 is group and final_vinqi_fonetik is ग्रुप
final_e52 is grow and final_vinqi_fonetik is ग्रो
final_e52 is growing and final_vinqi_fonetik is ग्रोइंग
final_e52 is growth and final_vinqi_fonetik is ग्रोथ
final_e52 is guarantee and final_vinqi_fonetik is गारंटी
final_e52 is guard and final_vinqi_fonetik is गार्ड
final_e52 is guess and final_vinqi_fonetik is गेस
final_e52 is guest and final_vinqi_fonetik is गेस्ट
final_e52 is guide and final_vinqi_fonetik is गाइड
final_e52 is guideline and final_vinqi_fonetik is गुइडेलिने
final_e52 is guilty and final_vinqi_fonetik is गिलटी
final_e52 is gun and final_vinqi_fonetik is गन
final_e52 is guy and final_vinqi_fonetik is गाए
final_e52 is habit and final_vinqi_fonetik is हैबिट
final_e52 is habitat and final_vinqi_fonetik is हैबिटैट
final_e52 is hair and final_vinqi_fonetik is हेयर
final_e52 is half and final_vinqi_fonetik is हाफ
final_e52 is hall and final_vinqi_fonetik is हॉल
final_e52 is hand and final_vinqi_fonetik is हैंड
final_e52 is handful and final_vinqi_fonetik is हन्द्फुल
final_e52 is handle and final_vinqi_fonetik is हैंडल
final_e52 is hang and final_vinqi_fonetik is हैंग
final_e52 is happen and final_vinqi_fonetik is हैपन
final_e52 is happy and final_vinqi_fonetik is हैप्पी
final_e52 is hard and final_vinqi_fonetik is हार्ड
final_e52 is hardly and final_vinqi_fonetik is हार्डली
final_e52 is hat and final_vinqi_fonetik is हैट
final_e52 is hate and final_vinqi_fonetik is हेट
final_e52 is have and final_vinqi_fonetik is हैवे
final_e52 is he and final_vinqi_fonetik is हे
final_e52 is head and final_vinqi_fonetik is हेड
final_e52 is headline and final_vinqi_fonetik is हैडलाइन
final_e52 is headquarters and final_vinqi_fonetik is हेडक्वार्टर्स
final_e52 is health and final_vinqi_fonetik is हेल्थ
final_e52 is healthy and final_vinqi_fonetik is हेअल्थी
final_e52 is hear and final_vinqi_fonetik is हेअर
final_e52 is hearing and final_vinqi_fonetik is हियरिंग
final_e52 is heart and final_vinqi_fonetik is हार्ट
final_e52 is heat and final_vinqi_fonetik is हीट
final_e52 is heaven and final_vinqi_fonetik is हेवन
final_e52 is heavily and final_vinqi_fonetik is हेअविलय
final_e52 is heavy and final_vinqi_fonetik is हैवी
final_e52 is heel and final_vinqi_fonetik is हील
final_e52 is height and final_vinqi_fonetik is हाइट
final_e52 is helicopter and final_vinqi_fonetik is हेलीकाप्टर
final_e52 is hell and final_vinqi_fonetik is हेलल
final_e52 is hello and final_vinqi_fonetik is हेलो
final_e52 is help and final_vinqi_fonetik is हेल्प
final_e52 is helpful and final_vinqi_fonetik is हेल्पफुल
final_e52 is her and final_vinqi_fonetik is हेर
final_e52 is here and final_vinqi_fonetik is हेरे
final_e52 is heritage and final_vinqi_fonetik is हेरिटेज
final_e52 is hero and final_vinqi_fonetik is हीरो
final_e52 is herself and final_vinqi_fonetik is हरसेल्फ़
final_e52 is hey and final_vinqi_fonetik is हे
final_e52 is hi and final_vinqi_fonetik is ही
final_e52 is hide and final_vinqi_fonetik is हाईड
final_e52 is high and final_vinqi_fonetik is हाई
final_e52 is highlight and final_vinqi_fonetik is हाईलाइट
final_e52 is highly and final_vinqi_fonetik is हाइली
final_e52 is highway and final_vinqi_fonetik is हाईवे
final_e52 is hill and final_vinqi_fonetik is हिल
final_e52 is him and final_vinqi_fonetik is हिम
final_e52 is himself and final_vinqi_fonetik is हिमसेल्फ
final_e52 is hip and final_vinqi_fonetik is हिप
final_e52 is hire and final_vinqi_fonetik is हिरे
final_e52 is his and final_vinqi_fonetik is हिज
final_e52 is historian and final_vinqi_fonetik is हिस्टोरियन
final_e52 is historic and final_vinqi_fonetik is हिस्टोरिक
final_e52 is historical and final_vinqi_fonetik is हिस्टोरिकल
final_e52 is history and final_vinqi_fonetik is हिस्ट्री
final_e52 is hit and final_vinqi_fonetik is हिट
final_e52 is hold and final_vinqi_fonetik is होल्ड
final_e52 is hole and final_vinqi_fonetik is होल
final_e52 is holiday and final_vinqi_fonetik is हॉलिडे
final_e52 is holy and final_vinqi_fonetik is हौली
final_e52 is home and final_vinqi_fonetik is होम
final_e52 is homeless and final_vinqi_fonetik is होमलेस
final_e52 is honest and final_vinqi_fonetik is ऑनेस्ट
final_e52 is honey and final_vinqi_fonetik is हनी
final_e52 is honor and final_vinqi_fonetik is हॉनर
final_e52 is hope and final_vinqi_fonetik is होप
final_e52 is horizon and final_vinqi_fonetik is होराइजन
final_e52 is horror and final_vinqi_fonetik is हॉरर
final_e52 is horse and final_vinqi_fonetik is हॉर्स
final_e52 is hospital and final_vinqi_fonetik is हॉस्पिटल
final_e52 is host and final_vinqi_fonetik is होस्ट
final_e52 is hot and final_vinqi_fonetik is हॉट
final_e52 is hotel and final_vinqi_fonetik is होटल
final_e52 is hour and final_vinqi_fonetik is ऑवर
final_e52 is house and final_vinqi_fonetik is हाउस
final_e52 is household and final_vinqi_fonetik is हाउसहोल्ड
final_e52 is housing and final_vinqi_fonetik is हाउसिंग
final_e52 is how and final_vinqi_fonetik is हाउ
final_e52 is however and final_vinqi_fonetik is होवेवेर
final_e52 is huge and final_vinqi_fonetik is हूजे
final_e52 is human and final_vinqi_fonetik is ह्यूमन
final_e52 is humor and final_vinqi_fonetik is ह्यूमर
final_e52 is hundred and final_vinqi_fonetik is हंड्रेड
final_e52 is hungry and final_vinqi_fonetik is हंगरी
final_e52 is hunter and final_vinqi_fonetik is हंटर
final_e52 is hunting and final_vinqi_fonetik is हंटिंग
final_e52 is hurt and final_vinqi_fonetik is हर्ट
final_e52 is husband and final_vinqi_fonetik is हस्बैंड
final_e52 is hypothesis and final_vinqi_fonetik is हाइपोथिसिस
final_e52 is i and final_vinqi_fonetik is ी
final_e52 is ice and final_vinqi_fonetik is आइस
final_e52 is idea and final_vinqi_fonetik is आईडिया
final_e52 is ideal and final_vinqi_fonetik is आइडियल
final_e52 is identification and final_vinqi_fonetik is आइडेंटिफिकेशन
final_e52 is identify and final_vinqi_fonetik is िडेंटीफ़्य
final_e52 is identity and final_vinqi_fonetik is आइडेंटिटी
final_e52 is ie and final_vinqi_fonetik is ीे
final_e52 is if and final_vinqi_fonetik is िफ़
final_e52 is ignore and final_vinqi_fonetik is इग्नोर
final_e52 is ill and final_vinqi_fonetik is इलल
final_e52 is illegal and final_vinqi_fonetik is इललीगल
final_e52 is illness and final_vinqi_fonetik is इलनेस
final_e52 is illustrate and final_vinqi_fonetik is इल्लुस्रते
final_e52 is image and final_vinqi_fonetik is इमेज
final_e52 is imagination and final_vinqi_fonetik is इमेजिनेशन
final_e52 is imagine and final_vinqi_fonetik is इमेजिन
final_e52 is immediate and final_vinqi_fonetik is इमीडियेट
final_e52 is immediately and final_vinqi_fonetik is इम्मेडिएटली
final_e52 is immigrant and final_vinqi_fonetik is इमिग्रेंट
final_e52 is immigration and final_vinqi_fonetik is इमीग्रेशन
final_e52 is impact and final_vinqi_fonetik is इम्पैक्ट
final_e52 is implement and final_vinqi_fonetik is इम्प्लीमेंट
final_e52 is implication and final_vinqi_fonetik is इम्प्लीकेशन
final_e52 is imply and final_vinqi_fonetik is इम्पली
final_e52 is importance and final_vinqi_fonetik is इम्पोर्टेंस
final_e52 is important and final_vinqi_fonetik is इम्पोर्टेन्ट
final_e52 is impose and final_vinqi_fonetik is इम्पोसे
final_e52 is impossible and final_vinqi_fonetik is इम्पॉसिबल
final_e52 is impress and final_vinqi_fonetik is इम्प्रेस
final_e52 is impression and final_vinqi_fonetik is इम्प्रैशन
final_e52 is impressive and final_vinqi_fonetik is इम्प्रेससिवे
final_e52 is improve and final_vinqi_fonetik is इम्प्रूव
final_e52 is improvement and final_vinqi_fonetik is इम्प्रूवमेंट
final_e52 is in and final_vinqi_fonetik is इन
final_e52 is incentive and final_vinqi_fonetik is इंसेंटिव
final_e52 is incident and final_vinqi_fonetik is इंसिडेंट
final_e52 is include and final_vinqi_fonetik is इन्क्लुडे
final_e52 is including and final_vinqi_fonetik is इन्क्लूडिंग
final_e52 is income and final_vinqi_fonetik is इनकम
final_e52 is incorporate and final_vinqi_fonetik is इंकॉर्पोरते
final_e52 is increase and final_vinqi_fonetik is इनक्रीस
final_e52 is increased and final_vinqi_fonetik is इंक्रीसेड
final_e52 is increasing and final_vinqi_fonetik is इन्क्रेअसिंग
final_e52 is increasingly and final_vinqi_fonetik is इन्क्रेअसिंगलय
final_e52 is incredible and final_vinqi_fonetik is इनक्रेडिबल
final_e52 is indeed and final_vinqi_fonetik is इनडीड
final_e52 is independence and final_vinqi_fonetik is इंडिपेंडेंस
final_e52 is independent and final_vinqi_fonetik is इंडिपेंडेंट
final_e52 is index and final_vinqi_fonetik is इंडेक्स
final_e52 is indian and final_vinqi_fonetik is इंडियन
final_e52 is indicate and final_vinqi_fonetik is इंडीकेट
final_e52 is indication and final_vinqi_fonetik is इंडिकेशन
final_e52 is individual and final_vinqi_fonetik is इंडिविजुअल
final_e52 is industrial and final_vinqi_fonetik is इंडस्ट्रियल
final_e52 is industry and final_vinqi_fonetik is इंडस्ट्री
final_e52 is infant and final_vinqi_fonetik is इन्फेंट
final_e52 is infection and final_vinqi_fonetik is इन्फेक्शन
final_e52 is inflation and final_vinqi_fonetik is इन्फ्लेशन
final_e52 is influence and final_vinqi_fonetik is इन्फ्लुएंस
final_e52 is inform and final_vinqi_fonetik is इन्फॉर्म
final_e52 is information and final_vinqi_fonetik is इनफार्मेशन
final_e52 is ingredient and final_vinqi_fonetik is इंग्रेडिएंट
final_e52 is initial and final_vinqi_fonetik is इनिशियल
final_e52 is initially and final_vinqi_fonetik is िनीतिकल्ली
final_e52 is initiative and final_vinqi_fonetik is इनिशिएटिव
final_e52 is injury and final_vinqi_fonetik is इंजरी
final_e52 is inner and final_vinqi_fonetik is इनर
final_e52 is innocent and final_vinqi_fonetik is इनोसेंट
final_e52 is inquiry and final_vinqi_fonetik is इन्क्वायरी
final_e52 is inside and final_vinqi_fonetik is इनसाइड
final_e52 is insight and final_vinqi_fonetik is इनसाइट
final_e52 is insist and final_vinqi_fonetik is इंसिस्ट
final_e52 is inspire and final_vinqi_fonetik is इनसपिरे
final_e52 is install and final_vinqi_fonetik is इनस्टॉल
final_e52 is instance and final_vinqi_fonetik is इंस्टैंस
final_e52 is instead and final_vinqi_fonetik is इंस्टेड
final_e52 is institution and final_vinqi_fonetik is इंस्टीटूशन
final_e52 is institutional and final_vinqi_fonetik is इंस्टीटूशनल
final_e52 is instruction and final_vinqi_fonetik is इंस्ट्रक्शन
final_e52 is instructor and final_vinqi_fonetik is इंस्ट्रक्टर
final_e52 is instrument and final_vinqi_fonetik is इंस्ट्रूमेंट
final_e52 is insurance and final_vinqi_fonetik is इन्शुरन्स
final_e52 is intellectual and final_vinqi_fonetik is इंटेलेक्चुअल
final_e52 is intelligence and final_vinqi_fonetik is इंटेलिजेंस
final_e52 is intend and final_vinqi_fonetik is िंटेंड
final_e52 is intense and final_vinqi_fonetik is इंटेंस
final_e52 is intensity and final_vinqi_fonetik is इंटेंसिटी
final_e52 is intention and final_vinqi_fonetik is इंटेंशन
final_e52 is interaction and final_vinqi_fonetik is इंटरेक्शन
final_e52 is interest and final_vinqi_fonetik is इंटरेस्ट
final_e52 is interested and final_vinqi_fonetik is इंटरेस्टेड
final_e52 is interesting and final_vinqi_fonetik is इंटरेस्टिंग
final_e52 is internal and final_vinqi_fonetik is इंटरनल
final_e52 is international and final_vinqi_fonetik is इंटरनेशनल
final_e52 is internet and final_vinqi_fonetik is इंटरनेट
final_e52 is interpret and final_vinqi_fonetik is इन्टरप्रेट
final_e52 is interpretation and final_vinqi_fonetik is इंटरप्रिटेशन
final_e52 is intervention and final_vinqi_fonetik is इंटरवेंशन
final_e52 is interview and final_vinqi_fonetik is इंटरव्यू
final_e52 is into and final_vinqi_fonetik is ईंटो
final_e52 is introduce and final_vinqi_fonetik is इंट्रोडस
final_e52 is introduction and final_vinqi_fonetik is इंट्रोडक्शन
final_e52 is invasion and final_vinqi_fonetik is इनवासिओं
final_e52 is invest and final_vinqi_fonetik is इन्वेस्ट
final_e52 is investigate and final_vinqi_fonetik is इन्वेस्टीगेट
final_e52 is investigation and final_vinqi_fonetik is इन्वेस्टीगेशन
final_e52 is investigator and final_vinqi_fonetik is इन्वेस्टिगेटर
final_e52 is investment and final_vinqi_fonetik is इन्वेस्टमेंट
final_e52 is investor and final_vinqi_fonetik is इन्वेस्टर
final_e52 is invite and final_vinqi_fonetik is इन्विते
final_e52 is involve and final_vinqi_fonetik is इन्वॉल्व
final_e52 is involved and final_vinqi_fonetik is इन्वोल्वेद
final_e52 is involvement and final_vinqi_fonetik is इन्वॉल्वमेंट
final_e52 is iraqi and final_vinqi_fonetik is इराकी
final_e52 is irish and final_vinqi_fonetik is आयरिश
final_e52 is iron and final_vinqi_fonetik is आयरन
final_e52 is islamic and final_vinqi_fonetik is इस्लामिक
final_e52 is island and final_vinqi_fonetik is आइलैंड
final_e52 is israeli and final_vinqi_fonetik is इसरायली
final_e52 is issue and final_vinqi_fonetik is इशू
final_e52 is it and final_vinqi_fonetik is आईटी
final_e52 is italian and final_vinqi_fonetik is इतालियन
final_e52 is item and final_vinqi_fonetik is आइटम
final_e52 is its and final_vinqi_fonetik is इतस
final_e52 is itself and final_vinqi_fonetik is इटसेल्फ
final_e52 is jacket and final_vinqi_fonetik is जैकेट
final_e52 is jail and final_vinqi_fonetik is जेल
final_e52 is japanese and final_vinqi_fonetik is जापानीज
final_e52 is jet and final_vinqi_fonetik is जेट
final_e52 is jew and final_vinqi_fonetik is जीव
final_e52 is jewish and final_vinqi_fonetik is ज्यूइश
final_e52 is job and final_vinqi_fonetik is जॉब
final_e52 is join and final_vinqi_fonetik is ज्वाइन
final_e52 is joint and final_vinqi_fonetik is जॉइंट
final_e52 is joke and final_vinqi_fonetik is जोके
final_e52 is journal and final_vinqi_fonetik is जर्नल
final_e52 is journalist and final_vinqi_fonetik is जौर्नालिस्ट
final_e52 is journey and final_vinqi_fonetik is जर्नी
final_e52 is joy and final_vinqi_fonetik is जॉय
final_e52 is judge and final_vinqi_fonetik is जज
final_e52 is judgment and final_vinqi_fonetik is जुद्ग्मेंट
final_e52 is juice and final_vinqi_fonetik is जूस
final_e52 is jump and final_vinqi_fonetik is जम्प
final_e52 is junior and final_vinqi_fonetik is जूनियर
final_e52 is jury and final_vinqi_fonetik is जूरी
final_e52 is just and final_vinqi_fonetik is जस्ट
final_e52 is justice and final_vinqi_fonetik is जस्टिस
final_e52 is justify and final_vinqi_fonetik is जस्टिफाई
final_e52 is keep and final_vinqi_fonetik is कीप
final_e52 is key and final_vinqi_fonetik is के
final_e52 is kick and final_vinqi_fonetik is किक
final_e52 is kid and final_vinqi_fonetik is किध
final_e52 is kill and final_vinqi_fonetik is किल
final_e52 is killer and final_vinqi_fonetik is किलर
final_e52 is killing and final_vinqi_fonetik is किलिंग
final_e52 is kind and final_vinqi_fonetik is काइंड
final_e52 is king and final_vinqi_fonetik is किंग
final_e52 is kiss and final_vinqi_fonetik is किश
final_e52 is kitchen and final_vinqi_fonetik is किचन
final_e52 is knee and final_vinqi_fonetik is कनी
final_e52 is knife and final_vinqi_fonetik is नाइफ
final_e52 is knock and final_vinqi_fonetik is नॉक
final_e52 is know and final_vinqi_fonetik is क्नोव
final_e52 is knowledge and final_vinqi_fonetik is नॉलेज
final_e52 is lab and final_vinqi_fonetik is लैब
final_e52 is label and final_vinqi_fonetik is लेबल
final_e52 is labor and final_vinqi_fonetik is लबोर
final_e52 is laboratory and final_vinqi_fonetik is लेबोरेटरी
final_e52 is lack and final_vinqi_fonetik is लॅक
final_e52 is lady and final_vinqi_fonetik is लेडी
final_e52 is lake and final_vinqi_fonetik is लेक
final_e52 is land and final_vinqi_fonetik is लैंड
final_e52 is landscape and final_vinqi_fonetik is लैंडस्केप
final_e52 is language and final_vinqi_fonetik is लैंग्वेज
final_e52 is lap and final_vinqi_fonetik is लैप
final_e52 is large and final_vinqi_fonetik is लार्ज
final_e52 is largely and final_vinqi_fonetik is लगेली
final_e52 is last and final_vinqi_fonetik is लास्ट
final_e52 is late and final_vinqi_fonetik is लेट
final_e52 is later and final_vinqi_fonetik is लेटर
final_e52 is latin and final_vinqi_fonetik is लैटिन
final_e52 is latter and final_vinqi_fonetik is लत्तेर
final_e52 is laugh and final_vinqi_fonetik is लाफ
final_e52 is launch and final_vinqi_fonetik is लांच
final_e52 is law and final_vinqi_fonetik is लॉ
final_e52 is lawn and final_vinqi_fonetik is लॉन
final_e52 is lawsuit and final_vinqi_fonetik is लावसुइट
final_e52 is lawyer and final_vinqi_fonetik is लॉयर
final_e52 is lay and final_vinqi_fonetik is ले
final_e52 is layer and final_vinqi_fonetik is लेयर
final_e52 is lead and final_vinqi_fonetik is लीड
final_e52 is leader and final_vinqi_fonetik is लीडर
final_e52 is leadership and final_vinqi_fonetik is लीडरशिप
final_e52 is leading and final_vinqi_fonetik is लीडिंग
final_e52 is leaf and final_vinqi_fonetik is लीफ
final_e52 is league and final_vinqi_fonetik is लीग
final_e52 is lean and final_vinqi_fonetik is लेअन
final_e52 is learn and final_vinqi_fonetik is लर्न
final_e52 is learning and final_vinqi_fonetik is लर्निंग
final_e52 is least and final_vinqi_fonetik is लीस्ट
final_e52 is leather and final_vinqi_fonetik is लाठर
final_e52 is leave and final_vinqi_fonetik is लीव
final_e52 is left and final_vinqi_fonetik is लेफ्ट
final_e52 is leg and final_vinqi_fonetik is लेग
final_e52 is legacy and final_vinqi_fonetik is लिगेसी
final_e52 is legal and final_vinqi_fonetik is लीगल
final_e52 is legend and final_vinqi_fonetik is लीजेंड
final_e52 is legislation and final_vinqi_fonetik is लेजिस्लेशन
final_e52 is legitimate and final_vinqi_fonetik is लेगितिमाते
final_e52 is lemon and final_vinqi_fonetik is लेमन
final_e52 is length and final_vinqi_fonetik is लेंथ
final_e52 is less and final_vinqi_fonetik is लेस्स
final_e52 is lesson and final_vinqi_fonetik is लेसन
final_e52 is let and final_vinqi_fonetik is लेट
final_e52 is letter and final_vinqi_fonetik is लेटर
final_e52 is level and final_vinqi_fonetik is लेवल
final_e52 is liberal and final_vinqi_fonetik is लिबरल
final_e52 is library and final_vinqi_fonetik is लाइब्रेरी
final_e52 is license and final_vinqi_fonetik is लाइसेंस
final_e52 is lie and final_vinqi_fonetik is लिए
final_e52 is life and final_vinqi_fonetik is लाइफ
final_e52 is lifestyle and final_vinqi_fonetik is लाइफस्टाइल
final_e52 is lifetime and final_vinqi_fonetik is लाइफटाइम
final_e52 is lift and final_vinqi_fonetik is लिफ्ट
final_e52 is light and final_vinqi_fonetik is लाइट
final_e52 is like and final_vinqi_fonetik is लिखे
final_e52 is likely and final_vinqi_fonetik is लिकेल्य
final_e52 is limit and final_vinqi_fonetik is लिमिट
final_e52 is limitation and final_vinqi_fonetik is लिमिटेशन
final_e52 is limited and final_vinqi_fonetik is लिमिटेड
final_e52 is line and final_vinqi_fonetik is लाइन
final_e52 is link and final_vinqi_fonetik is लिंक
final_e52 is lip and final_vinqi_fonetik is लिप
final_e52 is list and final_vinqi_fonetik is लिस्ट
final_e52 is listen and final_vinqi_fonetik is लिसेन
final_e52 is literally and final_vinqi_fonetik is लिटेराल्ल्य
final_e52 is literary and final_vinqi_fonetik is लिटरेरी
final_e52 is literature and final_vinqi_fonetik is लिटरेचर
final_e52 is little and final_vinqi_fonetik is लिटिल
final_e52 is live and final_vinqi_fonetik is लाइव
final_e52 is living and final_vinqi_fonetik is लिविंग
final_e52 is load and final_vinqi_fonetik is लोड
final_e52 is loan and final_vinqi_fonetik is लोन
final_e52 is local and final_vinqi_fonetik is लोकल
final_e52 is locate and final_vinqi_fonetik is लोकेट
final_e52 is location and final_vinqi_fonetik is लोकेशन
final_e52 is lock and final_vinqi_fonetik is लॉक
final_e52 is long and final_vinqi_fonetik is लॉन्ग
final_e52 is long-term and final_vinqi_fonetik is लॉन्ग-टर्म
final_e52 is look and final_vinqi_fonetik is लुक
final_e52 is loose and final_vinqi_fonetik is लूसे
final_e52 is lose and final_vinqi_fonetik is लूज़
final_e52 is loss and final_vinqi_fonetik is लोस्स
final_e52 is lost and final_vinqi_fonetik is लॉस्ट
final_e52 is lot and final_vinqi_fonetik is लोट
final_e52 is lots and final_vinqi_fonetik is लॉट्स
final_e52 is loud and final_vinqi_fonetik is लाउड
final_e52 is love and final_vinqi_fonetik is लव
final_e52 is lovely and final_vinqi_fonetik is लवली
final_e52 is lover and final_vinqi_fonetik is लवर
final_e52 is low and final_vinqi_fonetik is लौ
final_e52 is lower and final_vinqi_fonetik is लोअर
final_e52 is luck and final_vinqi_fonetik is लक
final_e52 is lucky and final_vinqi_fonetik is लकी
final_e52 is lunch and final_vinqi_fonetik is लंच
final_e52 is lung and final_vinqi_fonetik is लंग
final_e52 is machine and final_vinqi_fonetik is मशीन
final_e52 is mad and final_vinqi_fonetik is माध
final_e52 is magazine and final_vinqi_fonetik is मैगज़ीन
final_e52 is mail and final_vinqi_fonetik is मेल
final_e52 is main and final_vinqi_fonetik is मैं
final_e52 is mainly and final_vinqi_fonetik is मैनली
final_e52 is maintain and final_vinqi_fonetik is मेन्टेन
final_e52 is maintenance and final_vinqi_fonetik is मेंटेनेंस
final_e52 is major and final_vinqi_fonetik is मेजर
final_e52 is majority and final_vinqi_fonetik is मेजोरिटी
final_e52 is make and final_vinqi_fonetik is मेक
final_e52 is maker and final_vinqi_fonetik is मेकर
final_e52 is makeup and final_vinqi_fonetik is मेकअप
final_e52 is male and final_vinqi_fonetik is मेल
final_e52 is mall and final_vinqi_fonetik is मॉल
final_e52 is man and final_vinqi_fonetik is मन
final_e52 is manage and final_vinqi_fonetik is मैनेज
final_e52 is management and final_vinqi_fonetik is मैनेजमेंट
final_e52 is manager and final_vinqi_fonetik is मैनेजर
final_e52 is manner and final_vinqi_fonetik is मन्नेर
final_e52 is manufacturer and final_vinqi_fonetik is मैन्युफैक्चरर
final_e52 is manufacturing and final_vinqi_fonetik is मैन्युफैक्चरिंग
final_e52 is many and final_vinqi_fonetik is मान्य
final_e52 is map and final_vinqi_fonetik is मैप
final_e52 is margin and final_vinqi_fonetik is मार्जिन
final_e52 is mark and final_vinqi_fonetik is मार्क
final_e52 is market and final_vinqi_fonetik is मार्किट
final_e52 is marketing and final_vinqi_fonetik is मार्केटिंग
final_e52 is marriage and final_vinqi_fonetik is मैरिज
final_e52 is married and final_vinqi_fonetik is मैरिड
final_e52 is marry and final_vinqi_fonetik is मर्री
final_e52 is mask and final_vinqi_fonetik is मास्क
final_e52 is mass and final_vinqi_fonetik is मास्स
final_e52 is massive and final_vinqi_fonetik is मैसिव
final_e52 is master and final_vinqi_fonetik is मास्टर
final_e52 is match and final_vinqi_fonetik is मैच
final_e52 is material and final_vinqi_fonetik is मटेरियल
final_e52 is math and final_vinqi_fonetik is मैथ
final_e52 is matter and final_vinqi_fonetik is मटर
final_e52 is may and final_vinqi_fonetik is मई
final_e52 is maybe and final_vinqi_fonetik is मय्बे
final_e52 is mayor and final_vinqi_fonetik is मेयर
final_e52 is me and final_vinqi_fonetik is में
final_e52 is meal and final_vinqi_fonetik is मील
final_e52 is mean and final_vinqi_fonetik is मैं
final_e52 is meaning and final_vinqi_fonetik is मीनिंग
final_e52 is meanwhile and final_vinqi_fonetik is मैंवहीले
final_e52 is measure and final_vinqi_fonetik is मैसूर
final_e52 is measurement and final_vinqi_fonetik is मेज़रमेंट
final_e52 is meat and final_vinqi_fonetik is मीट
final_e52 is mechanism and final_vinqi_fonetik is मैकेनिज्म
final_e52 is media and final_vinqi_fonetik is मीडिया
final_e52 is medical and final_vinqi_fonetik is मेडिकल
final_e52 is medication and final_vinqi_fonetik is मेडिकेशन
final_e52 is medicine and final_vinqi_fonetik is मेडिसिन
final_e52 is medium and final_vinqi_fonetik is मध्यम
final_e52 is meet and final_vinqi_fonetik is मीट
final_e52 is meeting and final_vinqi_fonetik is मीटिंग
final_e52 is member and final_vinqi_fonetik is मेंबर
final_e52 is membership and final_vinqi_fonetik is मेम्बरशिप
final_e52 is memory and final_vinqi_fonetik is मेमोरी
final_e52 is mental and final_vinqi_fonetik is मेन्टल
final_e52 is mention and final_vinqi_fonetik is मेंशन
final_e52 is menu and final_vinqi_fonetik is मेनू
final_e52 is mere and final_vinqi_fonetik is मेरे
final_e52 is merely and final_vinqi_fonetik is मेरेल्य
final_e52 is mess and final_vinqi_fonetik is मेस
final_e52 is message and final_vinqi_fonetik is मैसेज
final_e52 is metal and final_vinqi_fonetik is मेटल
final_e52 is meter and final_vinqi_fonetik is मीटर
final_e52 is method and final_vinqi_fonetik is मेथड
final_e52 is mexican and final_vinqi_fonetik is मेक्सिकन
final_e52 is middle and final_vinqi_fonetik is मिडिल
final_e52 is might and final_vinqi_fonetik is मिगहत
final_e52 is military and final_vinqi_fonetik is मिलिट्री
final_e52 is milk and final_vinqi_fonetik is मिल्क
final_e52 is million and final_vinqi_fonetik is मिलियन
final_e52 is mind and final_vinqi_fonetik is मंद
final_e52 is mine and final_vinqi_fonetik is माइन
final_e52 is minister and final_vinqi_fonetik is मिनिस्टर
final_e52 is minor and final_vinqi_fonetik is माइनर
final_e52 is minority and final_vinqi_fonetik is माइनॉरिटी
final_e52 is minute and final_vinqi_fonetik is मिनट
final_e52 is miracle and final_vinqi_fonetik is मिरेकल
final_e52 is mirror and final_vinqi_fonetik is मिरर
final_e52 is miss and final_vinqi_fonetik is मिस
final_e52 is missile and final_vinqi_fonetik is मिसाइल
final_e52 is mission and final_vinqi_fonetik is मिशन
final_e52 is mistake and final_vinqi_fonetik is मिस्टेक
final_e52 is mix and final_vinqi_fonetik is मिक्स
final_e52 is mixture and final_vinqi_fonetik is मिक्सचर
final_e52 is mm-hmm and final_vinqi_fonetik is मम-हम्म
final_e52 is mode and final_vinqi_fonetik is मोड
final_e52 is model and final_vinqi_fonetik is मॉडल
final_e52 is moderate and final_vinqi_fonetik is मॉडरेट
final_e52 is modern and final_vinqi_fonetik is मॉडर्न
final_e52 is modest and final_vinqi_fonetik is मॉडेस्ट
final_e52 is mom and final_vinqi_fonetik is माँ
final_e52 is moment and final_vinqi_fonetik is मोमेंट
final_e52 is money and final_vinqi_fonetik is मनी
final_e52 is monitor and final_vinqi_fonetik is मॉनिटर
final_e52 is month and final_vinqi_fonetik is मंथ
final_e52 is mood and final_vinqi_fonetik is मूड
final_e52 is moon and final_vinqi_fonetik is मून
final_e52 is moral and final_vinqi_fonetik is मोरल
final_e52 is more and final_vinqi_fonetik is मोरे
final_e52 is moreover and final_vinqi_fonetik is मोरेवर
final_e52 is morning and final_vinqi_fonetik is मॉर्निंग
final_e52 is mortgage and final_vinqi_fonetik is मॉर्गेज
final_e52 is most and final_vinqi_fonetik is मोस्ट
final_e52 is mostly and final_vinqi_fonetik is मोस्टली
final_e52 is mother and final_vinqi_fonetik is मदर
final_e52 is motion and final_vinqi_fonetik is मोशन
final_e52 is motivation and final_vinqi_fonetik is मोटिवेशन
final_e52 is motor and final_vinqi_fonetik is मोटर
final_e52 is mount and final_vinqi_fonetik is माउंट
final_e52 is mountain and final_vinqi_fonetik is माउंटेन
final_e52 is mouse and final_vinqi_fonetik is माउस
final_e52 is mouth and final_vinqi_fonetik is माउथ
final_e52 is move and final_vinqi_fonetik is मूव
final_e52 is movement and final_vinqi_fonetik is मूवमेंट
final_e52 is movie and final_vinqi_fonetik is मूवी
final_e52 is mr and final_vinqi_fonetik is मर
final_e52 is mrs and final_vinqi_fonetik is मरस
final_e52 is ms and final_vinqi_fonetik is मस
final_e52 is much and final_vinqi_fonetik is मच
final_e52 is multiple and final_vinqi_fonetik is मल्टीप्ल
final_e52 is murder and final_vinqi_fonetik is मर्डर
final_e52 is muscle and final_vinqi_fonetik is मुस्कले
final_e52 is museum and final_vinqi_fonetik is म्यूजियम
final_e52 is music and final_vinqi_fonetik is म्यूजिक
final_e52 is musical and final_vinqi_fonetik is म्यूजिकल
final_e52 is musician and final_vinqi_fonetik is म्यूजिशियन
final_e52 is muslim and final_vinqi_fonetik is मुस्लिम
final_e52 is must and final_vinqi_fonetik is मस्ट
final_e52 is mutual and final_vinqi_fonetik is म्यूच्यूअल
final_e52 is my and final_vinqi_fonetik is माय
final_e52 is myself and final_vinqi_fonetik is माइसेल्फ
final_e52 is mystery and final_vinqi_fonetik is मिस्ट्री
final_e52 is myth and final_vinqi_fonetik is मिथ
final_e52 is naked and final_vinqi_fonetik is नेकेड
final_e52 is name and final_vinqi_fonetik is नाम
final_e52 is narrative and final_vinqi_fonetik is नैरेटिव
final_e52 is narrow and final_vinqi_fonetik is नैरो
final_e52 is nation and final_vinqi_fonetik is नेशन
final_e52 is national and final_vinqi_fonetik is नेशनल
final_e52 is native and final_vinqi_fonetik is नेटिव
final_e52 is natural and final_vinqi_fonetik is नेचुरल
final_e52 is naturally and final_vinqi_fonetik is नैचुरली
final_e52 is nature and final_vinqi_fonetik is नेचर
final_e52 is near and final_vinqi_fonetik is नियर
final_e52 is nearby and final_vinqi_fonetik is नेअर्बी
final_e52 is nearly and final_vinqi_fonetik is नेअर्ल्य
final_e52 is necessarily and final_vinqi_fonetik is नेसेस्सरिलय
final_e52 is necessary and final_vinqi_fonetik is नेसेसरी
final_e52 is neck and final_vinqi_fonetik is नैक
final_e52 is need and final_vinqi_fonetik is नीड
final_e52 is negative and final_vinqi_fonetik is नेगेटिव
final_e52 is negotiate and final_vinqi_fonetik is निगोशिएट
final_e52 is negotiation and final_vinqi_fonetik is नेगोटिएशन
final_e52 is neighbor and final_vinqi_fonetik is नेबर
final_e52 is neighborhood and final_vinqi_fonetik is नेबरहुड
final_e52 is neither and final_vinqi_fonetik is निथर
final_e52 is nerve and final_vinqi_fonetik is नर्व
final_e52 is nervous and final_vinqi_fonetik is नर्वस
final_e52 is net and final_vinqi_fonetik is नेट
final_e52 is network and final_vinqi_fonetik is नेटवर्क
final_e52 is never and final_vinqi_fonetik is नेवर
final_e52 is nevertheless and final_vinqi_fonetik is नेवरथेलेस
final_e52 is new and final_vinqi_fonetik is नई
final_e52 is newly and final_vinqi_fonetik is नेवली
final_e52 is news and final_vinqi_fonetik is न्यूज़
final_e52 is newspaper and final_vinqi_fonetik is नेवसपपेर
final_e52 is next and final_vinqi_fonetik is नेक्स्ट
final_e52 is nice and final_vinqi_fonetik is नीस
final_e52 is night and final_vinqi_fonetik is नाईट
final_e52 is nine and final_vinqi_fonetik is नाइन
final_e52 is no and final_vinqi_fonetik is नो
final_e52 is nobody and final_vinqi_fonetik is नोबडी
final_e52 is nod and final_vinqi_fonetik is नोद
final_e52 is noise and final_vinqi_fonetik is नॉइज़
final_e52 is nomination and final_vinqi_fonetik is नॉमिनेशन
final_e52 is none and final_vinqi_fonetik is नोने
final_e52 is nonetheless and final_vinqi_fonetik is नोनेथलेस
final_e52 is nor and final_vinqi_fonetik is नार
final_e52 is normal and final_vinqi_fonetik is नार्मल
final_e52 is normally and final_vinqi_fonetik is नोर्मल्ली
final_e52 is north and final_vinqi_fonetik is नार्थ
final_e52 is northern and final_vinqi_fonetik is नॉर्थेर्न
final_e52 is nose and final_vinqi_fonetik is नोज
final_e52 is not and final_vinqi_fonetik is नॉट
final_e52 is note and final_vinqi_fonetik is नोट
final_e52 is nothing and final_vinqi_fonetik is नथिंग
final_e52 is notice and final_vinqi_fonetik is नोटिस
final_e52 is notion and final_vinqi_fonetik is नोशन
final_e52 is novel and final_vinqi_fonetik is नावेल
final_e52 is now and final_vinqi_fonetik is नाउ
final_e52 is nowhere and final_vinqi_fonetik is नोवेयर
final_e52 is n’t and final_vinqi_fonetik is न’टी
final_e52 is nuclear and final_vinqi_fonetik is नुक्लेअर
final_e52 is number and final_vinqi_fonetik is नंबर
final_e52 is numerous and final_vinqi_fonetik is नुमेरौस
final_e52 is nurse and final_vinqi_fonetik is नर्स
final_e52 is nut and final_vinqi_fonetik is नुत
final_e52 is object and final_vinqi_fonetik is ऑब्जेक्ट
final_e52 is objective and final_vinqi_fonetik is ऑब्जेक्टिव
final_e52 is obligation and final_vinqi_fonetik is ऑब्लिगेशन
final_e52 is observation and final_vinqi_fonetik is ऑब्जरवेशन
final_e52 is observe and final_vinqi_fonetik is ऑब्सेर्वे
final_e52 is observer and final_vinqi_fonetik is आब्जर्वर
final_e52 is obtain and final_vinqi_fonetik is ओब्तें
final_e52 is obvious and final_vinqi_fonetik is ऑब्वियस
final_e52 is obviously and final_vinqi_fonetik is ऑब्वियस्ली
final_e52 is occasion and final_vinqi_fonetik is ोक्सासिओं
final_e52 is occasionally and final_vinqi_fonetik is ोक्सासिओनल्ल्य
final_e52 is occupation and final_vinqi_fonetik is ऑक्यूपेशन
final_e52 is occupy and final_vinqi_fonetik is ोकुप्य
final_e52 is occur and final_vinqi_fonetik is ॉकर
final_e52 is ocean and final_vinqi_fonetik is ओसियन
final_e52 is odd and final_vinqi_fonetik is ओड
final_e52 is odds and final_vinqi_fonetik is ऑड्स
final_e52 is of and final_vinqi_fonetik is ऑफ़
final_e52 is off and final_vinqi_fonetik is ऑफ
final_e52 is offense and final_vinqi_fonetik is ऑफेंस
final_e52 is offensive and final_vinqi_fonetik is ओफ्फेंसीवे
final_e52 is offer and final_vinqi_fonetik is ऑफर
final_e52 is office and final_vinqi_fonetik is ऑफिस
final_e52 is officer and final_vinqi_fonetik is अफसर
final_e52 is official and final_vinqi_fonetik is ऑफिसियल
final_e52 is often and final_vinqi_fonetik is ओफ्तें
final_e52 is oh and final_vinqi_fonetik is ओह
final_e52 is oil and final_vinqi_fonetik is आयल
final_e52 is ok and final_vinqi_fonetik is ओके
final_e52 is okay and final_vinqi_fonetik is ोकय
final_e52 is old and final_vinqi_fonetik is ओल्ड
final_e52 is olympic and final_vinqi_fonetik is ओलिंपिक
final_e52 is on and final_vinqi_fonetik is ों
final_e52 is once and final_vinqi_fonetik is वन्स
final_e52 is one and final_vinqi_fonetik is ओने
final_e52 is ongoing and final_vinqi_fonetik is ऑनगोइंग
final_e52 is onion and final_vinqi_fonetik is अनियन
final_e52 is online and final_vinqi_fonetik is ऑनलाइन
final_e52 is only and final_vinqi_fonetik is ओनली
final_e52 is onto and final_vinqi_fonetik is ओंठो
final_e52 is open and final_vinqi_fonetik is ओपन
final_e52 is opening and final_vinqi_fonetik is ओपनिंग
final_e52 is operate and final_vinqi_fonetik is ऑपरेट
final_e52 is operating and final_vinqi_fonetik is ऑपरेटिंग
final_e52 is operation and final_vinqi_fonetik is ऑपरेशन
final_e52 is operator and final_vinqi_fonetik is ऑपरेटर
final_e52 is opinion and final_vinqi_fonetik is ओपिनियन
final_e52 is opponent and final_vinqi_fonetik is ॉपपोनेंट
final_e52 is opportunity and final_vinqi_fonetik is ओप्पोर्तुनिटी
final_e52 is oppose and final_vinqi_fonetik is ओपपोसे
final_e52 is opposite and final_vinqi_fonetik is अपोजिट
final_e52 is opposition and final_vinqi_fonetik is ओप्पोसिशन
final_e52 is option and final_vinqi_fonetik is ऑप्शन
final_e52 is or and final_vinqi_fonetik is और
final_e52 is orange and final_vinqi_fonetik is ऑरेंज
final_e52 is order and final_vinqi_fonetik is आर्डर
final_e52 is ordinary and final_vinqi_fonetik is आर्डिनरी
final_e52 is organic and final_vinqi_fonetik is आर्गेनिक
final_e52 is organization and final_vinqi_fonetik is आर्गेनाइजेशन
final_e52 is organize and final_vinqi_fonetik is ओर्गनइजे
final_e52 is orientation and final_vinqi_fonetik is ओरिएंटेशन
final_e52 is origin and final_vinqi_fonetik is ओरिजिन
final_e52 is original and final_vinqi_fonetik is ओरिजिनल
final_e52 is originally and final_vinqi_fonetik is ओरिजनली
final_e52 is other and final_vinqi_fonetik is इतर
final_e52 is others and final_vinqi_fonetik is ओठेर्स
final_e52 is otherwise and final_vinqi_fonetik is ोथेरविसे
final_e52 is ought and final_vinqi_fonetik is ोुघट
final_e52 is our and final_vinqi_fonetik is आवर
final_e52 is ourselves and final_vinqi_fonetik is ौरसेल्वेस
final_e52 is out and final_vinqi_fonetik is आउट
final_e52 is outcome and final_vinqi_fonetik is आउटकम
final_e52 is outside and final_vinqi_fonetik is आउटसाइड
final_e52 is oven and final_vinqi_fonetik is ओवन
final_e52 is over and final_vinqi_fonetik is ओवर
final_e52 is overall and final_vinqi_fonetik is ओवरआल
final_e52 is overcome and final_vinqi_fonetik is वर्के
final_e52 is overlook and final_vinqi_fonetik is ओवरलुक
final_e52 is owe and final_vinqi_fonetik is ोवे
final_e52 is own and final_vinqi_fonetik is ओन
final_e52 is owner and final_vinqi_fonetik is ओनर
final_e52 is pace and final_vinqi_fonetik is पेस
final_e52 is pack and final_vinqi_fonetik is पैक
final_e52 is package and final_vinqi_fonetik is पैकेज
final_e52 is page and final_vinqi_fonetik is पेज
final_e52 is pain and final_vinqi_fonetik is पैन
final_e52 is painful and final_vinqi_fonetik is पेनफुल
final_e52 is paint and final_vinqi_fonetik is पेंट
final_e52 is painter and final_vinqi_fonetik is पेंटर
final_e52 is painting and final_vinqi_fonetik is पेंटिंग
final_e52 is pair and final_vinqi_fonetik is पेअर
final_e52 is pale and final_vinqi_fonetik is पीला
final_e52 is palestinian and final_vinqi_fonetik is पलिस्तीनियन
final_e52 is palm and final_vinqi_fonetik is पाम
final_e52 is pan and final_vinqi_fonetik is पैन
final_e52 is panel and final_vinqi_fonetik is पैनल
final_e52 is pant and final_vinqi_fonetik is पंत
final_e52 is paper and final_vinqi_fonetik is पेपर
final_e52 is parent and final_vinqi_fonetik is पैरेंट
final_e52 is park and final_vinqi_fonetik is पार्क
final_e52 is parking and final_vinqi_fonetik is पार्किंग
final_e52 is part and final_vinqi_fonetik is पार्ट
final_e52 is participant and final_vinqi_fonetik is पार्टिसिपेंट
final_e52 is participate and final_vinqi_fonetik is पार्टिसिपेट
final_e52 is participation and final_vinqi_fonetik is पार्टिसिपेशन
final_e52 is particular and final_vinqi_fonetik is पर्टिकुलर
final_e52 is particularly and final_vinqi_fonetik is पर्टिक्यूलरली
final_e52 is partly and final_vinqi_fonetik is पार्टली
final_e52 is partner and final_vinqi_fonetik is पार्टनर
final_e52 is partnership and final_vinqi_fonetik is पार्टनरशिप
final_e52 is party and final_vinqi_fonetik is पार्टी
final_e52 is pass and final_vinqi_fonetik is पास
final_e52 is passage and final_vinqi_fonetik is पैसेज
final_e52 is passenger and final_vinqi_fonetik is पैसेंजर
final_e52 is passion and final_vinqi_fonetik is पैशन
final_e52 is past and final_vinqi_fonetik is पास्ट
final_e52 is patch and final_vinqi_fonetik is पैच
final_e52 is path and final_vinqi_fonetik is पथ
final_e52 is patient and final_vinqi_fonetik is पेशेंट
final_e52 is pattern and final_vinqi_fonetik is पैटर्न
final_e52 is pause and final_vinqi_fonetik is पॉज
final_e52 is pay and final_vinqi_fonetik is पाय
final_e52 is payment and final_vinqi_fonetik is पेमेंट
final_e52 is pc and final_vinqi_fonetik is पक
final_e52 is peace and final_vinqi_fonetik is पीस
final_e52 is peak and final_vinqi_fonetik is पीक
final_e52 is peer and final_vinqi_fonetik is पीर
final_e52 is penalty and final_vinqi_fonetik is पेनल्टी
final_e52 is people and final_vinqi_fonetik is पीपल
final_e52 is pepper and final_vinqi_fonetik is पीपर
final_e52 is per and final_vinqi_fonetik is पैर
final_e52 is perceive and final_vinqi_fonetik is परसीवे
final_e52 is percentage and final_vinqi_fonetik is परसेंटेज
final_e52 is perception and final_vinqi_fonetik is परसेप्शन
final_e52 is perfect and final_vinqi_fonetik is परफेक्ट
final_e52 is perfectly and final_vinqi_fonetik is पर्फेक्ट्ली
final_e52 is perform and final_vinqi_fonetik is परफॉर्म
final_e52 is performance and final_vinqi_fonetik is परफॉरमेंस
final_e52 is perhaps and final_vinqi_fonetik is परहैप्स
final_e52 is period and final_vinqi_fonetik is पीरियड
final_e52 is permanent and final_vinqi_fonetik is परमानेंट
final_e52 is permission and final_vinqi_fonetik is परमिशन
final_e52 is permit and final_vinqi_fonetik is परमिट
final_e52 is person and final_vinqi_fonetik is पर्सन
final_e52 is personal and final_vinqi_fonetik is पर्सनल
final_e52 is personality and final_vinqi_fonetik is पर्सनालिटी
final_e52 is personally and final_vinqi_fonetik is पर्सनली
final_e52 is personnel and final_vinqi_fonetik is पर्सनेल
final_e52 is perspective and final_vinqi_fonetik is पर्सपेक्टिव
final_e52 is persuade and final_vinqi_fonetik is परसुएड
final_e52 is pet and final_vinqi_fonetik is पेट
final_e52 is phase and final_vinqi_fonetik is फेज
final_e52 is phenomenon and final_vinqi_fonetik is फेनोमेनन
final_e52 is philosophy and final_vinqi_fonetik is फलसफा
final_e52 is phone and final_vinqi_fonetik is फ़ोन
final_e52 is photo and final_vinqi_fonetik is फोटो
final_e52 is photograph and final_vinqi_fonetik is फोटोग्राफ
final_e52 is photographer and final_vinqi_fonetik is फोटोग्राफर
final_e52 is phrase and final_vinqi_fonetik is फ्रेज
final_e52 is physical and final_vinqi_fonetik is फिजिकल
final_e52 is physically and final_vinqi_fonetik is फिजिकली
final_e52 is physician and final_vinqi_fonetik is फिजिशियन
final_e52 is piano and final_vinqi_fonetik is पियानो
final_e52 is pick and final_vinqi_fonetik is पिक
final_e52 is picture and final_vinqi_fonetik is पिक्चर
final_e52 is pie and final_vinqi_fonetik is पाई
final_e52 is piece and final_vinqi_fonetik is पीेछे
final_e52 is pile and final_vinqi_fonetik is पिले
final_e52 is pilot and final_vinqi_fonetik is पायलट
final_e52 is pine and final_vinqi_fonetik is पिने
final_e52 is pink and final_vinqi_fonetik is पिंक
final_e52 is pipe and final_vinqi_fonetik is पाइप
final_e52 is pitch and final_vinqi_fonetik is पिच
final_e52 is place and final_vinqi_fonetik is प्लेस
final_e52 is plan and final_vinqi_fonetik is प्लान
final_e52 is plane and final_vinqi_fonetik is प्लेन
final_e52 is planet and final_vinqi_fonetik is प्लेनेट
final_e52 is planning and final_vinqi_fonetik is प्लानिंग
final_e52 is plant and final_vinqi_fonetik is प्लांट
final_e52 is plastic and final_vinqi_fonetik is प्लास्टिक
final_e52 is plate and final_vinqi_fonetik is प्लेट
final_e52 is platform and final_vinqi_fonetik is प्लेटफार्म
final_e52 is play and final_vinqi_fonetik is प्ले
final_e52 is player and final_vinqi_fonetik is प्लेयर
final_e52 is please and final_vinqi_fonetik is प्लीज
final_e52 is pleasure and final_vinqi_fonetik is प्लेअसुरे
final_e52 is plenty and final_vinqi_fonetik is प्लेंटी
final_e52 is plot and final_vinqi_fonetik is प्लाट
final_e52 is plus and final_vinqi_fonetik is प्लस
final_e52 is pm and final_vinqi_fonetik is पं
final_e52 is pocket and final_vinqi_fonetik is पॉकेट
final_e52 is poem and final_vinqi_fonetik is पोएम
final_e52 is poet and final_vinqi_fonetik is पोएट
final_e52 is poetry and final_vinqi_fonetik is पोएट्री
final_e52 is point and final_vinqi_fonetik is पॉइंट
final_e52 is pole and final_vinqi_fonetik is पोल
final_e52 is police and final_vinqi_fonetik is पुलिस
final_e52 is policy and final_vinqi_fonetik is पालिसी
final_e52 is political and final_vinqi_fonetik is पोलिटिकल
final_e52 is politically and final_vinqi_fonetik is पॉलिटिकली
final_e52 is politician and final_vinqi_fonetik is पॉलिटिशियन
final_e52 is politics and final_vinqi_fonetik is पॉलिटिक्स
final_e52 is poll and final_vinqi_fonetik is पोल्ल
final_e52 is pollution and final_vinqi_fonetik is पोल्लुशण
final_e52 is pool and final_vinqi_fonetik is पूल
final_e52 is poor and final_vinqi_fonetik is पुअर
final_e52 is pop and final_vinqi_fonetik is पॉप
final_e52 is popular and final_vinqi_fonetik is पॉपुलर
final_e52 is population and final_vinqi_fonetik is पापुलेशन
final_e52 is porch and final_vinqi_fonetik is पोर्च
final_e52 is port and final_vinqi_fonetik is पोर्ट
final_e52 is portion and final_vinqi_fonetik is पोरशन
final_e52 is portrait and final_vinqi_fonetik is पोर्ट्रेट
final_e52 is portray and final_vinqi_fonetik is पोर्ट्रे
final_e52 is pose and final_vinqi_fonetik is पोज़
final_e52 is position and final_vinqi_fonetik is पोजीशन
final_e52 is positive and final_vinqi_fonetik is पॉजिटिव
final_e52 is possess and final_vinqi_fonetik is पोस्सेस्स
final_e52 is possibility and final_vinqi_fonetik is पॉसिबिलिटी
final_e52 is possible and final_vinqi_fonetik is पॉसिबल
final_e52 is possibly and final_vinqi_fonetik is पोस्सिब्ल्य
final_e52 is post and final_vinqi_fonetik is पोस्ट
final_e52 is pot and final_vinqi_fonetik is पॉट
final_e52 is potato and final_vinqi_fonetik is पोटैटो
final_e52 is potential and final_vinqi_fonetik is पोटेंशियल
final_e52 is potentially and final_vinqi_fonetik is पोटेनटिअल्ली
final_e52 is pound and final_vinqi_fonetik is पौंड
final_e52 is pour and final_vinqi_fonetik is पौर
final_e52 is poverty and final_vinqi_fonetik is पावर्टी
final_e52 is powder and final_vinqi_fonetik is पाउडर
final_e52 is power and final_vinqi_fonetik is पावर
final_e52 is powerful and final_vinqi_fonetik is पावरफुल
final_e52 is practical and final_vinqi_fonetik is प्रैक्टिकल
final_e52 is practice and final_vinqi_fonetik is प्रैक्टिस
final_e52 is pray and final_vinqi_fonetik is प्रे
final_e52 is prayer and final_vinqi_fonetik is प्रेयर
final_e52 is precisely and final_vinqi_fonetik is प्रेसिसेली
final_e52 is predict and final_vinqi_fonetik is प्रेडिक्ट
final_e52 is prefer and final_vinqi_fonetik is प्रेफर
final_e52 is preference and final_vinqi_fonetik is परेफरेंस
final_e52 is pregnancy and final_vinqi_fonetik is प्रेगनेंसी
final_e52 is pregnant and final_vinqi_fonetik is प्रेग्नेंट
final_e52 is preparation and final_vinqi_fonetik is प्रिपरेशन
final_e52 is prepare and final_vinqi_fonetik is प्रेपर
final_e52 is prescription and final_vinqi_fonetik is प्रिस्क्रिप्शन
final_e52 is presence and final_vinqi_fonetik is प्रजेंस
final_e52 is present and final_vinqi_fonetik is प्रेजेंट
final_e52 is presentation and final_vinqi_fonetik is प्रेजेंटेशन
final_e52 is preserve and final_vinqi_fonetik is प्रेज़रवे
final_e52 is president and final_vinqi_fonetik is प्रेजिडेंट
final_e52 is presidential and final_vinqi_fonetik is प्रेसिडेंटिअल
final_e52 is press and final_vinqi_fonetik is प्रेस
final_e52 is pressure and final_vinqi_fonetik is प्रेशर
final_e52 is pretend and final_vinqi_fonetik is प्रिटेंड
final_e52 is pretty and final_vinqi_fonetik is प्रीटी
final_e52 is prevent and final_vinqi_fonetik is प्रिवेंट
final_e52 is previous and final_vinqi_fonetik is प्रीवियस
final_e52 is previously and final_vinqi_fonetik is प्रेवियस्ली
final_e52 is price and final_vinqi_fonetik is प्राइस
final_e52 is pride and final_vinqi_fonetik is प्राइड
final_e52 is priest and final_vinqi_fonetik is प्रीस्ट
final_e52 is primarily and final_vinqi_fonetik is परिमारिल्य
final_e52 is primary and final_vinqi_fonetik is प्राइमरी
final_e52 is prime and final_vinqi_fonetik is प्राइम
final_e52 is principal and final_vinqi_fonetik is प्रिंसिपल
final_e52 is principle and final_vinqi_fonetik is प्रिंसिपल
final_e52 is print and final_vinqi_fonetik is प्रिंट
final_e52 is prior and final_vinqi_fonetik is प्रायर
final_e52 is priority and final_vinqi_fonetik is प्रायोरिटी
final_e52 is prison and final_vinqi_fonetik is प्रिजन
final_e52 is prisoner and final_vinqi_fonetik is प्रिजनर
final_e52 is privacy and final_vinqi_fonetik is प्राइवेसी
final_e52 is private and final_vinqi_fonetik is प्राइवेट
final_e52 is probably and final_vinqi_fonetik is प्रॉबब्ली
final_e52 is problem and final_vinqi_fonetik is प्रॉब्लम
final_e52 is procedure and final_vinqi_fonetik is प्रोसीजर
final_e52 is proceed and final_vinqi_fonetik is प्रोसीड
final_e52 is process and final_vinqi_fonetik is प्रोसेस
final_e52 is produce and final_vinqi_fonetik is प्रोडूस
final_e52 is producer and final_vinqi_fonetik is प्रोडूसर
final_e52 is product and final_vinqi_fonetik is प्रोडक्ट
final_e52 is production and final_vinqi_fonetik is प्रोडक्शन
final_e52 is profession and final_vinqi_fonetik is प्रोफेशन
final_e52 is professional and final_vinqi_fonetik is प्रोफेशनल
final_e52 is professor and final_vinqi_fonetik is प्रोफेसर
final_e52 is profile and final_vinqi_fonetik is प्रोफाइल
final_e52 is profit and final_vinqi_fonetik is प्रॉफिट
final_e52 is program and final_vinqi_fonetik is प्रोग्राम
final_e52 is progress and final_vinqi_fonetik is प्रोग्रेस
final_e52 is project and final_vinqi_fonetik is प्रोजेक्ट
final_e52 is prominent and final_vinqi_fonetik is प्रोमिनेन्ट
final_e52 is promise and final_vinqi_fonetik is प्रॉमिस
final_e52 is promote and final_vinqi_fonetik is प्रमोट
final_e52 is prompt and final_vinqi_fonetik is प्रांप्ट
final_e52 is proof and final_vinqi_fonetik is प्रूफ
final_e52 is proper and final_vinqi_fonetik is प्रॉपर
final_e52 is properly and final_vinqi_fonetik is प्रॉपरलय
final_e52 is property and final_vinqi_fonetik is प्रॉपर्टी
final_e52 is proportion and final_vinqi_fonetik is प्रोपोरशन
final_e52 is proposal and final_vinqi_fonetik is प्रपोजल
final_e52 is propose and final_vinqi_fonetik is प्रोपोज़
final_e52 is proposed and final_vinqi_fonetik is प्रोपोसड
final_e52 is prosecutor and final_vinqi_fonetik is प्रासीक्यूटर
final_e52 is prospect and final_vinqi_fonetik is प्रॉस्पेक्ट
final_e52 is protect and final_vinqi_fonetik is प्रोटेक्ट
final_e52 is protection and final_vinqi_fonetik is प्रोटेक्शन
final_e52 is protein and final_vinqi_fonetik is प्रोटीन
final_e52 is protest and final_vinqi_fonetik is प्रोटेस्ट
final_e52 is proud and final_vinqi_fonetik is प्राउड
final_e52 is prove and final_vinqi_fonetik is प्रोवे
final_e52 is provide and final_vinqi_fonetik is प्रोवाइड
final_e52 is provider and final_vinqi_fonetik is प्रोवाइडर
final_e52 is province and final_vinqi_fonetik is प्रोविंस
final_e52 is provision and final_vinqi_fonetik is प्रोविसिओं
final_e52 is psychological and final_vinqi_fonetik is साइकोलॉजिकल
final_e52 is psychologist and final_vinqi_fonetik is साइकोलोजिस्ट
final_e52 is psychology and final_vinqi_fonetik is साइकोलॉजी
final_e52 is public and final_vinqi_fonetik is पब्लिक
final_e52 is publication and final_vinqi_fonetik is पब्लिकेशन
final_e52 is publicly and final_vinqi_fonetik is पब्लिक्ली
final_e52 is publish and final_vinqi_fonetik is पब्लिश
final_e52 is publisher and final_vinqi_fonetik is पब्लिशर
final_e52 is pull and final_vinqi_fonetik is पुल्ल
final_e52 is punishment and final_vinqi_fonetik is पनिशमेंट
final_e52 is purchase and final_vinqi_fonetik is परचेस
final_e52 is pure and final_vinqi_fonetik is पुरे
final_e52 is purpose and final_vinqi_fonetik is पर्पस
final_e52 is pursue and final_vinqi_fonetik is पुरसुए
final_e52 is push and final_vinqi_fonetik is पुश
final_e52 is put and final_vinqi_fonetik is पूत
final_e52 is qualify and final_vinqi_fonetik is क्वालीफाई
final_e52 is quality and final_vinqi_fonetik is क्वालिटी
final_e52 is quarter and final_vinqi_fonetik is क्वार्टर
final_e52 is quarterback and final_vinqi_fonetik is क्वार्टरबैक
final_e52 is question and final_vinqi_fonetik is क्वेश्चन
final_e52 is quick and final_vinqi_fonetik is क्विक
final_e52 is quickly and final_vinqi_fonetik is क्विकली
final_e52 is quiet and final_vinqi_fonetik is क्वाइट
final_e52 is quietly and final_vinqi_fonetik is किएटली
final_e52 is quit and final_vinqi_fonetik is क्विट
final_e52 is quite and final_vinqi_fonetik is किते
final_e52 is quote and final_vinqi_fonetik is कोटे
final_e52 is race and final_vinqi_fonetik is रेस
final_e52 is racial and final_vinqi_fonetik is रेसियल
final_e52 is radical and final_vinqi_fonetik is रेडिकल
final_e52 is radio and final_vinqi_fonetik is रेडियो
final_e52 is rail and final_vinqi_fonetik is रेल
final_e52 is rain and final_vinqi_fonetik is रेन
final_e52 is raise and final_vinqi_fonetik is रेज
final_e52 is range and final_vinqi_fonetik is रेंज
final_e52 is rank and final_vinqi_fonetik is रैंक
final_e52 is rapid and final_vinqi_fonetik is रैपिड
final_e52 is rapidly and final_vinqi_fonetik is रपीड़ली
final_e52 is rare and final_vinqi_fonetik is रेयर
final_e52 is rarely and final_vinqi_fonetik is ररली
final_e52 is rate and final_vinqi_fonetik is रेट
final_e52 is rather and final_vinqi_fonetik is राथेर
final_e52 is rating and final_vinqi_fonetik is रेटिंग
final_e52 is ratio and final_vinqi_fonetik is रेश्यो
final_e52 is raw and final_vinqi_fonetik is रॉ
final_e52 is reach and final_vinqi_fonetik is रीच
final_e52 is react and final_vinqi_fonetik is रियेक्ट
final_e52 is reaction and final_vinqi_fonetik is रिएक्शन
final_e52 is read and final_vinqi_fonetik is रीड
final_e52 is reader and final_vinqi_fonetik is रीडर
final_e52 is reading and final_vinqi_fonetik is रीडिंग
final_e52 is ready and final_vinqi_fonetik is रेडी
final_e52 is real and final_vinqi_fonetik is रियल
final_e52 is reality and final_vinqi_fonetik is रियलिटी
final_e52 is realize and final_vinqi_fonetik is रीलीज़
final_e52 is really and final_vinqi_fonetik is रियली
final_e52 is reason and final_vinqi_fonetik is रीज़न
final_e52 is reasonable and final_vinqi_fonetik is रिज़नेबल
final_e52 is recall and final_vinqi_fonetik is रिकॉल
final_e52 is receive and final_vinqi_fonetik is रिसीव
final_e52 is recent and final_vinqi_fonetik is रीसेंट
final_e52 is recently and final_vinqi_fonetik is रिसेंटली
final_e52 is recipe and final_vinqi_fonetik is रेसिपी
final_e52 is recognition and final_vinqi_fonetik is रिकग्निशन
final_e52 is recognize and final_vinqi_fonetik is रेकग्निजे
final_e52 is recommend and final_vinqi_fonetik is रेकमेंड
final_e52 is recommendation and final_vinqi_fonetik is रिकमेन्डेशन
final_e52 is record and final_vinqi_fonetik is रिकॉर्ड
final_e52 is recording and final_vinqi_fonetik is रिकॉर्डिंग
final_e52 is recover and final_vinqi_fonetik is रिकवर
final_e52 is recovery and final_vinqi_fonetik is रिकवरी
final_e52 is recruit and final_vinqi_fonetik is रिक्रूट
final_e52 is red and final_vinqi_fonetik is रेड
final_e52 is reduce and final_vinqi_fonetik is रेडके
final_e52 is reduction and final_vinqi_fonetik is रिडक्शन
final_e52 is refer and final_vinqi_fonetik is रेफेर
final_e52 is reference and final_vinqi_fonetik is रिफरेन्स
final_e52 is reflect and final_vinqi_fonetik is रिफ्लेक्ट
final_e52 is reflection and final_vinqi_fonetik is रिफ्लेक्शन
final_e52 is reform and final_vinqi_fonetik is रिफार्म
final_e52 is refugee and final_vinqi_fonetik is रिफ्यूजी
final_e52 is refuse and final_vinqi_fonetik is रेफुसे
final_e52 is regard and final_vinqi_fonetik is रेगार्ड
final_e52 is regarding and final_vinqi_fonetik is रिगार्डिंग
final_e52 is regardless and final_vinqi_fonetik is रेगर्ड्लेस्स
final_e52 is regime and final_vinqi_fonetik is रेजिमे
final_e52 is region and final_vinqi_fonetik is रीजन
final_e52 is regional and final_vinqi_fonetik is रीजनल
final_e52 is register and final_vinqi_fonetik is रजिस्टर
final_e52 is regular and final_vinqi_fonetik is रेगुलर
final_e52 is regularly and final_vinqi_fonetik is रेगुलरली
final_e52 is regulate and final_vinqi_fonetik is रेगुलेट
final_e52 is regulation and final_vinqi_fonetik is रेगुलेशन
final_e52 is reinforce and final_vinqi_fonetik is रेफोर्स
final_e52 is reject and final_vinqi_fonetik is रिजेक्ट
final_e52 is relate and final_vinqi_fonetik is रेलाते
final_e52 is relation and final_vinqi_fonetik is रिलेशन
final_e52 is relationship and final_vinqi_fonetik is रिलेशनशिप
final_e52 is relative and final_vinqi_fonetik is रिलेटिव
final_e52 is relatively and final_vinqi_fonetik is रेलटीवेली
final_e52 is relax and final_vinqi_fonetik is रिलैक्स
final_e52 is release and final_vinqi_fonetik is रिलीज़
final_e52 is relevant and final_vinqi_fonetik is रिलेवेंट
final_e52 is relief and final_vinqi_fonetik is रिलीफ
final_e52 is religion and final_vinqi_fonetik is रिलिजन
final_e52 is religious and final_vinqi_fonetik is रिलीजियस
final_e52 is rely and final_vinqi_fonetik is रैली
final_e52 is remain and final_vinqi_fonetik is रेमें
final_e52 is remaining and final_vinqi_fonetik is रमैनिंग
final_e52 is remarkable and final_vinqi_fonetik is रिमार्केबल
final_e52 is remember and final_vinqi_fonetik is रेमेम्बेर
final_e52 is remind and final_vinqi_fonetik is रेमिंद
final_e52 is remote and final_vinqi_fonetik is रिमोट
final_e52 is remove and final_vinqi_fonetik is रिमूव
final_e52 is repeat and final_vinqi_fonetik is रिपीट
final_e52 is repeatedly and final_vinqi_fonetik is रेपेटदलय
final_e52 is replace and final_vinqi_fonetik is रेप्लस
final_e52 is reply and final_vinqi_fonetik is रिप्लाई
final_e52 is report and final_vinqi_fonetik is रिपोर्ट
final_e52 is reporter and final_vinqi_fonetik is रिपोर्टर
final_e52 is represent and final_vinqi_fonetik is रिप्रेजेंट
final_e52 is representation and final_vinqi_fonetik is रिप्रजेंटेशन
final_e52 is representative and final_vinqi_fonetik is रिप्रेजेन्टेटिव
final_e52 is republican and final_vinqi_fonetik is रिपब्लिकन
final_e52 is reputation and final_vinqi_fonetik is रेपुटेशन
final_e52 is request and final_vinqi_fonetik is रिक्वेस्ट
final_e52 is require and final_vinqi_fonetik is रेक्विरे
final_e52 is requirement and final_vinqi_fonetik is रेक्विरेमेंट
final_e52 is research and final_vinqi_fonetik is रिसर्च
final_e52 is researcher and final_vinqi_fonetik is रेसेअर्चेर
final_e52 is resemble and final_vinqi_fonetik is रेसेम्ब्ले
final_e52 is reservation and final_vinqi_fonetik is रिजर्वेशन
final_e52 is resident and final_vinqi_fonetik is रेजिडेंट
final_e52 is resist and final_vinqi_fonetik is रेसिस्ट
final_e52 is resistance and final_vinqi_fonetik is रेजिस्टेंस
final_e52 is resolution and final_vinqi_fonetik is रेसोलुशन
final_e52 is resolve and final_vinqi_fonetik is रेसोल्वे
final_e52 is resort and final_vinqi_fonetik is रिसोर्ट
final_e52 is resource and final_vinqi_fonetik is रिसोर्स
final_e52 is respect and final_vinqi_fonetik is रेस्पेक्ट
final_e52 is respond and final_vinqi_fonetik is रेस्पोंद
final_e52 is respondent and final_vinqi_fonetik is रेस्पोंडेंट
final_e52 is response and final_vinqi_fonetik is रिस्पांस
final_e52 is responsibility and final_vinqi_fonetik is रिस्पांसिबिलिटी
final_e52 is responsible and final_vinqi_fonetik is रेस्पोंसिबल
final_e52 is rest and final_vinqi_fonetik is रेस्ट
final_e52 is restaurant and final_vinqi_fonetik is रेस्टोरेंट
final_e52 is restore and final_vinqi_fonetik is रिस्टोर
final_e52 is restriction and final_vinqi_fonetik is रेस्ट्रिक्शन
final_e52 is result and final_vinqi_fonetik is रिजल्ट
final_e52 is retain and final_vinqi_fonetik is रेटाइन
final_e52 is retire and final_vinqi_fonetik is रिटायर
final_e52 is retirement and final_vinqi_fonetik is रिटायरमेंट
final_e52 is return and final_vinqi_fonetik is रेतुर्न
final_e52 is reveal and final_vinqi_fonetik is रेवेअल
final_e52 is revenue and final_vinqi_fonetik is रेवेनुए
final_e52 is review and final_vinqi_fonetik is रिव्यु
final_e52 is revolution and final_vinqi_fonetik is रेवोलुशन
final_e52 is rhythm and final_vinqi_fonetik is रदम
final_e52 is rice and final_vinqi_fonetik is राइस
final_e52 is rich and final_vinqi_fonetik is रिच
final_e52 is rid and final_vinqi_fonetik is रीद
final_e52 is ride and final_vinqi_fonetik is राइड
final_e52 is rifle and final_vinqi_fonetik is राइफल
final_e52 is right and final_vinqi_fonetik is राइट
final_e52 is ring and final_vinqi_fonetik is रिंग
final_e52 is rise and final_vinqi_fonetik is राइज
final_e52 is risk and final_vinqi_fonetik is रिस्क
final_e52 is river and final_vinqi_fonetik is रिवर
final_e52 is road and final_vinqi_fonetik is रोड
final_e52 is rock and final_vinqi_fonetik is रॉक
final_e52 is role and final_vinqi_fonetik is रोले
final_e52 is roll and final_vinqi_fonetik is रोल
final_e52 is romantic and final_vinqi_fonetik is रोमांटिक
final_e52 is roof and final_vinqi_fonetik is रूफ
final_e52 is room and final_vinqi_fonetik is रूम
final_e52 is root and final_vinqi_fonetik is रुट
final_e52 is rope and final_vinqi_fonetik is रोप
final_e52 is rose and final_vinqi_fonetik is रोज
final_e52 is rough and final_vinqi_fonetik is रफ़
final_e52 is roughly and final_vinqi_fonetik is रोगलय
final_e52 is round and final_vinqi_fonetik is राउंड
final_e52 is route and final_vinqi_fonetik is रूट
final_e52 is routine and final_vinqi_fonetik is रूटीन
final_e52 is row and final_vinqi_fonetik is रौ
final_e52 is rub and final_vinqi_fonetik is रब
final_e52 is rule and final_vinqi_fonetik is रूल
final_e52 is run and final_vinqi_fonetik is रन
final_e52 is running and final_vinqi_fonetik is रनिंग
final_e52 is rural and final_vinqi_fonetik is रूरल
final_e52 is rush and final_vinqi_fonetik is रश
final_e52 is russian and final_vinqi_fonetik is रुस्सियन
final_e52 is sacred and final_vinqi_fonetik is सेक्रेड
final_e52 is sad and final_vinqi_fonetik is साद
final_e52 is safe and final_vinqi_fonetik is सेफ
final_e52 is safety and final_vinqi_fonetik is सेफ्टी
final_e52 is sake and final_vinqi_fonetik is सके
final_e52 is salad and final_vinqi_fonetik is सलाद
final_e52 is salary and final_vinqi_fonetik is सैलरी
final_e52 is sale and final_vinqi_fonetik is सेल
final_e52 is sales and final_vinqi_fonetik is सेल्स
final_e52 is salt and final_vinqi_fonetik is साल्ट
final_e52 is same and final_vinqi_fonetik is शामे
final_e52 is sample and final_vinqi_fonetik is सैंपल
final_e52 is sanction and final_vinqi_fonetik is सैंक्शन
final_e52 is sand and final_vinqi_fonetik is सैंड
final_e52 is satellite and final_vinqi_fonetik is सॅटॅलाइट
final_e52 is satisfaction and final_vinqi_fonetik is सटिस्फैक्शन
final_e52 is satisfy and final_vinqi_fonetik is सटिस्फी
final_e52 is sauce and final_vinqi_fonetik is सॉस
final_e52 is save and final_vinqi_fonetik is सेव
final_e52 is saving and final_vinqi_fonetik is सेविंग
final_e52 is say and final_vinqi_fonetik is से
final_e52 is scale and final_vinqi_fonetik is स्केल
final_e52 is scandal and final_vinqi_fonetik is स्कैंडल
final_e52 is scared and final_vinqi_fonetik is सकारेद
final_e52 is scenario and final_vinqi_fonetik is सिनेरियो
final_e52 is scene and final_vinqi_fonetik is सन
final_e52 is schedule and final_vinqi_fonetik is सचेडूले
final_e52 is scheme and final_vinqi_fonetik is स्कीम
final_e52 is scholar and final_vinqi_fonetik is स्कॉलर
final_e52 is scholarship and final_vinqi_fonetik is स्कालरशिप
final_e52 is school and final_vinqi_fonetik is स्कूल
final_e52 is science and final_vinqi_fonetik is साइंस
final_e52 is scientific and final_vinqi_fonetik is साइंटिफिक
final_e52 is scientist and final_vinqi_fonetik is साइंटिस्ट
final_e52 is scope and final_vinqi_fonetik is स्कोप
final_e52 is score and final_vinqi_fonetik is स्कोर
final_e52 is scream and final_vinqi_fonetik is स्क्रीम
final_e52 is screen and final_vinqi_fonetik is स्क्रीन
final_e52 is script and final_vinqi_fonetik is स्क्रिप्ट
final_e52 is sea and final_vinqi_fonetik is से
final_e52 is search and final_vinqi_fonetik is सर्च
final_e52 is season and final_vinqi_fonetik is सीजन
final_e52 is seat and final_vinqi_fonetik is सीट
final_e52 is second and final_vinqi_fonetik is सेकंड
final_e52 is secret and final_vinqi_fonetik is सीक्रेट
final_e52 is secretary and final_vinqi_fonetik is सेक्रेटरी
final_e52 is section and final_vinqi_fonetik is सेक्शन
final_e52 is sector and final_vinqi_fonetik is सेक्टर
final_e52 is secure and final_vinqi_fonetik is सिक्योर
final_e52 is security and final_vinqi_fonetik is सिक्योरिटी
final_e52 is see and final_vinqi_fonetik is सी
final_e52 is seed and final_vinqi_fonetik is सीड
final_e52 is seek and final_vinqi_fonetik is सीक
final_e52 is seem and final_vinqi_fonetik is सीम
final_e52 is segment and final_vinqi_fonetik is सेगमेंट
final_e52 is seize and final_vinqi_fonetik is सिज़े
final_e52 is select and final_vinqi_fonetik is सेलेक्ट
final_e52 is selection and final_vinqi_fonetik is सिलेक्शन
final_e52 is self and final_vinqi_fonetik is सेल्फ
final_e52 is sell and final_vinqi_fonetik is सेल्ल
final_e52 is senate and final_vinqi_fonetik is सीनेट
final_e52 is senator and final_vinqi_fonetik is सीनेटर
final_e52 is send and final_vinqi_fonetik is सेंड
final_e52 is senior and final_vinqi_fonetik is सीनियर
final_e52 is sense and final_vinqi_fonetik is सेंस
final_e52 is sensitive and final_vinqi_fonetik is सेंसिटिव
final_e52 is sentence and final_vinqi_fonetik is सेंटेंस
final_e52 is separate and final_vinqi_fonetik is सेपरेट
final_e52 is sequence and final_vinqi_fonetik is सीक्वेंस
final_e52 is series and final_vinqi_fonetik is सीरीज
final_e52 is serious and final_vinqi_fonetik is सीरियस
final_e52 is seriously and final_vinqi_fonetik is सीरियसली
final_e52 is serve and final_vinqi_fonetik is सर्वे
final_e52 is service and final_vinqi_fonetik is सर्विस
final_e52 is session and final_vinqi_fonetik is सेशन
final_e52 is set and final_vinqi_fonetik is सेट
final_e52 is setting and final_vinqi_fonetik is सेटिंग
final_e52 is settle and final_vinqi_fonetik is सेटल
final_e52 is settlement and final_vinqi_fonetik is सेटलमेंट
final_e52 is seven and final_vinqi_fonetik is सेवन
final_e52 is several and final_vinqi_fonetik is सेवेरल
final_e52 is severe and final_vinqi_fonetik is सीवियर
final_e52 is sex and final_vinqi_fonetik is सेक्स
final_e52 is sexual and final_vinqi_fonetik is सेक्सुअल
final_e52 is shade and final_vinqi_fonetik is शादी
final_e52 is shadow and final_vinqi_fonetik is शैडो
final_e52 is shake and final_vinqi_fonetik is शेक
final_e52 is shall and final_vinqi_fonetik is शॉल
final_e52 is shape and final_vinqi_fonetik is शेप
final_e52 is share and final_vinqi_fonetik is शेयर
final_e52 is sharp and final_vinqi_fonetik is शार्प
final_e52 is she and final_vinqi_fonetik is शी
final_e52 is sheet and final_vinqi_fonetik is शीट
final_e52 is shelf and final_vinqi_fonetik is शेल्फ
final_e52 is shell and final_vinqi_fonetik is शैल
final_e52 is shelter and final_vinqi_fonetik is शेल्टर
final_e52 is shift and final_vinqi_fonetik is शिफ्ट
final_e52 is shine and final_vinqi_fonetik is शाइन
final_e52 is ship and final_vinqi_fonetik is शिप
final_e52 is shirt and final_vinqi_fonetik is शर्ट
final_e52 is shit and final_vinqi_fonetik is सहित
final_e52 is shock and final_vinqi_fonetik is शॉक
final_e52 is shoe and final_vinqi_fonetik is शू
final_e52 is shoot and final_vinqi_fonetik is शूट
final_e52 is shooting and final_vinqi_fonetik is शूटिंग
final_e52 is shop and final_vinqi_fonetik is शॉप
final_e52 is shopping and final_vinqi_fonetik is शॉपिंग
final_e52 is shore and final_vinqi_fonetik is शोरे
final_e52 is short and final_vinqi_fonetik is शार्ट
final_e52 is shortly and final_vinqi_fonetik is शॉर्टली
final_e52 is shot and final_vinqi_fonetik is शॉट
final_e52 is should and final_vinqi_fonetik is शुड
final_e52 is shoulder and final_vinqi_fonetik is शोल्डर
final_e52 is shout and final_vinqi_fonetik is शॉट
final_e52 is show and final_vinqi_fonetik is शो
final_e52 is shower and final_vinqi_fonetik is शावर
final_e52 is shrug and final_vinqi_fonetik is शृंग
final_e52 is shut and final_vinqi_fonetik is शट
final_e52 is sick and final_vinqi_fonetik is सिक
final_e52 is side and final_vinqi_fonetik is साइड
final_e52 is sigh and final_vinqi_fonetik is सिघ
final_e52 is sight and final_vinqi_fonetik is सिघ्त
final_e52 is sign and final_vinqi_fonetik is सिग्न
final_e52 is signal and final_vinqi_fonetik is सिग्नल
final_e52 is significance and final_vinqi_fonetik is सिग्नीफिकेन्स
final_e52 is significant and final_vinqi_fonetik is सिग्नीफिकेंट
final_e52 is significantly and final_vinqi_fonetik is सिग्नीफिकांतली
final_e52 is silence and final_vinqi_fonetik is साइलेंस
final_e52 is silent and final_vinqi_fonetik is साइलेंट
final_e52 is silver and final_vinqi_fonetik is सिल्वर
final_e52 is similar and final_vinqi_fonetik is सिमिलर
final_e52 is similarly and final_vinqi_fonetik is सिमिलारली
final_e52 is simple and final_vinqi_fonetik is सिंपल
final_e52 is simply and final_vinqi_fonetik is सिम्पली
final_e52 is sin and final_vinqi_fonetik is सिन
final_e52 is since and final_vinqi_fonetik is सीन्स
final_e52 is sing and final_vinqi_fonetik is सींग
final_e52 is singer and final_vinqi_fonetik is सिंगर
final_e52 is single and final_vinqi_fonetik is सिंगल
final_e52 is sink and final_vinqi_fonetik is सिंक
final_e52 is sir and final_vinqi_fonetik is सर
final_e52 is sister and final_vinqi_fonetik is सिस्टर
final_e52 is sit and final_vinqi_fonetik is सीट
final_e52 is site and final_vinqi_fonetik is साइट
final_e52 is situation and final_vinqi_fonetik is सिचुएशन
final_e52 is six and final_vinqi_fonetik is सिक्स
final_e52 is size and final_vinqi_fonetik is साइज
final_e52 is ski and final_vinqi_fonetik is स्की
final_e52 is skill and final_vinqi_fonetik is स्किल
final_e52 is skin and final_vinqi_fonetik is स्किन
final_e52 is sky and final_vinqi_fonetik is स्काई
final_e52 is slave and final_vinqi_fonetik is स्लेव
final_e52 is sleep and final_vinqi_fonetik is स्लीप
final_e52 is slice and final_vinqi_fonetik is स्लाइस
final_e52 is slide and final_vinqi_fonetik is स्लाइड
final_e52 is slight and final_vinqi_fonetik is सलीगत
final_e52 is slightly and final_vinqi_fonetik is स्लिंगटली
final_e52 is slip and final_vinqi_fonetik is स्लिप
final_e52 is slow and final_vinqi_fonetik is स्लो
final_e52 is slowly and final_vinqi_fonetik is सलौली
final_e52 is small and final_vinqi_fonetik is स्माल
final_e52 is smart and final_vinqi_fonetik is स्मार्ट
final_e52 is smell and final_vinqi_fonetik is स्मेल
final_e52 is smile and final_vinqi_fonetik is स्माइल
final_e52 is smoke and final_vinqi_fonetik is स्मोक
final_e52 is smooth and final_vinqi_fonetik is स्मूथ
final_e52 is snap and final_vinqi_fonetik is स्नेप
final_e52 is snow and final_vinqi_fonetik is स्नो
final_e52 is so and final_vinqi_fonetik is सो
final_e52 is so-called and final_vinqi_fonetik is सो-कॉल्ड
final_e52 is soccer and final_vinqi_fonetik is सॉकर
final_e52 is social and final_vinqi_fonetik is सोशल
final_e52 is society and final_vinqi_fonetik is सोसाइटी
final_e52 is soft and final_vinqi_fonetik is सॉफ्ट
final_e52 is software and final_vinqi_fonetik is सॉफ्टवेयर
final_e52 is soil and final_vinqi_fonetik is साइल
final_e52 is solar and final_vinqi_fonetik is सोलर
final_e52 is soldier and final_vinqi_fonetik is सोल्जर
final_e52 is solid and final_vinqi_fonetik is सॉलिड
final_e52 is solution and final_vinqi_fonetik is सलूशन
final_e52 is solve and final_vinqi_fonetik is सोल्वे
final_e52 is some and final_vinqi_fonetik is सम
final_e52 is somebody and final_vinqi_fonetik is समबडी
final_e52 is somehow and final_vinqi_fonetik is सोमेहो
final_e52 is someone and final_vinqi_fonetik is समवन
final_e52 is something and final_vinqi_fonetik is समथिंग
final_e52 is sometimes and final_vinqi_fonetik is सोमेतिमेस
final_e52 is somewhat and final_vinqi_fonetik is समूहत
final_e52 is somewhere and final_vinqi_fonetik is समवेयर
final_e52 is son and final_vinqi_fonetik is सोन
final_e52 is song and final_vinqi_fonetik is सांग
final_e52 is soon and final_vinqi_fonetik is सून
final_e52 is sophisticated and final_vinqi_fonetik is सोफिस्टिकेटेड
final_e52 is sorry and final_vinqi_fonetik is सॉरी
final_e52 is sort and final_vinqi_fonetik is सॉर्ट
final_e52 is soul and final_vinqi_fonetik is सोल
final_e52 is sound and final_vinqi_fonetik is साउंड
final_e52 is soup and final_vinqi_fonetik is सूप
final_e52 is source and final_vinqi_fonetik is सोर्स
final_e52 is south and final_vinqi_fonetik is साउथ
final_e52 is southern and final_vinqi_fonetik is साउथर्न
final_e52 is soviet and final_vinqi_fonetik is सोवियत
final_e52 is space and final_vinqi_fonetik is स्पेस
final_e52 is spanish and final_vinqi_fonetik is स्पेनिश
final_e52 is speak and final_vinqi_fonetik is स्पीक
final_e52 is speaker and final_vinqi_fonetik is स्पीकर
final_e52 is special and final_vinqi_fonetik is स्पेशल
final_e52 is specialist and final_vinqi_fonetik is स्पेशलिस्ट
final_e52 is species and final_vinqi_fonetik is स्पीशीज
final_e52 is specific and final_vinqi_fonetik is स्पेसिफिक
final_e52 is specifically and final_vinqi_fonetik is स्पेसिफिकल्ल्य
final_e52 is speech and final_vinqi_fonetik is स्पीच
final_e52 is speed and final_vinqi_fonetik is स्पीड
final_e52 is spend and final_vinqi_fonetik is स्पेंड
final_e52 is spending and final_vinqi_fonetik is स्पेंडिंग
final_e52 is spin and final_vinqi_fonetik is स्पिन
final_e52 is spirit and final_vinqi_fonetik is स्पिरिट
final_e52 is spiritual and final_vinqi_fonetik is स्पिरिचुअल
final_e52 is split and final_vinqi_fonetik is स्प्लिट
final_e52 is spokesman and final_vinqi_fonetik is स्पोक्समैन
final_e52 is sport and final_vinqi_fonetik is स्पोर्ट
final_e52 is spot and final_vinqi_fonetik is स्पॉट
final_e52 is spread and final_vinqi_fonetik is स्प्रेड
final_e52 is spring and final_vinqi_fonetik is स्प्रिंग
final_e52 is square and final_vinqi_fonetik is स्क्वायर
final_e52 is squeeze and final_vinqi_fonetik is स्क्वीज़
final_e52 is stability and final_vinqi_fonetik is स्टेबिलिटी
final_e52 is stable and final_vinqi_fonetik is स्टेबल
final_e52 is staff and final_vinqi_fonetik is स्टाफ
final_e52 is stage and final_vinqi_fonetik is स्टेज
final_e52 is stair and final_vinqi_fonetik is स्तैर
final_e52 is stake and final_vinqi_fonetik is सटाके
final_e52 is stand and final_vinqi_fonetik is स्टैंड
final_e52 is standard and final_vinqi_fonetik is स्टैण्डर्ड
final_e52 is standing and final_vinqi_fonetik is स्टैंडिंग
final_e52 is star and final_vinqi_fonetik is स्टार
final_e52 is stare and final_vinqi_fonetik is स्तर
final_e52 is start and final_vinqi_fonetik is स्टार्ट
final_e52 is state and final_vinqi_fonetik is स्टेट
final_e52 is statement and final_vinqi_fonetik is स्टेटमेंट
final_e52 is station and final_vinqi_fonetik is स्टेशन
final_e52 is statistics and final_vinqi_fonetik is स्टेटिस्टिक्स
final_e52 is status and final_vinqi_fonetik is स्टेटस
final_e52 is stay and final_vinqi_fonetik is स्टे
final_e52 is steady and final_vinqi_fonetik is स्टेडी
final_e52 is steal and final_vinqi_fonetik is स्टील
final_e52 is steel and final_vinqi_fonetik is स्टील
final_e52 is step and final_vinqi_fonetik is स्टेप
final_e52 is stick and final_vinqi_fonetik is स्टिक
final_e52 is still and final_vinqi_fonetik is स्टिल
final_e52 is stir and final_vinqi_fonetik is स्तिर
final_e52 is stock and final_vinqi_fonetik is स्टॉक
final_e52 is stomach and final_vinqi_fonetik is स्तोमच
final_e52 is stone and final_vinqi_fonetik is स्टोन
final_e52 is stop and final_vinqi_fonetik is स्टॉप
final_e52 is storage and final_vinqi_fonetik is स्टोरेज
final_e52 is store and final_vinqi_fonetik is स्टोर
final_e52 is storm and final_vinqi_fonetik is स्टॉर्म
final_e52 is story and final_vinqi_fonetik is स्टोरी
final_e52 is straight and final_vinqi_fonetik is स्ट्रैट
final_e52 is strange and final_vinqi_fonetik is स्ट्रेंज
final_e52 is stranger and final_vinqi_fonetik is स्ट्रेंजर
final_e52 is strategic and final_vinqi_fonetik is स्ट्रेटेजिक
final_e52 is strategy and final_vinqi_fonetik is स्ट्रेटेजी
final_e52 is stream and final_vinqi_fonetik is स्ट्रीम
final_e52 is street and final_vinqi_fonetik is स्ट्रीट
final_e52 is strength and final_vinqi_fonetik is स्ट्रेंथ
final_e52 is strengthen and final_vinqi_fonetik is स्ट्रेंग्थेन
final_e52 is stress and final_vinqi_fonetik is स्ट्रेस
final_e52 is stretch and final_vinqi_fonetik is स्ट्रेच
final_e52 is strike and final_vinqi_fonetik is स्ट्राइक
final_e52 is string and final_vinqi_fonetik is स्ट्रिंग
final_e52 is strip and final_vinqi_fonetik is स्ट्रिप
final_e52 is stroke and final_vinqi_fonetik is स्ट्रोक
final_e52 is strong and final_vinqi_fonetik is स्ट्रांग
final_e52 is strongly and final_vinqi_fonetik is स्ट्रॉन्ग्ली
final_e52 is structure and final_vinqi_fonetik is स्ट्रक्चर
final_e52 is struggle and final_vinqi_fonetik is स्ट्रगल
final_e52 is student and final_vinqi_fonetik is स्टूडेंट
final_e52 is studio and final_vinqi_fonetik is स्टूडियो
final_e52 is study and final_vinqi_fonetik is स्टडी
final_e52 is stuff and final_vinqi_fonetik is स्टफ
final_e52 is stupid and final_vinqi_fonetik is स्टुपिड
final_e52 is style and final_vinqi_fonetik is स्टाइल
final_e52 is subject and final_vinqi_fonetik is सब्जेक्ट
final_e52 is submit and final_vinqi_fonetik is सबमिट
final_e52 is subsequent and final_vinqi_fonetik is सबसेकेंट
final_e52 is substance and final_vinqi_fonetik is सब्सटांस
final_e52 is substantial and final_vinqi_fonetik is सब्सटांटियल
final_e52 is succeed and final_vinqi_fonetik is सक्सीड
final_e52 is success and final_vinqi_fonetik is सक्सेस
final_e52 is successful and final_vinqi_fonetik is सक्सेसफुल
final_e52 is successfully and final_vinqi_fonetik is सक्सेस्स्फुल्ली
final_e52 is such and final_vinqi_fonetik is सुच
final_e52 is sudden and final_vinqi_fonetik is सुद्दीन
final_e52 is suddenly and final_vinqi_fonetik is सडनली
final_e52 is sue and final_vinqi_fonetik is सूए
final_e52 is suffer and final_vinqi_fonetik is सुफ्फेर
final_e52 is sufficient and final_vinqi_fonetik is सुफ्फिसिएंट
final_e52 is sugar and final_vinqi_fonetik is शुगर
final_e52 is suggest and final_vinqi_fonetik is सुग्गेस्ट
final_e52 is suggestion and final_vinqi_fonetik is सुग्गेस्टिव
final_e52 is suicide and final_vinqi_fonetik is सुसाइड
final_e52 is suit and final_vinqi_fonetik is सूट
final_e52 is summer and final_vinqi_fonetik is समर
final_e52 is summit and final_vinqi_fonetik is समिट
final_e52 is sun and final_vinqi_fonetik is सुन
final_e52 is super and final_vinqi_fonetik is सुपर
final_e52 is supply and final_vinqi_fonetik is सप्लाई
final_e52 is support and final_vinqi_fonetik is सपोर्ट
final_e52 is supporter and final_vinqi_fonetik is सुप्पोर्टर
final_e52 is suppose and final_vinqi_fonetik is सूपपोसे
final_e52 is supposed and final_vinqi_fonetik is सुप्पोसेद
final_e52 is supreme and final_vinqi_fonetik is सुप्रीम
final_e52 is sure and final_vinqi_fonetik is सूरे
final_e52 is surely and final_vinqi_fonetik is सुरेली
final_e52 is surface and final_vinqi_fonetik is सरफेस
final_e52 is surgery and final_vinqi_fonetik is सर्जरी
final_e52 is surprise and final_vinqi_fonetik is सरप्राइज
final_e52 is surprised and final_vinqi_fonetik is सुरप्रीसेड
final_e52 is surprising and final_vinqi_fonetik is सुर्प्रिसिंग
final_e52 is surprisingly and final_vinqi_fonetik is सुर्प्रिसिंगलय
final_e52 is surround and final_vinqi_fonetik is सराउंड
final_e52 is survey and final_vinqi_fonetik is सर्वे
final_e52 is survival and final_vinqi_fonetik is सर्वाइवल
final_e52 is survive and final_vinqi_fonetik is सर्वाइव
final_e52 is survivor and final_vinqi_fonetik is सर्वाइवर
final_e52 is suspect and final_vinqi_fonetik is सस्पेक्ट
final_e52 is sustain and final_vinqi_fonetik is सस्टेन
final_e52 is swear and final_vinqi_fonetik is स्वेअर
final_e52 is sweep and final_vinqi_fonetik is स्वीप
final_e52 is sweet and final_vinqi_fonetik is स्वीट
final_e52 is swim and final_vinqi_fonetik is स्विम
final_e52 is swing and final_vinqi_fonetik is स्विंग
final_e52 is switch and final_vinqi_fonetik is स्विच
final_e52 is symbol and final_vinqi_fonetik is सिंबल
final_e52 is symptom and final_vinqi_fonetik is सिम्प्टम
final_e52 is system and final_vinqi_fonetik is सिस्टम
final_e52 is table and final_vinqi_fonetik is टेबल
final_e52 is tablespoon and final_vinqi_fonetik is तबलेसपूण
final_e52 is tactic and final_vinqi_fonetik is टैक्टिक
final_e52 is tail and final_vinqi_fonetik is टेल
final_e52 is take and final_vinqi_fonetik is टेक
final_e52 is tale and final_vinqi_fonetik is टेल
final_e52 is talent and final_vinqi_fonetik is टैलेंट
final_e52 is talk and final_vinqi_fonetik is टॉक
final_e52 is tall and final_vinqi_fonetik is टालल
final_e52 is tank and final_vinqi_fonetik is टैंक
final_e52 is tap and final_vinqi_fonetik is तप
final_e52 is tape and final_vinqi_fonetik is टेप
final_e52 is target and final_vinqi_fonetik is टारगेट
final_e52 is task and final_vinqi_fonetik is टास्क
final_e52 is taste and final_vinqi_fonetik is टास्ते
final_e52 is tax and final_vinqi_fonetik is टैक्स
final_e52 is taxpayer and final_vinqi_fonetik is टैक्सपेयर
final_e52 is tea and final_vinqi_fonetik is टिया
final_e52 is teach and final_vinqi_fonetik is टीच
final_e52 is teacher and final_vinqi_fonetik is टीचर
final_e52 is teaching and final_vinqi_fonetik is टीचिंग
final_e52 is team and final_vinqi_fonetik is टीम
final_e52 is tear and final_vinqi_fonetik is टेअर
final_e52 is teaspoon and final_vinqi_fonetik is टीस्पून
final_e52 is technical and final_vinqi_fonetik is टेक्निकल
final_e52 is technique and final_vinqi_fonetik is तकनीक
final_e52 is technology and final_vinqi_fonetik is टेक्नोलॉजी
final_e52 is teen and final_vinqi_fonetik is तीन
final_e52 is teenager and final_vinqi_fonetik is तीनगर
final_e52 is telephone and final_vinqi_fonetik is टेलीफोन
final_e52 is telescope and final_vinqi_fonetik is टेलिस्कोप
final_e52 is television and final_vinqi_fonetik is टेलीविज़न
final_e52 is tell and final_vinqi_fonetik is तेल्ल
final_e52 is temperature and final_vinqi_fonetik is टेम्परेचर
final_e52 is temporary and final_vinqi_fonetik is टेम्पररी
final_e52 is ten and final_vinqi_fonetik is तेन
final_e52 is tend and final_vinqi_fonetik is तेंद
final_e52 is tendency and final_vinqi_fonetik is टेन्डेन्सी
final_e52 is tennis and final_vinqi_fonetik is टेनिस
final_e52 is tension and final_vinqi_fonetik is टेंशन
final_e52 is tent and final_vinqi_fonetik is टेंट
final_e52 is term and final_vinqi_fonetik is टर्म
final_e52 is terms and final_vinqi_fonetik is टर्म्स
final_e52 is terrible and final_vinqi_fonetik is तेर्रिब्ले
final_e52 is territory and final_vinqi_fonetik is टेरिटरी
final_e52 is terror and final_vinqi_fonetik is टेरर
final_e52 is terrorism and final_vinqi_fonetik is टेररिज्म
final_e52 is terrorist and final_vinqi_fonetik is टेररिस्ट
final_e52 is test and final_vinqi_fonetik is टेस्ट
final_e52 is testify and final_vinqi_fonetik is टेसटिफी
final_e52 is testimony and final_vinqi_fonetik is टेस्टीमोनी
final_e52 is testing and final_vinqi_fonetik is टेस्टिंग
final_e52 is text and final_vinqi_fonetik is टेक्स्ट
final_e52 is than and final_vinqi_fonetik is थान
final_e52 is thank and final_vinqi_fonetik is थैंक
final_e52 is thanks and final_vinqi_fonetik is थैंक्स
final_e52 is that and final_vinqi_fonetik is तहत
final_e52 is the and final_vinqi_fonetik is थे
final_e52 is theater and final_vinqi_fonetik is थिएटर
final_e52 is their and final_vinqi_fonetik is थेइर
final_e52 is them and final_vinqi_fonetik is थम
final_e52 is theme and final_vinqi_fonetik is थीम
final_e52 is themselves and final_vinqi_fonetik is थेमसेल्वेस
final_e52 is then and final_vinqi_fonetik is थें
final_e52 is theory and final_vinqi_fonetik is थ्योरी
final_e52 is therapy and final_vinqi_fonetik is थेरेपी
final_e52 is there and final_vinqi_fonetik is तेरे
final_e52 is therefore and final_vinqi_fonetik is थेरेफोरे
final_e52 is these and final_vinqi_fonetik is थी
final_e52 is they and final_vinqi_fonetik is थे
final_e52 is thick and final_vinqi_fonetik is थिक
final_e52 is thin and final_vinqi_fonetik is थीं
final_e52 is thing and final_vinqi_fonetik is थिंग
final_e52 is think and final_vinqi_fonetik is थिंक
final_e52 is thinking and final_vinqi_fonetik is थिंकिंग
final_e52 is third and final_vinqi_fonetik is थर्ड
final_e52 is thirty and final_vinqi_fonetik is थर्टी
final_e52 is this and final_vinqi_fonetik is थिस
final_e52 is those and final_vinqi_fonetik is ठोस
final_e52 is though and final_vinqi_fonetik is थौघ
final_e52 is thought and final_vinqi_fonetik is थॉट
final_e52 is thousand and final_vinqi_fonetik is थाउजेंड
final_e52 is threat and final_vinqi_fonetik is थ्रेट
final_e52 is threaten and final_vinqi_fonetik is थ्रेटन
final_e52 is three and final_vinqi_fonetik is थ्री
final_e52 is throat and final_vinqi_fonetik is थ्रोट
final_e52 is through and final_vinqi_fonetik is थ्रू
final_e52 is throughout and final_vinqi_fonetik is थ्रौघोउट
final_e52 is throw and final_vinqi_fonetik is थ्रो
final_e52 is thus and final_vinqi_fonetik is थुश
final_e52 is ticket and final_vinqi_fonetik is टिकट
final_e52 is tie and final_vinqi_fonetik is टाई
final_e52 is tight and final_vinqi_fonetik is टाइट
final_e52 is time and final_vinqi_fonetik is टाइम
final_e52 is tiny and final_vinqi_fonetik is टाइनी
final_e52 is tip and final_vinqi_fonetik is टिप
final_e52 is tire and final_vinqi_fonetik is टायर
final_e52 is tired and final_vinqi_fonetik is टायर्ड
final_e52 is tissue and final_vinqi_fonetik is टिश्यू
final_e52 is title and final_vinqi_fonetik is टाइटल
final_e52 is to and final_vinqi_fonetik is तो
final_e52 is tobacco and final_vinqi_fonetik is तंबाकू
final_e52 is today and final_vinqi_fonetik is टुडे
final_e52 is toe and final_vinqi_fonetik is तोए
final_e52 is together and final_vinqi_fonetik is टुगेदर
final_e52 is tomato and final_vinqi_fonetik is टोमेटो
final_e52 is tomorrow and final_vinqi_fonetik is टुमारो
final_e52 is tone and final_vinqi_fonetik is टोन
final_e52 is tongue and final_vinqi_fonetik is टंग
final_e52 is tonight and final_vinqi_fonetik is टुनाइट
final_e52 is too and final_vinqi_fonetik is तू
final_e52 is tool and final_vinqi_fonetik is टूल
final_e52 is tooth and final_vinqi_fonetik is टूथ
final_e52 is top and final_vinqi_fonetik is टॉप
final_e52 is topic and final_vinqi_fonetik is टॉपिक
final_e52 is toss and final_vinqi_fonetik is टॉस
final_e52 is total and final_vinqi_fonetik is टोटल
final_e52 is totally and final_vinqi_fonetik is टोटली
final_e52 is touch and final_vinqi_fonetik is टच
final_e52 is tough and final_vinqi_fonetik is टफ
final_e52 is tour and final_vinqi_fonetik is टूर
final_e52 is tourist and final_vinqi_fonetik is टूरिस्ट
final_e52 is tournament and final_vinqi_fonetik is टूर्नामेंट
final_e52 is toward and final_vinqi_fonetik is टुवर्ड
final_e52 is towards and final_vinqi_fonetik is टुवर्ड्स
final_e52 is tower and final_vinqi_fonetik is टावर
final_e52 is town and final_vinqi_fonetik is टाउन
final_e52 is toy and final_vinqi_fonetik is तोय
final_e52 is trace and final_vinqi_fonetik is ट्रेस
final_e52 is track and final_vinqi_fonetik is ट्रैक
final_e52 is trade and final_vinqi_fonetik is ट्रेड
final_e52 is tradition and final_vinqi_fonetik is ट्रेडिशन
final_e52 is traditional and final_vinqi_fonetik is ट्रेडिशनल
final_e52 is traffic and final_vinqi_fonetik is ट्रैफिक
final_e52 is tragedy and final_vinqi_fonetik is ट्रेजेडी
final_e52 is trail and final_vinqi_fonetik is ट्रेल
final_e52 is train and final_vinqi_fonetik is ट्रैन
final_e52 is training and final_vinqi_fonetik is ट्रेनिंग
final_e52 is transfer and final_vinqi_fonetik is ट्रांसफर
final_e52 is transform and final_vinqi_fonetik is ट्रांसफॉर्म
final_e52 is transformation and final_vinqi_fonetik is ट्रांसफॉर्मेशन
final_e52 is transition and final_vinqi_fonetik is ट्रांजीशन
final_e52 is translate and final_vinqi_fonetik is ट्रांसलेट
final_e52 is transportation and final_vinqi_fonetik is ट्रांसपोर्टेशन
final_e52 is travel and final_vinqi_fonetik is ट्रेवल
final_e52 is treat and final_vinqi_fonetik is ट्रीट
final_e52 is treatment and final_vinqi_fonetik is ट्रीटमेंट
final_e52 is treaty and final_vinqi_fonetik is ट्रीटी
final_e52 is tree and final_vinqi_fonetik is ट्री
final_e52 is tremendous and final_vinqi_fonetik is त्रेमेंदूस
final_e52 is trend and final_vinqi_fonetik is ट्रेंड
final_e52 is trial and final_vinqi_fonetik is ट्रायल
final_e52 is tribe and final_vinqi_fonetik is ट्राइब
final_e52 is trick and final_vinqi_fonetik is ट्रिक
final_e52 is trip and final_vinqi_fonetik is ट्रिप
final_e52 is troop and final_vinqi_fonetik is ट्रूप
final_e52 is trouble and final_vinqi_fonetik is ट्रबल
final_e52 is truck and final_vinqi_fonetik is ट्रक
final_e52 is true and final_vinqi_fonetik is ट्रू
final_e52 is truly and final_vinqi_fonetik is ट्रूली
final_e52 is trust and final_vinqi_fonetik is ट्रस्ट
final_e52 is truth and final_vinqi_fonetik is ट्रुथ
final_e52 is try and final_vinqi_fonetik is तरय
final_e52 is tube and final_vinqi_fonetik is तुबे
final_e52 is tunnel and final_vinqi_fonetik is टनल
final_e52 is turn and final_vinqi_fonetik is टर्न
final_e52 is tv and final_vinqi_fonetik is टीवी
final_e52 is twelve and final_vinqi_fonetik is ट्वेल्व
final_e52 is twenty and final_vinqi_fonetik is ट्वेंटी
final_e52 is twice and final_vinqi_fonetik is ट्वाइस
final_e52 is twin and final_vinqi_fonetik is ट्विन
final_e52 is two and final_vinqi_fonetik is तवो
final_e52 is type and final_vinqi_fonetik is टाइप
final_e52 is typical and final_vinqi_fonetik is टिपिकल
final_e52 is typically and final_vinqi_fonetik is त्यसैली
final_e52 is ugly and final_vinqi_fonetik is अग्ली
final_e52 is ultimate and final_vinqi_fonetik is अल्टीमेट
final_e52 is ultimately and final_vinqi_fonetik is उलटिमटेली
final_e52 is unable and final_vinqi_fonetik is ुनाबले
final_e52 is uncle and final_vinqi_fonetik is अंकल
final_e52 is under and final_vinqi_fonetik is अंडर
final_e52 is undergo and final_vinqi_fonetik is ुन्देरगो
final_e52 is understand and final_vinqi_fonetik is अंडरस्टैंड
final_e52 is understanding and final_vinqi_fonetik is अंडरस्टैंडिंग
final_e52 is unfortunately and final_vinqi_fonetik is ुंफोरटूनटेली
final_e52 is uniform and final_vinqi_fonetik is यूनिफार्म
final_e52 is union and final_vinqi_fonetik is यूनियन
final_e52 is unique and final_vinqi_fonetik is यूनिक
final_e52 is unit and final_vinqi_fonetik is यूनिट
final_e52 is united and final_vinqi_fonetik is यूनाइटेड
final_e52 is universal and final_vinqi_fonetik is यूनिवर्सल
final_e52 is universe and final_vinqi_fonetik is यूनिवर्स
final_e52 is university and final_vinqi_fonetik is यूनिवर्सिटी
final_e52 is unknown and final_vinqi_fonetik is अननोन
final_e52 is unless and final_vinqi_fonetik is उनलेस
final_e52 is unlike and final_vinqi_fonetik is उनलीके
final_e52 is unlikely and final_vinqi_fonetik is ुनलिकेलय
final_e52 is until and final_vinqi_fonetik is अंटिल
final_e52 is unusual and final_vinqi_fonetik is उनुसुअल
final_e52 is up and final_vinqi_fonetik is उप
final_e52 is upon and final_vinqi_fonetik is अपॉन
final_e52 is upper and final_vinqi_fonetik is उप्पेर
final_e52 is urban and final_vinqi_fonetik is अर्बन
final_e52 is urge and final_vinqi_fonetik is ऊर्जे
final_e52 is us and final_vinqi_fonetik is उस
final_e52 is use and final_vinqi_fonetik is उसे
final_e52 is used and final_vinqi_fonetik is ुसेड
final_e52 is useful and final_vinqi_fonetik is उसेफुल
final_e52 is user and final_vinqi_fonetik is यूजर
final_e52 is usual and final_vinqi_fonetik is उसुअल
final_e52 is usually and final_vinqi_fonetik is उसुअल्ल्य
final_e52 is utility and final_vinqi_fonetik is यूटिलिटी
final_e52 is vacation and final_vinqi_fonetik is वेकेशन
final_e52 is valley and final_vinqi_fonetik is वैली
final_e52 is valuable and final_vinqi_fonetik is वैल्युएबल
final_e52 is value and final_vinqi_fonetik is वैल्यू
final_e52 is variable and final_vinqi_fonetik is वेरिएबल
final_e52 is variation and final_vinqi_fonetik is वेरिएशन
final_e52 is variety and final_vinqi_fonetik is वैरायटी
final_e52 is various and final_vinqi_fonetik is वेरियस
final_e52 is vary and final_vinqi_fonetik is वैर्य
final_e52 is vast and final_vinqi_fonetik is वेस्ट
final_e52 is vegetable and final_vinqi_fonetik is वेजिटेबल
final_e52 is vehicle and final_vinqi_fonetik is व्हीकल
final_e52 is venture and final_vinqi_fonetik is वेंचर
final_e52 is version and final_vinqi_fonetik is वर्शन
final_e52 is versus and final_vinqi_fonetik is वेर्सुस
final_e52 is very and final_vinqi_fonetik is वैरी
final_e52 is vessel and final_vinqi_fonetik is वेसल
final_e52 is veteran and final_vinqi_fonetik is वेटेरन
final_e52 is via and final_vinqi_fonetik is वाया
final_e52 is victim and final_vinqi_fonetik is विक्टिम
final_e52 is victory and final_vinqi_fonetik is विक्ट्री
final_e52 is video and final_vinqi_fonetik is वीडियो
final_e52 is view and final_vinqi_fonetik is व्यू
final_e52 is viewer and final_vinqi_fonetik is व्यूअर
final_e52 is village and final_vinqi_fonetik is विलेज
final_e52 is violate and final_vinqi_fonetik is विओलाटे
final_e52 is violation and final_vinqi_fonetik is विओलेशन
final_e52 is violence and final_vinqi_fonetik is वायलेंस
final_e52 is violent and final_vinqi_fonetik is वायलेंट
final_e52 is virtually and final_vinqi_fonetik is विर्तुअली
final_e52 is virtue and final_vinqi_fonetik is विरचे
final_e52 is virus and final_vinqi_fonetik is वायरस
final_e52 is visible and final_vinqi_fonetik is विज़िबल
final_e52 is vision and final_vinqi_fonetik is विज़न
final_e52 is visit and final_vinqi_fonetik is विजिट
final_e52 is visitor and final_vinqi_fonetik is विजिटर
final_e52 is visual and final_vinqi_fonetik is विसुअल
final_e52 is vital and final_vinqi_fonetik is वाइटल
final_e52 is voice and final_vinqi_fonetik is वौइस्
final_e52 is volume and final_vinqi_fonetik is वॉल्यूम
final_e52 is volunteer and final_vinqi_fonetik is वालंटियर
final_e52 is vote and final_vinqi_fonetik is वोट
final_e52 is voter and final_vinqi_fonetik is वोटर
final_e52 is vs and final_vinqi_fonetik is वस
final_e52 is vulnerable and final_vinqi_fonetik is वल्नरेबल
final_e52 is wage and final_vinqi_fonetik is वेज
final_e52 is wait and final_vinqi_fonetik is वेट
final_e52 is wake and final_vinqi_fonetik is वेक
final_e52 is walk and final_vinqi_fonetik is वाक
final_e52 is wall and final_vinqi_fonetik is वाल
final_e52 is wander and final_vinqi_fonetik is वंडर
final_e52 is want and final_vinqi_fonetik is वांट
final_e52 is war and final_vinqi_fonetik is वॉर
final_e52 is warm and final_vinqi_fonetik is वार्म
final_e52 is warn and final_vinqi_fonetik is वारं
final_e52 is warning and final_vinqi_fonetik is वार्निंग
final_e52 is wash and final_vinqi_fonetik is वाश
final_e52 is waste and final_vinqi_fonetik is वास्ते
final_e52 is watch and final_vinqi_fonetik is वाच
final_e52 is water and final_vinqi_fonetik is वाटर
final_e52 is wave and final_vinqi_fonetik is वेव
final_e52 is way and final_vinqi_fonetik is वे
final_e52 is we and final_vinqi_fonetik is वे
final_e52 is weak and final_vinqi_fonetik is वीक
final_e52 is wealth and final_vinqi_fonetik is वेल्थ
final_e52 is wealthy and final_vinqi_fonetik is वेअल्थी
final_e52 is weapon and final_vinqi_fonetik is वेपन
final_e52 is wear and final_vinqi_fonetik is वियर
final_e52 is weather and final_vinqi_fonetik is वेअथेर
final_e52 is wedding and final_vinqi_fonetik is वेडिंग
final_e52 is week and final_vinqi_fonetik is वीक
final_e52 is weekend and final_vinqi_fonetik is वीकेंड
final_e52 is weekly and final_vinqi_fonetik is वीकली
final_e52 is weigh and final_vinqi_fonetik is वैघ
final_e52 is weight and final_vinqi_fonetik is वेट
final_e52 is welcome and final_vinqi_fonetik is वेलकम
final_e52 is welfare and final_vinqi_fonetik is वेलफेयर
final_e52 is well and final_vinqi_fonetik is वेल
final_e52 is west and final_vinqi_fonetik is वेस्ट
final_e52 is western and final_vinqi_fonetik is वेस्टर्न
final_e52 is wet and final_vinqi_fonetik is वेट
final_e52 is what and final_vinqi_fonetik is व्हाट
final_e52 is whatever and final_vinqi_fonetik is व्हाटएवर
final_e52 is wheel and final_vinqi_fonetik is व्हील
final_e52 is when and final_vinqi_fonetik is व्हेन
final_e52 is whenever and final_vinqi_fonetik is व्हॅनवर
final_e52 is where and final_vinqi_fonetik is वेयर
final_e52 is whereas and final_vinqi_fonetik is व्हेरास
final_e52 is whether and final_vinqi_fonetik is व्हेदर
final_e52 is which and final_vinqi_fonetik is व्हिच
final_e52 is while and final_vinqi_fonetik is व्हिले
final_e52 is whisper and final_vinqi_fonetik is व्हिस्पर
final_e52 is white and final_vinqi_fonetik is वाइट
final_e52 is who and final_vinqi_fonetik is हु
final_e52 is whole and final_vinqi_fonetik is व्होले
final_e52 is whom and final_vinqi_fonetik is व्होम
final_e52 is whose and final_vinqi_fonetik is हूज
final_e52 is why and final_vinqi_fonetik is व्हाई
final_e52 is wide and final_vinqi_fonetik is वाइड
final_e52 is widely and final_vinqi_fonetik is विदेली
final_e52 is widespread and final_vinqi_fonetik is विदेशप्रद
final_e52 is wife and final_vinqi_fonetik is वाइफ
final_e52 is wild and final_vinqi_fonetik is वाइल्ड
final_e52 is will and final_vinqi_fonetik is विल
final_e52 is willing and final_vinqi_fonetik is विल्लिंग
final_e52 is win and final_vinqi_fonetik is विन
final_e52 is wind and final_vinqi_fonetik is विंड
final_e52 is window and final_vinqi_fonetik is विंडो
final_e52 is wine and final_vinqi_fonetik is वाइन
final_e52 is wing and final_vinqi_fonetik is विंग
final_e52 is winner and final_vinqi_fonetik is विनर
final_e52 is winter and final_vinqi_fonetik is विंटर
final_e52 is wipe and final_vinqi_fonetik is वाइप
final_e52 is wire and final_vinqi_fonetik is वायर
final_e52 is wisdom and final_vinqi_fonetik is विजडम
final_e52 is wise and final_vinqi_fonetik is वाइज
final_e52 is wish and final_vinqi_fonetik is विश
final_e52 is with and final_vinqi_fonetik is विथ
final_e52 is withdraw and final_vinqi_fonetik is विथड्रॉ
final_e52 is within and final_vinqi_fonetik is वीथिन
final_e52 is without and final_vinqi_fonetik is विथाउट
final_e52 is witness and final_vinqi_fonetik is विटनेस
final_e52 is woman and final_vinqi_fonetik is वुमन
final_e52 is wonder and final_vinqi_fonetik is वंडर
final_e52 is wonderful and final_vinqi_fonetik is वंडरफुल
final_e52 is wood and final_vinqi_fonetik is वुड
final_e52 is wooden and final_vinqi_fonetik is वुडेन
final_e52 is word and final_vinqi_fonetik is वर्ड
final_e52 is work and final_vinqi_fonetik is वर्क
final_e52 is worker and final_vinqi_fonetik is वर्कर
final_e52 is working and final_vinqi_fonetik is वर्किंग
final_e52 is works and final_vinqi_fonetik is वर्क्स
final_e52 is workshop and final_vinqi_fonetik is वर्कशॉप
final_e52 is world and final_vinqi_fonetik is वर्ल्ड
final_e52 is worried and final_vinqi_fonetik is वरीड
final_e52 is worry and final_vinqi_fonetik is वोर्री
final_e52 is worth and final_vinqi_fonetik is वर्थ
final_e52 is would and final_vinqi_fonetik is वोउल्ड
final_e52 is wound and final_vinqi_fonetik is वोँड
final_e52 is wrap and final_vinqi_fonetik is व्रैप
final_e52 is write and final_vinqi_fonetik is व्रिठे
final_e52 is writer and final_vinqi_fonetik is राइटर
final_e52 is writing and final_vinqi_fonetik is राइटिंग
final_e52 is wrong and final_vinqi_fonetik is रॉंग
final_e52 is yard and final_vinqi_fonetik is यार्ड
final_e52 is yeah and final_vinqi_fonetik is येह
final_e52 is year and final_vinqi_fonetik is ईयर
final_e52 is yell and final_vinqi_fonetik is एल
final_e52 is yellow and final_vinqi_fonetik is येलो
final_e52 is yes and final_vinqi_fonetik is यस
final_e52 is yesterday and final_vinqi_fonetik is यस्टरडे
final_e52 is yet and final_vinqi_fonetik is येत
final_e52 is yield and final_vinqi_fonetik is यील्ड
final_e52 is you and final_vinqi_fonetik is यू
final_e52 is young and final_vinqi_fonetik is यंग
final_e52 is your and final_vinqi_fonetik is योर
final_e52 is yours and final_vinqi_fonetik is योर्स
final_e52 is yourself and final_vinqi_fonetik is योरसेल्फ
final_e52 is youth and final_vinqi_fonetik is युथ
final_e52 is zone and final_vinqi_fonetik is जोन
final_e52 is newer and final_vinqi_fonetik is नेवेर
final_e52 is vest and final_vinqi_fonetik is वेस्ट
final_e52 is vine and final_vinqi_fonetik is वीने
final_e52 is wary and final_vinqi_fonetik is वर्य
final_e52 is vet and final_vinqi_fonetik is वेट

Successfully processed 6-column sheet structure with Google API transliteration.
