e52,e23,x38,xv38,vinqi
THE,the,the,,
OF,of,of,,का
AND,and,and,,और
TO,to,to,,को
IN,in,in,,में
IS,is,is,,है
THAT,that,that,,वह
IT,it,it,,यह
HE,he,he,,वह
WAS,was,was,,था
FOR,for,for,,के लिए
ON,on,on,,पर
ARE,are,are,,हैं
AS,as,as,,जैसा
WITH,with,with,,साथ
HIS,his,his,,उसका
THEY,they,they,,वे
HAVE,hawe,hawe,,पास होना
FROM,from,from,,से
OR,or,or,,या
ONE,one,one,,एक
HAD,had,had,,था
BY,by,by,,द्वारा
WORD,word,word,,शब्द
BUT,but,but,,लेकिन
NOT,not,not,,नहीं
WHAT,what,what,,क्या
ALL,all,all,,सभी
WERE,were,wxre,,थे
WHEN,when,when,,कब
YOUR,your,your,,आपका
CAN,can,can,,कर सकना
SAID,said,said,,कहा
THERE,there,thxre,,वहाँ
USE,use,use,,उपयोग
EACH,each,each,,प्रत्येक
WHICH,which,which,,कौन
SHE,she,she,,वह
HOW,how,how,,कैसे
THEIR,their,their,,उनका
IF,if,if,,अगर
WILL,will,will,,इच्छा
ABOUT,about,about,,के बारे में
MANY,many,many,,अनेक
THEN,then,then,,तब
THEM,them,them,,उन्हें
THESE,these,these,,इन
SOME,some,some,,कुछ
HER,her,hxr,,उसकी
WOULD,would,would,,चाहेंगे
MAKE,make,make,,बनाना
LIKE,like,like,,पसंद
HIM,him,him,,उसे
INTO,into,into,,में
TIME,time,time,,समय
HAS,has,has,,है
LOOK,look,look,,देखना
TWO,two,two,,दो
MORE,more,more,,अधिक
WRITE,write,write,,लिखना
SEE,see,see,,देखना
NUMBER,number,numbxr,,संख्या
WAY,way,way,,रास्ता
COULD,could,could,,सकना
PEOPLE,people,people,,लोग
THAN,than,than,,बजाय
FIRST,first,first,,पहला
WATER,water,watxr,,पानी
CALL,call,call,,पुकारना
WHO,who,who,,कौन
OIL,oil,oil,,तेल
ITS,its,its,,इसका
NOW,now,now,,अब
FIND,find,find,,खोजो
LONG,long,long,,लंबा
DOWN,down,down,,नीचे
DAY,day,day,,दिन
DID,did,did,,किया
GET,get,get,,पाना
COME,come,come,,आना
MADE,made,made,,बनाया
MAY,may,may,,मई
PART,part,part,,भाग
OVER,ower,owxr,,ऊपर
NEW,new,niyu,,नया
SOUND,sound,sound,,आवाज़
TAKE,take,take,,लेना
ONLY,only,only,,केवल
LITTLE,little,little,,थोड़ा
WORK,work,work,,काम
KNOW,know,know,,जानना
PLACE,place,place,,जगह
YEAR,year,year,,वर्ष
LIVE,liwe,liwe,,रहना
BACK,back,bak,,पीछे
GIVE,giwe,giwe,,देना
MOST,most,most,,अधिकांश
VERY,wery,wxry,,बहुत
AFTER,after,aftxr,,बाद
THING,thing,thing,,चीज़
OUR,our,our,,हमारा
JUST,zust,zust,,अभी
NAME,name,name,,नाम
GOOD,good,good,,अच्छा
SENTENCE,sentence,sentence,,वाक्य
MAN,man,man,,आदमी
THINK,think,think,,सोचना
SAY,say,say,,कहना
GREAT,great,great,,महान
WHERE,where,whxre,,कहाँ
HELP,help,help,,मदद
THROUGH,through,through,,के माध्यम से
MUCH,much,much,,अधिकता
BEFORE,before,before,,पहले
LINE,line,line,,रेखा
RIGHT,right,right,,सही
TOO,too,too,,बहुत
MEAN,mean,mean,,अर्थ
OLD,old,old,,पुराना
ANY,any,any,,कोई
SAME,same,same,,वही
AABBOORRTT,aabboorrtt,aabboorrtt,,AABBOORRTT
AABBSSSELF,aabbssself,aabbssself,,एएबीएसएसएसएलएफ
AACCOOSSHHX,aaccoosshhx,aaccoosshhx,,AACCOOSSHHX
AACCOOSSX,aaccoossx,aaccoossx,,AACCOOSSX
AADDDDSELF,aaddddself,aaddddself,,AADDDDSELF
AALLLL,aallll,aallll,,AALLLL
AALLTTSSEEPP,aallttsseepp,aallttsseepp,,AALTTSSEEPP
AANNDDSELF,aannddself,aannddself,,आनंदस्वयं
AARRGGSS,aarrggss,aarrggss,,AARRGGSS
AARRGGVV,aarrggww,aarrggww,,AARRGGVV
AASSCCIIII,aasscciiii,aasscciiii,,AASSCCCIIII
AASSIINNHHX,aassiinnhhx,aassiinnhhx,,AASSIINNHX
AASSIINNX,aassiinnx,aassiinnx,,AASSIINNX
AATTAANNHHX,aattaannhhx,aattaannhhx,,AATTAANNHX
AATTAANNX,aattaannx,aattaannx,,AATTAANNX
AATTAANNY,aattaanny,aattaanny,,AATTAANNY
AAUUTTHHOORR,aauutthhoorr,aauutthhoorr,,आउथथूरर
AAZAZ,aazaz,aazaz,,अज़ाज़
ABB,abb,abb,,एबीबी
ABBREVIATED,abbrewiated,abbriyuiated,,संक्षिप्त
ABC,abc,abc,,एबीसी
ABCD,abcd,abcd,,ए बी सी डी
ABCDEFABCDEF,abcdefabcdef,abcdefabcdef,,एबीसीडीईएफएबीसीडीईएफ
ABD,abd,abd,,अब्द
ABLE,able,able,,योग्य
ABORT,abort,abort,,गर्भपात
ABORTED,aborted,aborted,,निरस्त किया गया
ABOVE,abowe,abowe,,ऊपर
ABSENT,absent,absent,,अनुपस्थित
ABSM,absm,absm,,एबीएसएम
ABSOLUTE,absolute,absolute,,निरपेक्ष
ABSSELF,absself,absself,,स्वयं
ABSTOL,abstol,abstol,,एब्स्टॉल
ABSTRACT,abstract,abstract,,अमूर्त
ACCEPT,accept,accept,,स्वीकार करना
ACCEPTED,accepted,accepted,,स्वीकृत
ACCEPTING,accepting,accepting,,स्वीकार करना
ACCEPTS,accepts,accepts,,स्वीकार
ACCESS,access,access,,पहुँच
ACCESSED,accessed,accessed,,पहुँचा
ACCESSES,accesses,accesses,,तक पहुँचता है
ACCESSIBLE,accessible,accessible,,पहुंच योग्य
ACCORDING,according,according,,अनुसार
ACCURATE,accurate,accurate,,शुद्ध
ACQUIRE,ackuire,akuire,,अधिग्रहण करना
ACTION,action,action,,कार्रवाई
ACTIONS,actions,actions,,कार्रवाई
ACTIVATE,actiwate,actiwate,,सक्रिय करें
ACTIVATED,actiwated,actiwated,,सक्रिय
ACTIVE,actiwe,actiwe,,सक्रिय
ACTS,acts,acts,,अधिनियमों
ACTUAL,actual,actual,,वास्तविक
ACTUALLY,actually,actually,,वास्तव में
ADAPTER,adapter,adaptxr,,अनुकूलक
ADD,add,add,,जोड़ना
ADDARGUMENT,addargument,addargument,,परिशिष्ट
ADDCLEANUP,addcleanup,addcleanup,,ऐडक्लीनअप
ADDED,added,added,,जोड़ा
ADDHELP,addhelp,addhelp,,सहायक
ADDHELPTRUE,addhelptrue,addhelptrue,,सहायक सत्य
ADDING,adding,adding,,जोड़ना
ADDITION,addition,addition,,जोड़ना
ADDITIONAL,additional,additional,,अतिरिक्त
ADDLEVELNAME,addlxwxlname,addlxwxlname,,अतिरिक्त नाम
ADDS,adds,adds,,कहते हैं
ADVISED,adwised,adwised,,सलाह दी
AENTER,aenter,aentxr,,AENTER
AEXIT,aexit,aexit,,बाहर निकलें
AFFECTS,affects,affects,,प्रभावित
AFTERWARDS,afterwards,aftxrwards,,उसके बाद
AGAINST,against,against,,ख़िलाफ़
AGENCLOSED,agenclosed,agenclosed,,एजेंसो बंद
AGENCREATED,agencreated,agencreated,,AGENCREATED
AGENRUNNING,agenrunning,agenrunning,,एजरनिंग
AGENSUSPEN,agensuspen,agensuspen,,एजेंसुस्पेन
AGGREGATING,aggregating,aggregating,,समेकित करना
AGREE,agree,agree,,सहमत
AILMSUX,ailmsux,ailmsux,,AILMSUX
AIXSUPPORT,aixsupport,aixsupport,,AIXसमर्थन
ALGORITHM,algorithm,algorithm,,एल्गोरिदम
ALIAS,alias,alias,,उपनाम
ALIASED,aliased,aliased,,एलियास
ALIASES,aliases,aliases,,उपनाम
ALLOCATED,allocated,allocated,,आबंटित
ALLOW,allow,allow,,अनुमति दें
ALLOWABBREV,allowabbrew,allowabbriyu,,अनुमतिब्रेव
ALLOWED,allowed,allowed,,अनुमत
ALLOWING,allowing,allowing,,अनुमति
ALLOWNAN,allownan,allownan,,ALOWNAN
ALLOWNANTRUE,allownantrue,allownantrue,,अनुमतिपत्रसच्चाई
ALLOWS,allows,allows,,अनुमति देता है
ALMOST,almost,almost,,लगभग
ALONG,along,along,,साथ में
ALPHA,alpha,alpha,,अल्फा
ALPHABETICAL,alphabetical,alphabetical,,वर्णमाला
ALPHANUMERIC,alphanumeric,alphanumxric,,अक्षरांकीय
ALREADY,already,already,,पहले से
ALSO,also,also,,भी
ALTER,alter,altxr,,ऑल्टर
ALTERNATE,alternate,altxrnate,,वैकल्पिक
ALTERNATIVES,alternatiwes,altxrnatiwes,,वैकल्पिक
ALTHOUGH,although,although,,हालांकि
ALTSEP,altsep,altsep,,अल्टसेप
ALWAYS,always,always,,हमेशा
AMONG,among,among,,के बीच
ANDOR,andor,andor,,आंतरिक प्रबंधन और
ANDSELF,andself,andself,,औरस्वयं
ANGLE,angle,angle,,कोण
ANNOTATE,annotate,annotate,,एन्नोटेट
ANNOTATION,annotation,annotation,,टिप्पणी
ANNOTATIONS,annotations,annotations,,एनोटेशन
ANOTHER,another,anothxr,,एक और
ANYTHING,anything,anything,,कुछ भी
ANYWHERE,anywhere,anywhxre,,कहीं भी
API,api,api,,एपीआई
APIS,apis,apis,,शहद की मक्खी
APPEAR,appear,appear,,के जैसा लगना
APPEARS,appears,appears,,प्रकट होता है
APPEND,append,append,,संलग्न
APPENDCONST,appendconst,appendconst,,परिशिष्ट
APPENDED,appended,appended,,संलग्न
APPENDING,appending,appending,,जोड़कर
APPENDS,appends,appends,,संलग्न कर देता है
APPLICATION,application,application,,आवेदन
APPLICATIONS,applications,applications,,अनुप्रयोग
APPLIED,applied,applied,,लागू किया गया
APPLY,apply,apply,,आवेदन करना
APPROPRIATE,appropriate,appropriate,,उपयुक्त
ARBITRARY,arbitrary,arbitrary,,मनमाना
ARC,arc,arc,,आर्क
AREA,area,area,,क्षेत्र
AREAS,areas,areas,,क्षेत्रों
ARG,arg,arg,,आर्ग
ARGINFO,arginfo,arginfo,,Arginfo
ARGINFOARGS,arginfoargs,arginfoargs,,अर्गिनफोर्ग्स
ARGLINE,argline,argline,,आर्ग्लिन
ARGPARSE,argparse,argparse,,ARGPARSE
ARGS,args,args,,ARGS
ARGSLOG,argslog,argslog,,आर्गस्लॉग
ARGSNONE,argsnone,argsnone,,आर्ग्सनोन
ARGUMENT,argument,argument,,तर्क
ARGUMENTS,arguments,arguments,,बहस
ARGV,argw,argw,,एआरजीवी
ARGVNONE,argwnone,argwnone,,ARGVNONE
ARISING,arising,arising,,उत्पन्न हो रहा है
ARITHMETIC,arithmetic,arithmetic,,अंकगणित
AROUND,around,around,,आस-पास
ARRANGE,arrange,arrange,,व्यवस्थित करना
ARRAY,array,array,,सरणी
ASCII,ascii,ascii,,एएससीआईआई
ASCIILETTERS,asciiletters,asciilettxrs,,जलोदर
ASCOMPLEXDCT,ascomplexdct,ascomplexdct,,ASCOMPLEXDCT
ASCTIMES,asctimes,asctimes,,ASCTIMES
ASIS,asis,asis,,एएसआईएस
ASSERT,assert,assxrt,,ज़ोर
ASSERTEQUAL,assertekual,assxrtekual,,मुखर
ASSERTION,assertion,assxrtion,,बल देकर कहना
ASSERTISNONE,assertisnone,assxrtisnone,,Assertisnone
ASSERTRAISES,assertraises,assxrtraises,,अभिकथन
ASSERTS,asserts,assxrts,,इस बात पर ज़ोर
ASSERTWARNS,assertwarns,assxrtwarns,,मुखरता से चेतावनी देता है
ASSIGN,assign,assign,,सौंपना
ASSIGNED,assigned,assigned,,सौंपा गया
ASSIGNING,assigning,assigning,,बताए
ASSIGNMENT,assignment,assignment,,कार्यभार
ASSIST,assist,assist,,सहायता देना
ASSOCIATE,associate,associate,,संबंद्ध करना
ASSOCIATED,associated,associated,,संबंधित
ASSUMED,assumed,assumed,,ग्रहण
ASSUMES,assumes,assumes,,संभाला
AST,ast,ast,,एएसटी
ASYNC,async,async,,ASYNC
ASYNCCASE,asynccase,asynccase,,ASYNCCASE
ASYNCHRONOUS,asynchronous,asynchronous,,अतुल्यकालिक
ATANYX,atanyx,atanyx,,ATANYX
ATIME,atime,atime,,समय
ATIMENS,atimens,atimens,,ATIMENS
ATTACHED,attached,attached,,जुड़ा हुआ
ATTEMPT,attempt,attempt,,कोशिश करना
ATTEMPTED,attempted,attempted,,का प्रयास किया
ATTR,attr,attr,,एटीटीआर
ATTRIBUTE,attribute,attribute,,गुण
ATTRIBUTES,attributes,attributes,,गुण
ATTRWRAPPED,attrwrapped,attrwrapped,,आकर्षित
AUDIT,audit,audit,,अंकेक्षण
AUGMENTED,augmented,augmented,,संवर्धित
AUTHOR,author,author,,लेखक
AUTHORS,authors,authors,,लेखक
AUTO,auto,auto,,ऑटो
AVAILABLE,awailable,awailable,,उपलब्ध
AVOID,awoid,awoid,,टालना
AVOIDS,awoids,awoids,,बचा जाता है
AWAIT,await,await,,का इंतजार
AWAY,away,away,,दूर
AZAZ,azaz,azaz,,अज़ाज़
BAB,bab,bab,,बाब
BACKEND,backend,bakend,,बैकएंड
BACKSLASH,backslash,bakslash,,बैकस्लैश
BACKWARD,backward,bakward,,पिछड़े
BAG,bag,bag,,थैला
BAR,bar,bar,,छड़
BARBAZ,barbaz,barbaz,,बरबाज़
BASE,base,base,,आधार
BASED,based,based,,आधारित
BASEMATHE,basemathe,basemathe,,बेसमैथे
BASIC,basic,basic,,बुनियादी
BASICALLY,basically,basically,,मूल रूप से
BASICCONFIG,basicconfig,basicconfig,,बेसिककॉन्फिग
BASICFORMAT,basicformat,basicformat,,बुनियादी प्रारूप
BASIS,basis,basis,,आधार
BAVAIL,bawail,bawail,,बवैल
BAZ,baz,baz,,बाा
BBIINNDDSELF,bbiinnddself,bbiinnddself,,BBIINDDSELF
BBOOOOLLSELF,bboooollself,bboooollself,,बबूलसेल्फ़
BBUUFFFFEERR,bbuuffffeerr,bbuuffffexrr,,BBUUFFFEERR
BECAUSE,because,because,,क्योंकि
BECKS,becks,beks,,बेक्स
BECOMES,becomes,becomes,,बन जाता है
BEEN,been,been,,गया
BEGIN,begin,begin,,शुरू
BEGINNING,beginning,beginning,,शुरुआत
BEGINS,begins,begins,,शुरू होता है
BEHAVE,behawe,behawe,,व्यवहार
BEHAVES,behawes,behawes,,बर्ताव करती है
BEHAVIOR,behawior,behawior,,व्यवहार
BEHAVIOUR,behawiour,behawiour,,व्यवहार
BEING,being,being,,प्राणी
BELOW,below,below,,नीचे
BETA,beta,beta,,बीटा
BETTER,better,bettxr,,बेहतर
BETWEEN,between,between,,बीच में
BEYOND,beyond,beyond,,आगे
BFREE,bfree,bfree,,बीमुफ़्त
BIG,big,big,,बड़ा
BIN,bin,bin,,बिन
BINARY,binary,binary,,बायनरी
BINDARGS,bindargs,bindargs,,जिल्दसाज
BINOMIAL,binomial,binomial,,द्विपद
BISECT,bisect,bisect,,द्विविभाजित करना
BIT,bit,bit,,अंश
BITCOUNT,bitcount,bitcount,,बिटकाउंट
BITFIELD,bitfield,bitfield,,बिटफ़ील्ड
BITLENGTH,bitlength,bitlength,,बिटलेंथ
BITMAP,bitmap,bitmap,,बिटमैप
BITS,bits,bits,,बिट्स
BLAKE,blake,blake,,ब्लेक
BLOCK,block,blok,,अवरोध पैदा करना
BLOCKFINDER,blockfinder,blokfindxr,,ब्लॉकफाइंडर
BLOCKING,blocking,bloking,,अवरुद्ध
BLOCKS,blocks,bloks,,ब्लाकों
BOB,bob,bob,,बीओबी
BOBREDIVICOM,bobrediwicom,bobrediwicom,,बोब्रेडिविकॉम
BODY,body,body,,शरीर
BOOL,bool,bool,,बूल
BOOLEAN,boolean,boolean,,बूलियन
BOOLKEY,boolkey,boolkey,,बूलकी
BOTH,both,both,,दोनों
BOTTOM,bottom,bottom,,तल
BOUND,bound,bound,,अवश्यंभावी
BREAKPOINT,breakpoint,breakpoint,,ब्रेकपाइंट
BROWSE,browse,browse,,ब्राउज़
BROWSER,browser,browsxr,,ब्राउज़र
BSIZE,bsize,bsize,,आकार
BUFFER,buffer,buffxr,,बफर
BUFFERFALSE,bufferfalse,buffxrfalse,,बफरझूठा
BUFFERFLAGS,bufferflags,buffxrflags,,बफ़रफ़्लैग
BUFFERING,buffering,buffxring,,बफ़र हो
BUFFERNONE,buffernone,buffxrnone,,बफ़रनोन
BUFFERS,buffers,buffxrs,,बफ़र्स
BUFSIZE,bufsize,bufsize,,बफ़साइज़
BUILD,build,build,,निर्माण
BUILT,built,built,,बनाना
BUILTIN,builtin,builtin,,अंतर्निहित
BUILTINS,builtins,builtins,,भवन
BUILTINSDICT,builtinsdict,builtinsdict,,बिल्डिंगडिक्ट
BUILTINSINT,builtinsint,builtinsint,,बिल्डिंगसिंट
BUNDLED,bundled,bundled,,बंडल
BURNETTE,burnette,burnette,,बर्नेट
BYTE,byte,byte,,बाइट
BYTEARRAY,bytearray,bytearray,,बाइटएरेरे
BYTECODE,bytecode,bytecode,,बाईटकोड
BYTEORDER,byteorder,byteordxr,,बाइटऑर्डर
BYTEORDERBIG,byteorderbig,byteordxrbig,,बाइटऑर्डरबिग
BYTES,bytes,bytes,,बाइट्स
BYTESLIKE,byteslike,byteslike,,बाइट्सलाइक
CACHE,cache,cache,,कैश
CACHED,cached,cached,,कैश की गई
CACHES,caches,caches,,कैश
CALCULATE,calculate,calculate,,की गणना
CALLABLE,callable,callable,,प्रतिदेय
CALLABLES,callables,callables,,कॉलबल्स
CALLBACK,callback,callbak,,वापस बुलाओ
CALLED,called,called,,बुलाया
CALLER,caller,callxr,,कोलर
CALLERS,callers,callxrs,,कॉल
CALLING,calling,calling,,बुला
CALLS,calls,calls,,कॉल
CAME,came,came,,आया
CANDIDATE,candidate,candidate,,उम्मीदवार
CANNOT,cannot,cannot,,नही सकता
CANT,cant,cant,,नहीं कर सकता
CAP,cap,cap,,टोपी
CAPITALIZE,capitalize,capitalize,,मूल बनाना
CAPITALIZED,capitalized,capitalized,,बड़ा कर दिया है
CAPTURE,capture,capture,,कब्जा
CAPTURING,capturing,capturing,,वश में कर लेना
CAPWORDSS,capwordss,capwordss,,कैपवर्डएसएस
CARE,care,care,,देखभाल
CAREFUL,careful,careful,,सावधान
CARRIED,carried,carried,,ले जाया गया
CARRY,carry,carry,,ढोना
CARRYING,carrying,carrying,,ले जाने के
CASE,case,case,,मामला
CASEFIX,casefix,casefix,,केसफिक्स
CASES,cases,cases,,मामलों
CATEGORIES,categories,categories,,श्रेणियाँ
CATER,cater,catxr,,पूरा
CAUGHT,caught,caught,,पकड़ा गया
CAUSE,cause,cause,,कारण
CAUSED,caused,caused,,कारण
CAUSING,causing,causing,,के कारण
CAUTION,caution,caution,,सावधानी
CCAALLLLSELF,ccaallllself,ccaallllself,,CCAALLLLSELF
CCAAUUSSEE,ccaauussee,ccaauussee,,CCAAUUSSEE
CCBBRRTTX,ccbbrrttx,ccbbrrttx,,CCBBRRTTX
CCEEIILLSELF,cceeiillself,cceeiillself,,सीसीईईआईएलस्वयं
CCEEIILLX,cceeiillx,cceeiillx,,सीसीईईआईएलएक्स
CCLEAR,cclear,cclear,,CCleaner
CCLLOOSSEEFD,cclloosseefd,cclloosseefd,,CCLLOOSSEED
CCOOMMBBN,ccoommbbn,ccoommbbn,,CCOOMMBBN
CCOOPPYY,ccooppyy,ccooppyy,,CCOOPPYY
CCOOPPYYSELF,ccooppyyself,ccooppyyself,,खुद को खुश करो
CCOOSSHHX,ccoosshhx,ccoosshhx,,CCOOSSHHX
CCOOSSX,ccoossx,ccoossx,,CCOOSSX
CCUURRDDIIRR,ccuurrddiirr,ccuurrddiirr,,CCUURRDDIIRR
CEILING,ceiling,ceiling,,छत
CELEM,celem,celem,,सेलेम
CELL,cell,cell,,कक्ष
CELLS,cells,cells,,कोशिकाओं
CENTERED,centered,centxred,,केन्द्रित
CERTAIN,certain,cxrtain,,निश्चित
CHAIN,chain,chain,,जंजीर
CHAINMAP,chainmap,chainmap,,चेनमैप
CHAINMAPMAPS,chainmapmaps,chainmapmaps,,चेनमैपमैप्स
CHAINS,chains,chains,,जंजीरों
CHAMBERLAIN,chamberlain,chambxrlain,,CHAMBERLAIN
CHANCE,chance,chance,,मौका
CHANGE,change,change,,परिवर्तन
CHANGED,changed,changed,,बदल गया
CHANGES,changes,changes,,परिवर्तन
CHANNEL,channel,channel,,चैनल
CHANNELS,channels,channels,,चैनल
CHAPTER,chapter,chaptxr,,अध्याय
CHAR,char,char,,चार
CHARACTER,character,charactxr,,चरित्र
CHARACTERS,characters,charactxrs,,अक्षर
CHARSNONE,charsnone,charsnone,,चार्सनोन
CHECK,check,chek,,जाँच करना
CHECKED,checked,cheked,,जाँच
CHECKPOINT,checkpoint,chekpoint,,चेकप्वाइंट
CHILD,child,child,,बच्चा
CHILDREN,children,children,,बच्चे
CHILDRENUSER,childrenuser,childrenusxr,,बच्चों का उपयोक्ता
CHMOD,chmod,chmod,,सीएचएमओडी
CHMODPATH,chmodpath,chmodpath,,CHMODPATH
CHOICES,choices,choices,,विकल्प
CHOICESNONE,choicesnone,choicesnone,,विकल्पकोई नहीं
CHOOSE,choose,choose,,चुनना
CHUNK,chunk,chunk,,टुकड़ा
CIRCULAR,circular,circular,,परिपत्र
CLASS,class,class,,कक्षा
CLASSES,classes,classes,,कक्षाओं
CLASSMETHOD,classmethod,classmethod,,क्लास विधि
CLASSS,classs,classs,,कक्षा
CLASSWIDE,classwide,classwide,,कक्षाव्यापी
CLAUSE,clause,clause,,खंड
CLEAN,clean,clean,,साफ
CLEANUP,cleanup,cleanup,,साफ - सफाई
CLEAR,clear,clear,,स्पष्ट
CLEARED,cleared,cleared,,को मंजूरी दे दी
CLIENT,client,client,,ग्राहक
CLOSE,close,close,,बंद करना
CLOSED,closed,closed,,बंद किया हुआ
CLOSEDTRUE,closedtrue,closedtrue,,बंदसच
CLOSEONEXE,closeonexe,closeonexe,,क्लोज़नेक्स
CLOSES,closes,closes,,बंद कर देता है
CLOSEST,closest,closest,,निकटतम
CLOSING,closing,closing,,समापन
CLOSURE,closure,closure,,बंद
CLOSUREVARS,closurewars,closuriyuars,,क्लोजरवर्स
CLS,cls,cls,,सीएलएस
CLSNONE,clsnone,clsnone,,CLSNONE
CMEXCEPTION,cmexception,cmexception,,CMअपवाद
CMOSTCOMMON,cmostcommon,cmostcommon,,CMOSTCOMMON
CMWARNING,cmwarning,cmwarning,,सीएमचेतावनी
COARGCOUNT,coargcount,coargcount,,COARGCOUNT
COCELLVARS,cocellwars,cocellwars,,कोसेलवर्स
COCODE,cocode,cocode,,COCODE
COCONSTS,coconsts,coconsts,,COCONSTS
CODE,code,code,,कोड
CODECON,codecon,codecon,,कोडकॉन
CODECONTEXT,codecontext,codecontext,,कोडसंदर्भ
CODECS,codecs,codecs,,कोडेक्स
CODES,codes,codes,,कोड
COEFFICIENT,coefficient,coefficient,,गुणक
COFILENAME,cofilename,cofilename,,कोफ़ाइलनाम
COFLAGS,coflags,coflags,,कॉफ़्लाग्स
COFREEVARS,cofreewars,cofreiyuars,,सहमुक्तिवासी
COLINES,colines,colines,,कॉलिन्स
COLLECTING,collecting,collecting,,एकत्र
COLLECTION,collection,collection,,संग्रह
COLLECTIONS,collections,collections,,संग्रह
COLNO,colno,colno,,कोलनो
COLNOTAB,colnotab,colnotab,,कोलनोटैब
COLOR,color,color,,रंग
COLORTRUE,colortrue,colortrue,,रंगरूट
COLUMN,column,column,,स्तंभ
COLUMNS,columns,columns,,कॉलम
COMBINE,combine,combine,,मिलाना
COMBINED,combined,combined,,संयुक्त
COMMA,comma,comma,,अल्पविराम
COMMAND,command,command,,आज्ञा
COMMANDLINE,commandline,commandline,,कमांडलाइन
COMMENT,comment,comment,,टिप्पणी
COMMENTS,comments,comments,,टिप्पणियाँ
COMMON,common,common,,सामान्य
COMPACT,compact,compact,,कॉम्पैक्ट
COMPARE,compare,compare,,तुलना करना
COMPARED,compared,compared,,तुलना
COMPARES,compares,compares,,तुलना
COMPARING,comparing,comparing,,की तुलना
COMPATIBLE,compatible,compatible,,अनुकूल
COMPILATION,compilation,compilation,,संकलन
COMPILE,compile,compile,,संकलन
COMPILED,compiled,compiled,,संकलित
COMPILER,compiler,compilxr,,संकलक
COMPLEMENT,complement,complement,,पूरक
COMPLETE,complete,complete,,पूरा
COMPLETED,completed,completed,,पुरा होना
COMPLETION,completion,completion,,समापन
COMPLEX,complex,complex,,जटिल
COMPLIANCE,compliance,compliance,,अनुपालन
COMPLIANT,compliant,compliant,,अनुपालन
COMPONENT,component,component,,अवयव
COMPONENTS,components,components,,अवयव
COMPOSITE,composite,composite,,कम्पोजिट
COMPUTE,compute,compute,,गणना
COMPUTED,computed,computed,,गणना
CONAME,coname,coname,,CONAME
CONAMES,conames,conames,,कॉनम्स
CONCATENATE,concatenate,concatenate,,CONCATENATE
CONDITION,condition,condition,,स्थिति
CONFIG,config,config,,कॉन्फ़िग
CONFIGURE,configure,configure,,कॉन्फ़िगर
CONFIGURED,configured,configured,,कॉन्फ़िगर किया गया
CONFLICTS,conflicts,conflicts,,संघर्ष
CONJUGATE,conzugate,conzugate,,संयुग्म
CONLOCALS,conlocals,conlocals,,CONLOCALS
CONNECTED,connected,connected,,जुड़े हुए
CONNECTION,connection,connection,,कनेक्शन
CONSECUTIVE,consecutiwe,consecutiwe,,लगातार
CONSIDERED,considered,considxred,,माना
CONSIST,consist,consist,,निहित होना
CONSISTENT,consistent,consistent,,सुसंगत
CONSISTING,consisting,consisting,,सम्मिलित
CONSOLE,console,console,,सांत्वना देना
CONST,const,const,,कॉन्स्ट
CONSTANTS,constants,constants,,स्थिरांक
CONSTNONE,constnone,constnone,,कॉन्स्टनोन
CONSTRUCT,construct,construct,,CONSTRUCT
CONSTRUCTED,constructed,constructed,,निर्माण
CONSTRUCTION,construction,construction,,निर्माण
CONSTRUCTOR,constructor,constructor,,निर्माता
CONSTRUCTS,constructs,constructs,,निर्माणों
CONSULT,consult,consult,,परामर्श लें
CONSULTING,consulting,consulting,,CONSULTING
CONSUME,consume,consume,,उपभोग करना
CONSUMED,consumed,consumed,,ग्रहण किया हुआ
CONSUMES,consumes,consumes,,खपत
CONTAIN,contain,contain,,रोकना
CONTAINED,contained,contained,,निहित
CONTAINER,container,containxr,,CONTAINER
CONTAINERS,containers,containxrs,,कंटेनरों
CONTAINING,containing,containing,,युक्त
CONTAINS,contains,contains,,रोकना
CONTENTS,contents,contents,,अंतर्वस्तु
CONTEXT,context,context,,प्रसंग
CONTEXTUAL,contextual,contextual,,प्रासंिगक
CONTINGENT,contingent,contingent,,आकस्मिक
CONTINUE,continue,continue,,जारी रखना
CONTRAST,contrast,contrast,,अंतर
CONTROL,control,control,,नियंत्रण
CONTROLLER,controller,controllxr,,नियंत्रक
CONTROLS,controls,controls,,को नियंत्रित करता है
CONVENIENCE,conwenience,conwenience,,सुविधा
CONVENIENT,conwenient,conwenient,,सुविधाजनक
CONVENIENTLY,conweniently,conweniently,,आसानी से
CONVENTIONAL,conwentional,conwentional,,पारंपरिक
CONVERSION,conwersion,conwxrsion,,परिवर्तन
CONVERSIONS,conwersions,conwxrsions,,रूपांतरण
CONVERT,conwert,conwxrt,,बदलना
CONVERTED,conwerted,conwxrted,,परिवर्तित
CONVERTER,conwerter,conwxrtxr,,कन्वर्टर
CONVERTING,conwerting,conwxrting,,परिवर्तित
COORDINATES,coordinates,coordinates,,COORDINATES
COPIED,copied,copied,,की नकल की
COPOSITIONS,copositions,copositions,,रचनाएँ
COPY,copy,copy,,कॉपी
COPYRIGHT,copyright,copyright,,कॉपीराइट
COPYSELF,copyself,copyself,,स्वयं की प्रतिलिपि बनाएँ
COPYSIGN,copysign,copysign,,प्रतिहस्ताक्षर
COQUALNAME,cokualname,cokualname,,COQUALNAME
CORE,core,core,,मुख्य
COROCLOSED,coroclosed,coroclosed,,कोरोक्लोज्ड
COROCREATED,corocreated,corocreated,,सहनिर्मित
CORORUNNING,cororunning,cororunning,,कोरोरनिंग
COROUTINE,coroutine,coroutine,,कोरआउटिन
COSINE,cosine,cosine,,कोज्या
COSTACKSIZE,costacksize,costaksize,,लागत-आकार
COUNT,count,count,,गिनती करना
COUNTER,counter,countxr,,विरोध करना
COUNTERA,countera,countxra,,काउंटरेरा
COUNTERABBB,counterabbb,countxrabbb,,काउंटरएबीबी
COUNTERABBBC,counterabbbc,countxrabbbc,,काउंटरएबीबीबीसी
COUNTERB,counterb,countxrb,,काउंटरब
COUNTERBCC,counterbcc,countxrbcc,,काउंटरबीसीसी
COUNTERBCCD,counterbccd,countxrbccd,,काउंटरबीसीसीडी
COUNTERS,counters,countxrs,,काउंटरों
COUNTERWATCH,counterwatch,countxrwatch,,काउंटरवॉच
COUNTERWHICH,counterwhich,countxrwhich,,काउंटरव्हिच
COUNTING,counting,counting,,गिनती
COUNTS,counts,counts,,मायने रखता है
COUPLE,couple,couple,,युगल
COURSE,course,course,,अवधि
COVARNAMES,cowarnames,cowarnames,,कोवर्नाम
CPROGRAM,cprogram,cprogram,,सीप्रोग्राम
CPUS,cpus,cpus,,सीपीयूएस
CPYTHON,cpython,cpython,,सीपीथॉन
CPYTHONLIB,cpythonlib,cpythonlib,,सीपीथॉनलिब
CRASHING,crashing,crashing,,दुर्घटनाग्रस्त
CREATE,create,create,,बनाएं
CREATED,created,created,,बनाया था
CREATEDF,createdf,createdf,,बनाया गया
CREATES,creates,creates,,बनाता है
CREATING,creating,creating,,सृजन
CREATION,creation,creation,,निर्माण
CREATOR,creator,creator,,निर्माता
CRITERIA,criteria,critxria,,मानदंड
CRITICAL,critical,critical,,गंभीर
CRORIGIN,crorigin,crorigin,,क्रोरिगिन
CSTIME,cstime,cstime,,सी.एस.टी.ई.एम
CSV,csw,csw,,सीएसवी
CSVERROR,cswerror,cswxrror,,CSVERROR
CSVEXCEL,cswexcel,cswexcel,,CSVEXCEL
CSVQUOTEALL,cswkuoteall,cswkuoteall,,CSVquoteall
CSVQUOTENONE,cswkuotenone,cswkuotenone,,CSVquotenone
CTIME,ctime,ctime,,सीटाइम
CUBE,cube,cube,,घनक्षेत्र
CUPDATED,cupdated,cupdated,,कपडेटेड
CUPDATEWITCH,cupdatewitch,cupdatiyuitch,,कपडेटविच
CURDIR,curdir,curdir,,दही
CURRENT,current,current,,मौजूदा
CURRENTFRAME,currentframe,currentframe,,वर्तमानफ़्रेम
CURRENTLY,currently,currently,,वर्तमान में
CUSTOM,custom,custom,,रिवाज़
CUSTOMIZE,customize,customize,,अनुकूलित करें
CUSTOMIZED,customized,customized,,अनुकूलित
CUTIME,cutime,cutime,,समय
CVS,cws,cws,,सीवीएस
CWD,cwd,cwd,,सीडब्ल्यूडी
CWDNONE,cwdnone,cwdnone,,CWDNONE
CYCLE,cycle,cycle,,चक्र
DAMAGE,damage,damage,,हानि
DAMAGES,damages,damages,,क्षतियों
DATA,data,data,,डेटा
DATATYPE,datatype,datatype,,डेटा प्रकार
DATATYPES,datatypes,datatypes,,डेटा के प्रकार
DATE,date,date,,तारीख
DATEFMT,datefmt,datefmt,,DATEFMT
DATEFMTNONE,datefmtnone,datefmtnone,,DATEFMTNONE
DATETIME,datetime,datetime,,दिनांक समय
DATETIMEDATE,datetimedate,datetimedate,,दिनांक समय दिनांक
DATETIMETIME,datetimetime,datetimetime,,दिनांकसमयसमय
DATETIMEYEAR,datetimeyear,datetimeyear,,दिनांकसमयवर्ष
DATEYEAR,dateyear,dateyear,,दिनांकवर्ष
DAYS,days,days,,दिन
DAYTODAY,daytoday,daytoday,,दिन प्रतिदिन
DAYUNCHANGED,dayunchanged,dayunchanged,,दिन बदल गया
DCLEAR,dclear,dclear,,डीक्लियर
DCOPY,dcopy,dcopy,,डीकॉपी
DCT,dct,dct,,डीसीटी
DCTIMAG,dctimag,dctimag,,DCTIMAG
DDAATTAA,ddaattaa,ddaattaa,,ददात्ता
DDAATTEE,ddaattee,ddaattee,,ददात्ती
DDAATTEESELF,ddaatteeself,ddaatteeself,,Dदातास्वयं
DDAAYY,ddaayy,ddaayy,,ददयय
DDAAYYSS,ddaayyss,ddaayyss,,DDAAYYSS
DDEEBBUUGG,ddeebbuugg,ddeebbuugg,,DDEEBBUUGG
DDEECCOODDEE,ddeeccooddee,ddeeccooddee,,डीडीईकूडीडी
DDEELLSELF,ddeellself,ddeellself,,DDEELLSELF
DDIICCTT,ddiicctt,ddiicctt,,डीडीआईआईसीसीटीटी
DDIIGGIITTSS,ddiiggiittss,ddiiggiittss,,DDIIGGIITTSS
DDIIRR,ddiirr,ddiirr,,डीडीआईआईआरआर
DDIIRRSELF,ddiirrself,ddiirrself,,DDIIRRSELF
DDIISSTTP,ddiissttp,ddiissttp,,DDIISSTTP
DDOOTTAALLLL,ddoottaallll,ddoottaallll,,DDOOTTAALLLL
DDSSTTSELF,ddssttself,ddssttself,,DDSSTTSELF
DDUUMMPP,dduummpp,dduummpp,,DDUUMMPP
DDUUMMPPSS,dduummppss,dduummppss,,DDUUMMPPSS
DDUUPPFD,dduuppfd,dduuppfd,,DDUUPPFD
DEACTIVATE,deactiwate,deactiwate,,निष्क्रिय करें
DEBUG,debug,debug,,डीबग
DEBUGFALSE,debugfalse,debugfalse,,डिबगफ़ैल्स
DEBUGGER,debugger,debuggxr,,डिबगर
DEBUGGING,debugging,debugging,,डिबगिंग
DECIMAL,decimal,decimal,,दशमलव
DECODE,decode,decode,,डीकोड
DECODED,decoded,decoded,,डीकोड
DECODER,decoder,decodxr,,कूटवाचक
DECODERS,decoders,decodxrs,,डिकोडर
DECODING,decoding,decoding,,डिकोडिंग
DECORATOR,decorator,decorator,,डेकोरेटर
DECORATORS,decorators,decorators,,सज्जाकार
DEEMED,deemed,deemed,,मानना
DEF,def,def,,डीईएफ़
DEFAULT,default,default,,गलती करना
DEFAULTCLASS,defaultclass,defaultclass,,डिफॉल्टक्लास
DEFAULTDICT,defaultdict,defaultdict,,डिफॉल्टडिक्ट
DEFAULTDICTS,defaultdicts,defaultdicts,,डिफॉल्टडिक्ट्स
DEFAULTNONE,defaultnone,defaultnone,,डिफॉल्टनोन
DEFAULTOBJ,defaultobz,defaultobz,,डिफॉल्टओबीजे
DEFAULTS,defaults,defaults,,चूक
DEFAULTSELF,defaultself,defaultself,,डिफ़ॉल्टस्वयं
DEFAULTSNONE,defaultsnone,defaultsnone,,डिफॉल्ट्सनोन
DEFINE,define,define,,परिभाषित करना
DEFINED,defined,defined,,परिभाषित
DEFINES,defines,defines,,को परिभाषित करता है
DEFINING,defining,defining,,परिभाषित
DEFINITION,definition,definition,,परिभाषा
DEGREES,degrees,degrees,,डिग्री
DEL,del,del,,डेल
DELAY,delay,delay,,देरी
DELAYFALSE,delayfalse,delayfalse,,देरीझूठा
DELEGATE,delegate,delegate,,प्रतिनिधि
DELETE,delete,delete,,मिटाना
DELETED,deleted,deleted,,हटाए गए
DELETIONS,deletions,deletions,,हटाए
DELIBERATELY,deliberately,delibxrately,,जान-बूझकर
DELIMITER,delimiter,delimitxr,,परिसीमक
DELTA,delta,delta,,डेल्टा
DELTANONE,deltanone,deltanone,,डेल्टानोन
DENOMINATOR,denominator,denominator,,भाजक
DEPENDENT,dependent,dependent,,आश्रित
DEPENDING,depending,depending,,निर्भर करता है
DEPENDS,depends,depends,,निर्भर करता है
DEPRECATED,deprecated,deprecated,,बहिष्कृत किया गया
DEPTH,depth,depth,,गहराई
DEQUE,dekue,dekue,,डेक
DEQUES,dekues,dekues,,DEQUES
DERIVED,deriwed,dxriwed,,व्युत्पन्न
DESCENDANT,descendant,descendant,,वंशज
DESCENDANTS,descendants,descendants,,वंशज
DESCRIBE,describe,describe,,वर्णन करना
DESCRIBED,described,described,,बताया गया है
DESCRIBES,describes,describes,,वर्णन करता है
DESCRIBING,describing,describing,,का वर्णन
DESCRIPTION,description,description,,विवरण
DESCRIPTIONS,descriptions,descriptions,,विवरण
DESCRIPTOR,descriptor,descriptor,,वर्णनकर्ता
DESCRIPTORS,descriptors,descriptors,,वर्णनकर्ता
DESERIALIZE,deserialize,desxrialize,,deserialize
DESIRED,desired,desired,,इच्छित
DEST,dest,dest,,गंतव्य
DESTINATION,destination,destination,,गंतव्य
DESTINATIONS,destinations,destinations,,गंतव्यों
DETAIL,detail,detail,,विवरण
DETAILS,details,details,,विवरण
DETECT,detect,detect,,पता लगाना
DETECTION,detection,detection,,का पता लगाने
DETERMINE,determine,detxrmine,,ठानना
DETERMINED,determined,detxrmined,,दृढ़ निश्चय वाला
DETERMINES,determines,detxrmines,,निर्धारित करता है
DEV,dew,diyu,,देव
DEVELOPER,dxwxloper,dxwxlopxr,,डेवलपर
DEVICE,dewice,diyuice,,उपकरण
DEVNULL,dewnull,diyunull,,DEVNULL
DGETKD,dgetkd,dgetkd,,डीजीईटीकेडी
DIALECT,dialect,dialect,,बोली
DIALECTEXCEL,dialectexcel,dialectexcel,,डायलेक्टएक्सेल
DIALECTS,dialects,dialects,,बोलियों
DICT,dict,dict,,DICT
DICTDELITEM,dictdelitem,dictdelitem,,dictdelitem
DICTGET,dictget,dictget,,तानाशाही
DICTIONARIES,dictionaries,dictionaries,,शब्दकोश:
DICTIONARY,dictionary,dictionary,,शब्दकोष
DICTIONARYS,dictionarys,dictionarys,,शब्दकोशों
DICTLIKE,dictlike,dictlike,,तानाशाही जैसा
DICTNONE,dictnone,dictnone,,डिक्टनोन
DICTPV,dictpw,dictpw,,DICTPV
DICTREADER,dictreader,dictreadxr,,डिकट्रेडर
DICTS,dicts,dicts,,उपदेश
DICTUPDATE,dictupdate,dictupdate,,तानाशाही
DICTWRITER,dictwriter,dictwritxr,,तानाशाह
DIFF,diff,diff,,अंतर
DIFFER,differ,diffxr,,अलग होना
DIFFERENCE,difference,diffxrence,,अंतर
DIFFERENCES,differences,diffxrences,,मतभेद
DIFFERENT,different,diffxrent,,अलग
DIFFLIB,difflib,difflib,,डिफ़्लिब
DIGIT,digit,digit,,अंक
DIGITS,digits,digits,,अंक
DIMENSION,dimension,dimension,,आयाम
DIMENSIONAL,dimensional,dimensional,,आयामी
DIRCLS,dircls,dircls,,DIRCLS
DIRECT,direct,direct,,प्रत्यक्ष
DIRECTLY,directly,directly,,सीधे
DIRECTORIES,directories,directories,,निर्देशिका
DIRECTORY,directory,directory,,निर्देशिका
DIRENTRY,direntry,direntry,,दिरेंट्री
DIRFD,dirfd,dirfd,,डीआईआरएफडी
DIRFDNONE,dirfdnone,dirfdnone,,DIRFDNONE
DIRNAMES,dirnames,dirnames,,dirnames
DIRPATH,dirpath,dirpath,,दिरपथ
DIRS,dirs,dirs,,डीआईआरएस
DISABLE,disable,disable,,अक्षम करना
DISAGREE,disagree,disagree,,असहमत
DISASTER,disaster,disastxr,,आपदा
DISCLAIMER,disclaimer,disclaimxr,,अस्वीकरण
DISCLAIMS,disclaims,disclaims,,अस्वीकार करता है
DISCOVER,discower,discowxr,,खोज करना
DISCOVERED,discowered,discowxred,,पता चला
DISCOVERY,discowery,discowxry,,खोज
DISK,disk,disk,,डिस्क
DISPATCH,dispatch,dispatch,,प्रेषण
DISPLAYED,displayed,displayed,,दिखाया
DISPLAYHOOK,displayhook,displayhook,,डिस्प्लेहुक
DISPLAYING,displaying,displaying,,दिखा रहा
DISPLAYS,displays,displays,,प्रदर्शित करता है
DISTANCE,distance,distance,,दूरी
DITEMS,ditems,ditems,,DITEMS
DIVISOR,diwisor,diwisor,,भाजक
DIVMODSELF,diwmodself,diwmodself,,डिवमोडसेल्फ
DIVMODVALUE,diwmodwalue,diwmodwalue,,डिवमोडवैल्यू
DKD,dkd,dkd,,डीकेडी
DKEYS,dkeys,dkeys,,DKEYS
DLL,dll,dll,,डीएलएल
DLLHANDLE,dllhandle,dllhandle,,DLLहैंडल
DLLS,dlls,dlls,,डीएलएलएस
DLOPEN,dlopen,dlopen,,डलोपेन
DOC,doc,doc,,डॉक्टर
DOCS,docs,docs,,डॉक्स
DOCSTRING,docstring,docstring,,डॉकस्ट्रिंग
DOCSTRINGS,docstrings,docstrings,,डॉकस्ट्रिंग्स
DOCUMENT,document,document,,दस्तावेज़
DOCUMENTS,documents,documents,,दस्तावेजों
DOES,does,does,,करता है
DOESNT,doesnt,doesnt,,does not है
DOING,doing,doing,,कर रहा है
DOMAIN,domain,domain,,कार्यक्षेत्र
DONE,done,done,,हो गया
DONT,dont,dont,,नहीं
DOS,dos,dos,,डॉस
DOSOMETHING,dosomething,dosomething,,कुछ करना
DOTALL,dotall,dotall,,डॉटॉल
DOTTED,dotted,dotted,,छितराया हुआ
DOUBLE,double,double,,दोहरा
DOUBLEQUOTE,doublekuote,doublekuote,,दोहरा उद्धरण
DOUBT,doubt,doubt,,संदेह
DPOPITEM,dpopitem,dpopitem,,डीपीओपीआईटीईएम
DPOPKD,dpopkd,dpopkd,,डीपीओपीकेडी
DRIVE,driwe,driwe,,गाड़ी चलाना
DRIVES,driwes,driwes,,ड्राइव
DROP,drop,drop,,बूँद
DST,dst,dst,,डीएसटी
DSTDIRFD,dstdirfd,dstdirfd,,डीएसटीडीआईआरएफडी
DSTDIRFDNONE,dstdirfdnone,dstdirfdnone,,DSTDIRFDNONE
DUCK,duck,duk,,बत्तख
DUCKTYPING,ducktyping,duktyping,,डकटाइपिंग
DUMP,dump,dump,,गंदी जगह
DUMPS,dumps,dumps,,उदासीनता
DUPDATEE,dupdatee,dupdatee,,डुडेटी
DUPLICATE,duplicate,duplicate,,डुप्लीकेट
DURATION,duration,duration,,अवधि
DURING,during,during,,दौरान
DVALUES,dwalues,dwalues,,Dमूल्य
DYNAMIC,dynamic,dynamic,,गतिशील
DYNAMICALLY,dynamically,dynamically,,गतिशील
EARLIER,earlier,earlixr,,पहले
EARLY,early,early,,जल्दी
EASIER,easier,easixr,,आसान
EAST,east,east,,पूर्व
EASY,easy,easy,,आसान
ECHO,echo,echo,,गूंज
ECMA,ecma,ecma,,ऐक्मा
EDITION,edition,edition,,संस्करण
EEMMIITTSELF,eemmiittself,eemmiittself,,ईम्मिट्सेल्फ़
EEMMPPTTYY,eemmppttyy,eemmppttyy,,EEMMPPTTYY
EENNDDPPOOSS,eennddppooss,eennddppooss,,EENNDDPPOOSS
EENNDDSELF,eennddself,eennddself,,EENNDDSELF
EEQQSELF,eekkself,eekkself,,EEQQस्वयं
EERRFFCCX,eerrffccx,exrrffccx,,EERRFFCCX
EERRFFX,eerrffx,exrrffx,,EERRFFX
EERRRRNNOO,eerrrrnnoo,exrrrrnnoo,,ERRRNNOO
EERRRROORR,eerrrroorr,exrrrroorr,,ईर्रर्रूरर्र
EEXXIITTSELF,eexxiittself,eexxiittself,,EEXXIITTSELF
EEXXOOKK,eexxookk,eexxookk,,EEXXOOKK
EEXXPPMMX,eexxppmmx,eexxppmmx,,EEXXPPMMX
EEXXPPX,eexxppx,eexxppx,,EEXXPPX
EEXXTTSSEEPP,eexxttsseepp,eexxttsseepp,,EEXXTTSSEEPP
EFFECT,effect,effect,,प्रभाव
EFFECTIVE,effectiwe,effectiwe,,असरदार
EFFECTIVEIDS,effectiweids,effectiweids,,प्रभावशाली आईडीएस
EFFECTIVELY,effectiwely,effectiwely,,प्रभावी रूप से
EITHER,either,eithxr,,दोनों में से एक
EKEYS,ekeys,ekeys,,EKEYS
ELAPSED,elapsed,elapsed,,बीत गया
ELAPSEDTIME,elapsedtime,elapsedtime,,बीता हुआ समय
ELEM,elem,elem,,ELEM
ELEMENT,element,element,,तत्व
ELEMENTS,elements,elements,,तत्वों
ELIMINATE,eliminate,eliminate,,हटाना
ELSE,else,else,,अन्य
EMBEDDED,embedded,embedded,,अंतर्निहित
EMISSION,emission,emission,,उत्सर्जन
EMIT,emit,emit,,फेंकना
EMITTED,emitted,emitted,,उत्सर्जित
EMPTY,empty,empty,,खाली
ENABLE,enable,enable,,सक्षम
ENABLED,enabled,enabled,,सक्षम
ENABLES,enables,enables,,सक्षम बनाता है
ENCAPSULATES,encapsulates,encapsulates,,समाहित
ENCLOSED,enclosed,enclosed,,संलग्न करना
ENCODABLE,encodable,encodable,,एन्कोडेबल
ENCODE,encode,encode,,एन्कोड
ENCODED,encoded,encoded,,इनकोडिंग
ENCODER,encoder,encodxr,,एनकोडर
ENCODERS,encoders,encodxrs,,इनकोडर्स
ENCODING,encoding,encoding,,एन्कोडिंग
ENCODINGNONE,encodingnone,encodingnone,,एनकोडिंगनोन
ENCODINGUTF,encodingutf,encodingutf,,एन्कोडिंगUTF
ENCOUNTERED,encountered,encountxred,,का सामना
END,end,end,,अंत
ENDED,ended,ended,,समाप्त
ENDOFBLOCK,endofblock,endofblok,,एंडोफ़ब्लॉक
ENDPOINTS,endpoints,endpoints,,अंतिमबिंदुओं
ENDPOS,endpos,endpos,,ENDPOS
ENFORCED,enforced,enforced,,से लागू
ENGINE,engine,engine,,इंजन
ENHANCEMENTS,enhancements,enhancements,,संवर्द्धन
ENOUGH,enough,enough,,पर्याप्त
ENSURE,ensure,ensure,,सुनिश्चित करना
ENSUREASCII,ensureascii,ensureascii,,सुनिश्चित करना II
ENSURES,ensures,ensures,,सुनिश्चित करता है
ENTER,enter,entxr,,प्रवेश करना
ENTERCONTEXT,entercontext,entxrcontext,,मनोरंजन संदर्भ
ENTERS,enters,entxrs,,प्रवेश करती है
ENTIRE,entire,entire,,पूरा
ENTITIES,entities,entities,,"इकाइयां,"
ENTRIES,entries,entries,,प्रविष्टियां
ENTRY,entry,entry,,प्रवेश
ENTRYNAME,entryname,entryname,,प्रवेश नाम
ENTRYS,entrys,entrys,,प्रवेश
ENUM,enum,enum,,ENUM
ENUMENUM,enumenum,enumenum,,ENUMENUM
ENUMENUMTYPE,enumenumtype,enumenumtype,,ENUMENUMTYPE
ENUMERATION,enumeration,enumxration,,गणना
ENUMFLAG,enumflag,enumflag,,एनमफ्लैग
ENUMINTFLAG,enumintflag,enumintflag,,एनुमिंटफ़्लैग
ENUMREPRENUM,enumreprenum,enumreprenum,,एनुम्रेप्रेनम
ENV,enw,enw,,ईएनवी
ENVIRONMENT,enwironment,enwironment,,पर्यावरण
EPILOG,epilog,epilog,,उपसंहार
EPILOGNONE,epilognone,epilognone,,EPILOGNONE
EPOCH,epoch,epoch,,युग
EQUAL,ekual,ekual,,बराबर
EQUALITY,ekuality,ekuality,,समानता
EQUIVALENT,ekuiwalent,ekuiwalent,,समकक्ष
EQUIVALENTS,ekuiwalents,ekuiwalents,,समकक्ष
ERICH,erich,xrich,,एरिक
EROWCOL,erowcol,xrowcol,,एरोकोल
ERR,err,xrr,,ग़लती होना
ERRMSG,errmsg,xrrmsg,,ईआरआरएमएसजी
ERROR,error,xrror,,गलती
ERRORED,errored,xrrored,,त्रुटिपूर्ण
ERRORMESSAGE,errormessage,xrrormessage,,त्रुटि संदेश
ERRORMSG,errormsg,xrrormsg,,त्रुटियांजी
ERRORS,errors,xrrors,,त्रुटियों
ERRORSNONE,errorsnone,xrrorsnone,,त्रुटियाँनहीं
ERRORSSTRICT,errorsstrict,xrrorsstrict,,त्रुटिपूर्ण
ESCAPE,escape,escape,,पलायन
ESCAPECHAR,escapechar,escapechar,,एस्केपेचर
ESCAPED,escaped,escaped,,भाग गये
ESCAPES,escapes,escapes,,निकल जाता है
ESSENTIALLY,essentially,essentially,,अनिवार्य रूप से
ETC,etc,etc,,वगैरह
EUCLIDEAN,euclidean,euclidean,,इयूक्लिडियन
EVAL,ewal,iyual,,ईवीएएल
EVALSTR,ewalstr,iyualstr,,EVALSTR
EVALSTRFALSE,ewalstrfalse,iyualstrfalse,,Evalstrfalse
EVALUATED,ewaluated,iyualuated,,का मूल्यांकन
EVALUATES,ewaluates,iyualuates,,मूल्यांकन करता है
EVALUATION,ewaluation,iyualuation,,मूल्यांकन
EVEN,ewen,iwxn,,यहां तक ​​की
EVENT,ewent,iwxnt,,आयोजन
EVENTS,ewents,iwxnts,,घटनाएँ
EVERY,ewery,xwxry,,प्रत्येक
EXACT,exact,exact,,एकदम सही
EXACTLY,exactly,exactly,,बिल्कुल
EXAMINE,examine,examine,,परीक्षण करना
EXAMINED,examined,examined,,जांच की
EXAMINING,examining,examining,,की जांच
EXAMPLE,example,example,,उदाहरण
EXAMPLES,examples,examples,,उदाहरण
EXCEL,excel,excel,,एक्सेल
EXCELLENT,excellent,excellent,,उत्कृष्ट
EXCELTAB,exceltab,exceltab,,एक्सेलटैब
EXCEPT,except,except,,के अलावा
EXCEPTHOOK,excepthook,excepthook,,एक्सेप्टहुक
EXCEPTION,exception,exception,,अपवाद
EXCEPTIONS,exceptions,exceptions,,अपवाद
EXCINFO,excinfo,excinfo,,Excinfo
EXCINFOTRUE,excinfotrue,excinfotrue,,Excinfotrue
EXCLUDING,excluding,excluding,,को छोड़कर
EXCLUSIVE,exclusiwe,exclusiwe,,अनन्य
EXCTRACEBACK,exctraceback,exctracebak,,एक्स्ट्रासेबैक
EXCTYPE,exctype,exctype,,EXCTYPE
EXCVALUE,excwalue,excwalue,,बहिष्कृत मूल्य
EXECLEFILE,execlefile,execlefile,,EXECLEफ़ाइल
EXECLFILE,execlfile,execlfile,,EXECLफ़ाइल
EXECLPEFILE,execlpefile,execlpefile,,उदाहरण फ़ाइल
EXECLPFILE,execlpfile,execlpfile,,EXECLPफ़ाइल
EXECPREFIX,execprefix,execprefix,,EXECPREFIX
EXECUTABLE,executable,executable,,निष्पादन
EXECUTABLES,executables,executables,,निष्पादनयोग्य
EXECUTE,execute,execute,,निष्पादित करना
EXECUTED,executed,executed,,निष्पादित
EXECUTES,executes,executes,,कार्यान्वित
EXECUTING,executing,executing,,निष्पादित
EXECUTION,execution,execution,,कार्यान्वयन
EXECVPEFILE,execwpefile,execwpefile,,EXECVPEफ़ाइल
EXECVPFILE,execwpfile,execwpfile,,EXECVPफ़ाइल
EXERCISING,exercising,exxrcising,,व्यायाम
EXHAUSTED,exhausted,exhausted,,थका हुआ
EXIST,exist,exist,,अस्तित्व
EXISTENCE,existence,existence,,अस्तित्व
EXISTING,existing,existing,,मौजूदा
EXISTOK,existok,existok,,एक्सिस्टोक
EXISTOKFALSE,existokfalse,existokfalse,,EXISTOKFALSE
EXISTS,exists,exists,,मौजूद है
EXIT,exit,exit,,बाहर निकलना
EXITED,exited,exited,,बाहर निकल गया
EXITING,exiting,exiting,,बाहर निकल रहा है
EXITONERROR,exitonerror,exitonxrror,,एक्जिटोनरर
EXITS,exits,exits,,बाहर निकलता है
EXITTRUE,exittrue,exittrue,,बाहर निकलें
EXPANDED,expanded,expanded,,विस्तार
EXPANSION,expansion,expansion,,विस्तार
EXPECT,expect,expect,,अपेक्षा करना
EXPECTED,expected,expected,,अपेक्षित
EXPECTING,expecting,expecting,,उम्मीद
EXPLICIT,explicit,explicit,,मुखर यौन
EXPLICITLY,explicitly,explicitly,,स्पष्ट रूप से
EXPLORER,explorer,explorxr,,एक्सप्लोरर
EXPONENT,exponent,exponent,,प्रतिपादक
EXPORTS,exports,exports,,निर्यात
EXPOSES,exposes,exposes,,को उजागर करता है
EXPR,expr,expr,,EXPR
EXPRESSED,expressed,expressed,,व्यक्त
EXPRESSING,expressing,expressing,,जताते
EXPRESSION,expression,expression,,अभिव्यक्ति
EXPRESSIONS,expressions,expressions,,अभिव्यक्ति
EXPX,expx,expx,,EXPX
EXT,ext,ext,,EXT
EXTEND,extend,extend,,बढ़ाना
EXTENDED,extended,extended,,विस्तारित
EXTENSIBLE,extensible,extensible,,एक्स्टेंसिबल
EXTENSION,extension,extension,,विस्तार
EXTERNAL,external,extxrnal,,बाहरी
EXTERNALLY,externally,extxrnally,,बाह्य
EXTRA,extra,extra,,अतिरिक्त
EXTRACT,extract,extract,,निकालना
EXTRANEOUS,extraneous,extraneous,,बाहरी
EXTRANONE,extranone,extranone,,एक्स्ट्रानोन
FACT,fact,fact,,तथ्य
FACTORS,factors,factors,,कारकों
FACTORY,factory,factory,,कारखाना
FAIL,fail,fail,,असफल
FAILED,failed,failed,,असफल
FAILFASTNONE,failfastnone,failfastnone,,फ़ेलफ़स्टननोन
FAILS,fails,fails,,विफल रहता है
FAILURE,failure,failure,,असफलता
FAILUREERROR,failureerror,failurexrror,,विफलतात्रुटि
FAILURES,failures,failures,,विफलताएं
FALLS,falls,falls,,फॉल्स
FALSE,false,false,,असत्य
FAMILIAR,familiar,familiar,,परिचित
FASHION,fashion,fashion,,पहनावा
FAST,fast,fast,,तेज़
FAVAIL,fawail,fawail,,पसंदीदा
FBACK,fback,fbak,,एफबैक
FBAV,fbaw,fbaw,,एफबीएवी
FBFREE,fbfree,fbfree,,एफबीफ्री
FBLOCKS,fblocks,fbloks,,एफब्लॉक्स
FBSIZE,fbsize,fbsize,,एफबीआकार
FBUILTINS,fbuiltins,fbuiltins,,एफबिल्टिन्स
FCODE,fcode,fcode,,एफसीओडीई
FDHIGH,fdhigh,fdhigh,,FDHIGH
FDLOW,fdlow,fdlow,,FDLOW
FEATURE,feature,feature,,विशेषता
FEATURES,features,features,,विशेषताएँ
FEBRUARY,february,february,,फ़रवरी
FETCH,fetch,fetch,,लाना
FFAABBSSX,ffaabbssx,ffaabbssx,,एफएफएएबीबीएसएक्स
FFAAIILLSELF,ffaaiillself,ffaaiillself,,FFAAIILLSELF
FFAATTAALL,ffaattaall,ffaattaall,,FFAATTAALL
FFBBFFRREEEE,ffbbffrreeee,ffbbffrreeee,,एफएफबीबीएफएफआरआरईईई
FFBBSSIIZZEE,ffbbssiizzee,ffbbssiizzee,,एफएफबीबीएससिज्जी
FFFFFFRREEEE,ffffffrreeee,ffffffrreeee,,उफ़्फ़्फ़्फ़फ़्र्रीईईईईईईईईईईईईईईईईईईईईईईई
FFFFIILLEESS,ffffiilleess,ffffiilleess,,फ़फ़फ़िलीस
FFFFLLAAGG,ffffllaagg,ffffllaagg,,FFFFLLAAGG
FFFFSSIIDD,ffffssiidd,ffffssiidd,,एफएफएफएफएसएसआईडीडी
FFIIEELLDDSS,ffiieellddss,ffiieellddss,,FFIIEELLDDSS
FFIILLEE,ffiillee,ffiillee,,FFIILLEE
FFIINNDDSELF,ffiinnddself,ffiinnddself,,FFIINDDSELF
FFLLAAGGSS,ffllaaggss,ffllaaggss,,FFLLAAGGSS
FFLLOOOORRX,fflloooorrx,fflloooorrx,,FFLOOOORRX
FFMMAAX,ffmmaax,ffmmaax,,एफएफएममैक्स
FFMMOODDX,ffmmooddx,ffmmooddx,,FFMMOODDX
FFOOKK,ffookk,ffookk,,फफुक्क
FFOOLLDD,ffoolldd,ffoolldd,,FFFOOLLD
FFOORRMMAATT,ffoorrmmaatt,ffoorrmmaatt,,FFOORRMMAAT
FFREE,ffree,ffree,,एफमुफ़्त
FFRRAAMMEE,ffrraammee,ffrraammee,,FFRAAMME
FFRREEXXPPX,ffrreexxppx,ffrreexxppx,,FFRREEXXPPX
FFRSIZE,ffrsize,ffrsize,,एफएफआरआकार
FFSSTTAATTFD,ffssttaattfd,ffssttaattfd,,FFSSTTAATTFD
FFSSUUMMSEQ,ffssuummsek,ffssuummsek,,FFSSUUMSEQ
FFSSYYNNCCFD,ffssyynnccfd,ffssyynnccfd,,FFSSYYNNCCFD
FGLOBALS,fglobals,fglobals,,एफग्लोबल्स
FIELD,field,field,,मैदान
FIELDNAME,fieldname,fieldname,,फ़ील्डनाम
FIELDNAMES,fieldnames,fieldnames,,फ़ील्डनाम
FIELDS,fields,fields,,खेत
FIFO,fifo,fifo,,फीफो
FILE,file,file,,फ़ाइल
FILEFINDERPA,filefinderpa,filefindxrpa,,फ़ाइलफ़ाइंडरपा
FILEHANDLER,filehandler,filehandlxr,,फाइलहैंडलर
FILELIKE,filelike,filelike,,फ़ाइल जैसा
FILEMODE,filemode,filemode,,फ़ाइलमोड
FILENAME,filename,filename,,फ़ाइलनाम
FILENAMENONE,filenamenone,filenamenone,,फ़ाइलनामोनोन
FILENAMES,filenames,filenames,,फ़ाइल नाम
FILENONE,filenone,filenone,,फ़ाइलनोन
FILEOBJ,fileobz,fileobz,,फ़ाइलोब्ज
FILEPATH,filepath,filepath,,दस्तावेज पथ
FILES,files,files,,फ़ाइलें
FILESGITDIR,filesgitdir,filesgitdir,,Filesgitdir
FILESYSTEM,filesystem,filesystem,,फाइल सिस्टम
FILESYSTEMS,filesystems,filesystems,,फ़ाइल सिस्टम
FILETYPE,filetype,filetype,,फ़ाइल प्रकार
FILTER,filter,filtxr,,फ़िल्टर
FILTERER,filterer,filtxrxr,,फ़िल्टरर
FILTERING,filtering,filtxring,,छनन
FILTERNAME,filtername,filtxrname,,फ़िल्टरनाम
FILTERS,filters,filtxrs,,फिल्टर
FINAL,final,final,,अंतिम
FINALIZER,finalizer,finalizxr,,अंतिम रूप देने वाला
FINDALL,findall,findall,,ढूँढ़ें
FINDITER,finditer,finditxr,,खोजकर्ता
FINISHED,finished,finished,,खत्म
FINITE,finite,finite,,परिमित
FIRSTITER,firstiter,firstitxr,,FIRSTITER
FIRSTOUT,firstout,firstout,,पहले बाहर
FIS,fis,fis,,वित्तीय संस्थाओं
FIT,fit,fit,,उपयुक्त
FITEMS,fitems,fitems,,फिटेम्स
FITNESS,fitness,fitness,,उपयुक्तता
FIVE,fiwe,fiwe,,पाँच
FIXED,fixed,fixed,,तय
FIXTURE,fixture,fixture,,स्थिरता
FLAG,flag,flag,,झंडा
FLAGS,flags,flags,,झंडे
FLASTI,flasti,flasti,,FLASTI
FLAVOR,flawor,flawor,,स्वाद
FLAVOUR,flawour,flawour,,स्वाद
FLINENO,flineno,flineno,,फ़्लिनेनो
FLIPS,flips,flips,,फ़्लिप
FLOAT,float,float,,तैरना
FLOATINFO,floatinfo,floatinfo,,फ्लोटिइन्फो
FLOATNUMSTR,floatnumstr,floatnumstr,,फ्लोटनमस्ट्र
FLOATS,floats,floats,,तैरता
FLOATSELF,floatself,floatself,,स्वयं तैरना
FLOCALS,flocals,flocals,,फ़्लोकल
FLOOR,floor,floor,,ज़मीन
FLOORING,flooring,flooring,,फर्श
FLUSHED,flushed,flushed,,प्लावित
FLUSHES,flushes,flushes,,फ्लश
FLUSHING,flushing,flushing,,फ्लशिंग
FMODX,fmodx,fmodx,,एफएमओडीएक्स
FMT,fmt,fmt,,एफएमटी
FMTNONE,fmtnone,fmtnone,,एफएमटीएनओएन
FMTPARAMS,fmtparams,fmtparams,,FMTPARAMS
FOK,fok,fok,,एफओके
FOLLOW,follow,follow,,अनुसरण करना
FOLLOWED,followed,followed,,पालन ​​किया
FOLLOWING,following,following,,अगले
FOLLOWLINKS,followlinks,followlinks,,फ़ॉलोलिंक्स
FOLLOWS,follows,follows,,इस प्रकार है
FOO,foo,foo,,फू
FOOBAR,foobar,foobar,,foobar
FOOTER,footer,footxr,,FOOTER
FOOXAR,fooxar,fooxar,,फॉक्सार
FORBIDDEN,forbidden,forbidden,,निषिद्ध
FORCE,force,force,,बल
FORGET,forget,forget,,भूल जाओ
FORM,form,form,,रूप
FORMALLY,formally,formally,,औपचारिक रूप से
FORMAT,format,format,,प्रारूप
FORMATS,formats,formats,,प्रारूप
FORMATSPEC,formatspec,formatspec,,फॉर्मेटस्पेक
FORMATSTRING,formatstring,formatstring,,फॉर्मेटस्ट्रिंग
FORMATTED,formatted,formatted,,स्वरूपित
FORMATTER,formatter,formattxr,,फ़ॉर्मेटर
FORMATTERS,formatters,formattxrs,,फ़ॉर्मेटर्स
FORMATTIME,formattime,formattime,,फॉर्मेटटाइम
FORMATTING,formatting,formatting,,स्वरूपण
FORWARDREF,forwardref,forwardref,,फॉर्वर्डरेफ़
FOUND,found,found,,मिला
FOUNDATION,foundation,foundation,,नींव
FOUR,four,four,,चार
FRACTIONAL,fractional,fractional,,आंशिक
FRAME,frame,frame,,चौखटा
FRAMEINFO,frameinfo,frameinfo,,फ्रेमजानकारी
FRAMES,frames,frames,,फ़्रेम
FRAMEWORK,framework,framiyuork,,रूपरेखा
FREE,free,free,,मुक्त
FREQUENCY,frekuency,frekuency,,आवृत्ति
FREXP,frexp,frexp,,FREXP
FRIENDLIER,friendlier,friendlixr,,दोस्ताना
FRO,fro,fro,,इधर-उधर
FROZENSET,frozenset,frozenset,,फ्रोजनसेट
FRSIZE,frsize,frsize,,FRSIZE
FSPATH,fspath,fspath,,एफएसपीएटीएच
FSTAT,fstat,fstat,,एफएसटीएटी
FSTATVFS,fstatwfs,fstatwfs,,FSTATVFS
FTRACE,ftrace,ftrace,,एफट्रेस
FTRACELINES,ftracelines,ftracelines,,FTRACELINES
FULL,full,full,,भरा हुआ
FULLARGSPEC,fullargspec,fullargspec,,फुलार्ग्सस्पेक
FULLMATCH,fullmatch,fullmatch,,पूर्णमैच
FULLY,fully,fully,,पूरी तरह
FUNC,func,func,,समारोह
FUNCARGS,funcargs,funcargs,,फ़नकार्ज़
FUNCNAMES,funcnames,funcnames,,मज़ाकिया नाम
FUNCNONE,funcnone,funcnone,,FUNCNONE
FUNCTION,function,function,,समारोह
FUNCTIONING,functioning,functioning,,कामकाज
FUNCTIONS,functions,functions,,कार्य
FURTHER,further,furthxr,,आगे
FUSED,fused,fused,,इनकार
FUTURE,future,future,,भविष्य
GAMMA,gamma,gamma,,गामा
GAMMAS,gammas,gammas,,गामा
GENCLOSED,genclosed,genclosed,,जेनक्लोज्ड
GENCREATED,gencreated,gencreated,,निर्मित
GENERAL,general,genxral,,सामान्य
GENERALLY,generally,genxrally,,आम तौर पर
GENERATE,generate,genxrate,,उत्पन्न
GENERATED,generated,genxrated,,आप जेनरेट हुई
GENERATING,generating,genxrating,,उत्पादक
GENERATOR,generator,genxrator,,जनक
GENERATORS,generators,genxrators,,जेनरेटर
GENERIC,generic,genxric,,सामान्य
GENRUNNING,genrunning,genrunning,,जेनरनिंग
GENSUSPENDED,gensuspended,gensuspended,,सामान्यतः निलंबित
GETARGVALUES,getargwalues,getargwalues,,गेटर्गवैल्यू
GETATTR,getattr,getattr,,गेटएटीआर
GETATTRIBUTE,getattribute,getattribute,,Getattribute
GETATTRSELF,getattrself,getattrself,,स्वयं पर ध्यान दें
GETCALLARGS,getcallargs,getcallargs,,कॉल प्राप्त करें
GETCLASSTREE,getclasstree,getclasstree,,गेटक्लासस्ट्री
GETCOMMENTS,getcomments,getcomments,,टिप्पणियाँ प्राप्त करें
GETDOC,getdoc,getdoc,,गेटडॉक
GETFILE,getfile,getfile,,फ़ाइल प्राप्त करें
GETITEM,getitem,getitem,,आइटम प्राप्त करें
GETMEMBERS,getmembers,getmembxrs,,सदस्य प्राप्त करें
GETMODULE,getmodule,getmodule,,मॉड्यूल प्राप्त करें
GETPROFILE,getprofile,getprofile,,प्रोफ़ाइल प्राप्त करें
GETREFCOUNT,getrefcount,getrefcount,,गेटरेकाउंट
GETS,gets,gets,,जाता
GETSET,getset,getset,,गेटसेट
GETSETS,getsets,getsets,,गेटसेट्स
GETSIZE,getsize,getsize,,आकार प्राप्त करें
GETSIZEOF,getsizeof,getsizeof,,गेटसाइज़ोफ़
GETSOURCE,getsource,getsource,,स्रोत प्राप्त करें
GETTRACE,gettrace,gettrace,,गेटट्रेस
GGAAMMMMAAX,ggaammmmaax,ggaammmmaax,,GGAAMMMMAX
GGEESELF,ggeeself,ggeeself,,जीजीईईएसईएलएफ
GGEETTCCWWDD,ggeettccwwdd,ggeettccwwdd,,GGEETTCCWWDD
GGEETTPPIIDD,ggeettppiidd,ggeettppiidd,,GGEETTPPIIDD
GGEETTSELF,ggeettself,ggeettself,,Ggeettself
GGRROOUUPP,ggrroouupp,ggrroouupp,,GGRROOUUPP
GGRROOUUPPSS,ggrroouuppss,ggrroouuppss,,GGRROOUUPPSS
GGTTSELF,ggttself,ggttself,,जीजीटीटीएसईएलएफ
GICODE,gicode,gicode,,जीआईसीओडीई
GID,gid,gid,,जी.आई.डी
GIFRAME,giframe,giframe,,GIFRAME
GIRUNNING,girunning,girunning,,गिरुनिंग
GISUSPENDED,gisuspended,gisuspended,,निलंबित कर दिया गया
GIVEN,giwen,giwen,,दिया गया
GIVES,giwes,giwes,,देता है
GIVING,giwing,giwing,,देने
GIYIELDFROM,giyieldfrom,giyieldfrom,,GIYIELDFROM
GLOBAL,global,global,,वैश्विक
GLOBALS,globals,globals,,वैश्विक
GLOBALSNONE,globalsnone,globalsnone,,ग्लोबल्सनोन
GMT,gmt,gmt,,GMT
GNUMERIC,gnumeric,gnumxric,,संख्यात्मक
GREATER,greater,greatxr,,ग्रेटर
GREATEST,greatest,greatest,,महानतम
GREEDY,greedy,greedy,,लालची
GREGORIAN,gregorian,gregorian,,ग्रेगोरियन
GROUP,group,group,,समूह
GROUPGROUP,groupgroup,groupgroup,,ग्रुपग्रुप
GROUPS,groups,groups,,समूह
GUARANTEED,guaranteed,guaranteed,,गारंटी
GUID,guid,guid,,GUID
GUIDO,guido,guido,,गुइडो
HALFWAY,halfway,halfway,,आधे रास्ते
HANDLE,handle,handle,,सँभालना
HANDLED,handled,handled,,सम्भाला
HANDLER,handler,handlxr,,हैंडलर
HANDLERLEVEL,handlerlxwxl,handlxrlxwxl,,हैंडलरलेवल
HANDLERS,handlers,handlxrs,,संचालकों
HANDLES,handles,handles,,संभालती है
HANDLING,handling,handling,,हैंडलिंग
HAPPEN,happen,happen,,होना
HARD,hard,hard,,मुश्किल
HARDEST,hardest,hardest,,मुश्किल
HARDWARE,hardware,hardware,,हार्डवेयर
HASH,hash,hash,,हैश
HASHABLE,hashable,hashable,,धोने योग्य
HASHINFO,hashinfo,hashinfo,,हाशिन्फो
HASHSELF,hashself,hashself,,हशस्वयं
HASNT,hasnt,hasnt,,"नहीं चढ़े, जिस"
HAVING,hawing,hawing,,होना
HDLR,hdlr,hdlr,,एचडीएलआर
HEADER,header,headxr,,हैडर
HEADING,heading,heading,,शीर्षक
HEIGHT,height,height,,ऊंचाई
HELPAN,helpan,helpan,,सहायता
HELPER,helper,helpxr,,सहायक
HELPNONE,helpnone,helpnone,,सहायताकर्ता
HELPTHE,helpthe,helpthe,,मदद करो
HELPTHING,helpthing,helpthing,,मदद करना
HELPTYPE,helptype,helptype,,सहायता प्रकार
HELPTYPESELF,helptypeself,helptypeself,,स्वयं सहायता करें
HERE,here,hxre,,यहाँ
HEREUNDER,hereunder,hxreundxr,,इसके अंतर्गत
HEXADECIMAL,hexadecimal,hexadecimal,,हेक्साडेसीमल
HEXDIGITS,hexdigits,hexdigits,,हेक्सडिजिट्स
HEXVERSION,hexwersion,hexwxrsion,,हेक्सवर्जन
HHAASSHH,hhaasshh,hhaasshh,,हाआश्श
HHAASSHHSELF,hhaasshhself,hhaasshhself,,हाआश्शस्वयं
HHEELLPP,hheellpp,hheellpp,,HHEELLPP
HHELP,hhelp,hhelp,,Hमदद
HHOOUURR,hhoouurr,hhoouurr,,हहूउउउर
HIERARCHIES,hierarchies,hixrarchies,,पदानुक्रम
HIERARCHY,hierarchy,hixrarchy,,पदानुक्रम
HIGHER,higher,highxr,,उच्च
HIGHEST,highest,highest,,उच्चतम
HIGHLEVEL,highlxwxl,highlxwxl,,उच्च स्तर
HIGHLY,highly,highly,,अत्यधिक
HINTING,hinting,hinting,,इशारा
HMS,hms,hms,,एचएमएस
HOLD,hold,hold,,पकड़ना
HOLDER,holder,holdxr,,धारक
HOLDING,holding,holding,,होल्डिंग
HOLDS,holds,holds,,रखती है
HOME,home,home,,घर
HOOK,hook,hook,,अंकुश
HOOKS,hooks,hooks,,हुक
HOST,host,host,,मेज़बान
HOSTING,hosting,hosting,,होस्टिंग
HOSTNAME,hostname,hostname,,होस्ट का नाम
HOUR,hour,hour,,घंटा
HOURS,hours,hours,,घंटे
HOWEVER,howxwxr,howxwxr,,तथापि
HTML,html,html,,एचटीएमएल
HTMLSAFE,htmlsafe,htmlsafe,,HTMLसुरक्षित
HTTP,http,http,,HTTP
HTTPSJSONORG,httpszsonorg,httpszsonorg,,HTTPSJSONORG
HUMAN,human,human,,इंसान
HYPERBOLIC,hyperbolic,hypxrbolic,,अतिशयोक्तिपूर्ण
HYPOT,hypot,hypot,,हाइपोट
HYPOTENUSE,hypotenuse,hypotenuse,,कर्ण
IDEA,idea,idea,,विचार
IDEAL,ideal,ideal,,आदर्श
IDENTIFIE,identifie,identifie,,पहचानें
IDENTIFIED,identified,identified,,पहचान की
IDENTIFIER,identifier,identifixr,,पहचानकर्ता
IDENTIFIES,identifies,identifies,,पहचान करता है
IDENTIFYING,identifying,identifying,,की पहचान
IDNAME,idname,idname,,आईडीनाम
IDNAMEYESNO,idnameyesno,idnameyesno,,IDNAMEYESNO
IDX,idx,idx,,आईडीएक्स
IEEE,ieee,ieee,,आईईईई
IGNORE,ignore,ignore,,अनदेखा करना
IGNORECASE,ignorecase,ignorecase,,अनदेखा करें
IGNORED,ignored,ignored,,अवहेलना करना
IGNORES,ignores,ignores,,पर ध्यान नहीं देता
IGNORING,ignoring,ignoring,,की अनदेखी
IIAADDDDSELF,iiaaddddself,iiaaddddself,,IIAADDDDSELF
IIAANNDDSELF,iiaannddself,iiaannddself,,IAAANDDSELF
IIDDSELF,iiddself,iiddself,,IIDSELF
IIMMAAGG,iimmaagg,iimmaagg,,IIMMAAGG
IIMMUULLSELF,iimmuullself,iimmuullself,,मैं स्वयं हूं
IINNDDEEXX,iinnddeexx,iinnddeexx,,IINDDEEXX
IINNFF,iinnff,iinnff,,IINNFF
IINNFFOO,iinnffoo,iinnffoo,,IINNFFOO
IINNFFOOMSG,iinnffoomsg,iinnffoomsg,,IINNFFOOMSG
IINNFFOOSELF,iinnffooself,iinnffooself,,IINFफ़ूसेल्फ
IINNIITT,iinniitt,iinniitt,,IINNIITT
IINNIITTSELF,iinniittself,iinniittself,,IINNIITSELF
IINNTTSELF,iinnttself,iinnttself,,IINNTTSELF
IIOORRSELF,iioorrself,iioorrself,,IIOORRSELF
IISSIINNFFX,iissiinnffx,iissiinnffx,,IISSIINNFFX
IISSNNAANNX,iissnnaannx,iissnnaannx,,IISSNNAANNX
IISSQQRRTTN,iisskkrrttn,iisskkrrttn,,IISSQQRRTTN
IISSUUBBSELF,iissuubbself,iissuubbself,,IISSUBBSELF
IITTEERRSELF,iitteerrself,iittexrrself,,ITITEERRSELF
IMAG,imag,imag,,imag के
IMAGINARY,imaginary,imaginary,,काल्पनिक
IMMEDIATELY,immediately,immediately,,तुरंत
IMMUTABLE,immutable,immutable,,अडिग
IMPLEMENT,implement,implement,,अमल में लाना
IMPLEMENTED,implemented,implemented,,लागू
IMPLEMENTS,implements,implements,,औजार
IMPLIED,implied,implied,,निहित
IMPORT,import,import,,आयात
IMPORTABLE,importable,importable,,देश में लाने योग्य
IMPORTANT,important,important,,महत्वपूर्ण
IMPORTED,imported,imported,,आयातित
IMPOSE,impose,impose,,आरोपित करना
INCIDENTAL,incidental,incidental,,आकस्मिक
INCLUDE,include,include,,शामिल करना
INCLUDED,included,included,,शामिल
INCLUDES,includes,includes,,शामिल
INCLUDING,including,including,,शामिल
INCLUSIVEOR,inclusiweor,inclusiweor,,समावेशी
INCOMING,incoming,incoming,,इनकमिंग
INCOMPATIBLE,incompatible,incompatible,,असंगत
INCOMPLETE,incomplete,incomplete,,अधूरा
INCORRECT,incorrect,incorrect,,गलत
INDENT,indent,indent,,मांगपत्र
INDENTATION,indentation,indentation,,खरोज
INDENTED,indented,indented,,दांतेदार बना हुआ
INDENTNONE,indentnone,indentnone,,इंडेंटनोन
INDEX,index,index,,अनुक्रमणिका
INDEXABLE,indexable,indexable,,इंडेक्स करने योग्य
INDEXED,indexed,indexed,,अनुक्रमित
INDEXERROR,indexerror,indexxrror,,अनुक्रमणिका
INDEXES,indexes,indexes,,अनुक्रमित
INDEXING,indexing,indexing,,अनुक्रमण
INDICATE,indicate,indicate,,संकेत देना
INDICATED,indicated,indicated,,बताए गए
INDICATES,indicates,indicates,,संकेत करता है
INDICATING,indicating,indicating,,यह दर्शाता है
INDICES,indices,indices,,सूचकांक
INDIRECT,indirect,indirect,,अप्रत्यक्ष
INDIVIDUAL,indiwidual,indiwidual,,व्यक्ति
INF,inf,inf,,जानकारी
INFINITE,infinite,infinite,,अनंत
INFINITY,infinity,infinity,,अनंत
INFO,info,info,,जानकारी
INFOFOOFIRST,infofoofirst,infofoofirst,,इन्फोफूफर्स्ट
INFORMATION,information,information,,जानकारी
INFORMATIVE,informatiwe,informatiwe,,जानकारीपूर्ण
INHERITABLE,inheritable,inhxritable,,दाय
INHERITANCE,inheritance,inhxritance,,विरासत
INHERITED,inherited,inhxrited,,विरासत में मिला
INIT,init,init,,इस में
INITIALIZE,initialize,initialize,,हस्ताक्षर करना
INITIALIZED,initialized,initialized,,initialized
INITIALIZES,initializes,initializes,,आरंभ
INITIALIZING,initializing,initializing,,प्रारंभ करने
INITLISTNONE,initlistnone,initlistnone,,INITLISTNONE
INITPY,initpy,initpy,,INITPY
INNER,inner,innxr,,भीतरी
INO,ino,ino,,आईएनओ
INODE,inode,inode,,इनोड
INPLACE,inplace,inplace,,जगह में
INPUT,input,input,,इनपुट
INPUTCSV,inputcsw,inputcsw,,INPUTCSV
INPUTGNU,inputgnu,inputgnu,,इनपुटजीएनयू
INPUTS,inputs,inputs,,किए गए इनपुट
INPUTXLS,inputxls,inputxls,,इनपुटक्सएलएस
INSERT,insert,insxrt,,डालना
INSERTED,inserted,insxrted,,डाला
INSERTION,insertion,insxrtion,,प्रविष्टि
INSIDE,inside,inside,,अंदर
INSPECT,inspect,inspect,,निरीक्षण करें
INSPECTEMPTY,inspectempty,inspectempty,,निरीक्षण
INSPECTVOID,inspectwoid,inspectwoid,,निरीक्षणशून्य
INSTALL,install,install,,स्थापित करना
INSTALLED,installed,installed,,इंस्टॉल किया
INSTANCE,instance,instance,,उदाहरण
INSTANCES,instances,instances,,उदाहरणों
INSTANTIATE,instantiate,instantiate,,इन्स्तांत
INSTANTIATED,instantiated,instantiated,,तात्कालिक
INSTEAD,instead,instead,,बजाय
INSTRUCTION,instruction,instruction,,अनुदेश
INT,int,int,,int यहाँ
INTACT,intact,intact,,अखंड
INTADD,intadd,intadd,,INTADD
INTEGER,integer,integxr,,पूर्णांक
INTEGERS,integers,integxrs,,पूर्णांकों
INTEGRAL,integral,integral,,अभिन्न
INTENDED,intended,intended,,अभिप्रेत
INTERACT,interact,intxract,,इंटरैक्ट करना
INTERACTIVE,interactiwe,intxractiwe,,इंटरैक्टिव
INTERCHANGE,interchange,intxrchange,,विनिमय
INTERESTED,interested,intxrested,,इच्छुक
INTERESTING,interesting,intxresting,,दिलचस्प
INTERFACE,interface,intxrface,,इंटरफ़ेस
INTERMEDIATE,intermediate,intxrmediate,,मध्यवर्ती
INTERN,intern,intxrn,,प्रशिक्षु
INTERNAL,internal,intxrnal,,आंतरिक
INTERNED,interned,intxrned,,प्रशिक्षु
INTERPRET,interpret,intxrpret,,व्याख्या
INTERPRETED,interpreted,intxrpreted,,व्याख्या
INTERPRETER,interpreter,intxrpretxr,,दुभाषिया
INTERPRETERS,interpreters,intxrpretxrs,,दुभाषिए
INTERRUPTED,interrupted,intxrrupted,,बाधित
INTERSECTION,intersection,intxrsection,,चौराहा
INTERVAL,interwal,intxrwal,,अंतराल
INTFLOAT,intfloat,intfloat,,अंतर्प्रवाह
INTINFO,intinfo,intinfo,,जानकारी
INTNUMSTR,intnumstr,intnumstr,,INTNUMSTR
INTS,ints,ints,,आईएनटीएस
INTSELF,intself,intself,,स्वयं
INTSTR,intstr,intstr,,INTSTR
INVALID,inwalid,inwalid,,अमान्य
INVERSE,inwerse,inwxrse,,श्लोक में
INVOCATION,inwocation,inwocation,,मंगलाचरण
INVOKED,inwoked,inwoked,,लागू
INVOKING,inwoking,inwoking,,प्रेरक
INVOLVED,inwolwed,inwolwed,,शामिल
IOGETVALUE,iogetwalue,iogetwalue,,IOGETमूल्य
IPPOLITO,ippolito,ippolito,,इप्पोलिटो
ISBUILTIN,isbuiltin,isbuiltin,,ISBUILTIN
ISCLASS,isclass,isclass,,ISCLASS
ISCODE,iscode,iscode,,ISCODE
ISFRAME,isframe,isframe,,ISFRAME
ISFUNCTION,isfunction,isfunction,,ISFUNCTION
ISGENERATOR,isgenerator,isgenxrator,,आईएसजेनरेटर
ISMETHOD,ismethod,ismethod,,इस विधि
ISMODULE,ismodule,ismodule,,ISMODULE
ISNT,isnt,isnt,,नहीं है
ISO,iso,iso,,आईएसओ
ISOLIKE,isolike,isolike,,आइसोलाइक
ISPACKAGE,ispackage,ispakage,,ISPACKAGE
ISROUTINE,isroutine,isroutine,,इसरोटीन
ISSUBCLASS,issubclass,issubclass,,ISउपवर्ग
ISSUE,issue,issue,,मुद्दा
ISSUED,issued,issued,,जारी किए गए
ISTRACEBACK,istraceback,istracebak,,इस्ट्रैसबैक
ITEM,item,item,,वस्तु
ITEMS,items,items,,सामान
ITER,iter,itxr,,आईटीईआर
ITERABLE,iterable,itxrable,,चलने योग्य
ITERABLENONE,iterablenone,itxrablenone,,पुनरावर्तनीयकोई नहीं
ITERABLES,iterables,itxrables,,चलने योग्य
ITERATED,iterated,itxrated,,दोहराया
ITERATION,iteration,itxration,,यात्रा
ITERATOR,iterator,itxrator,,इटरेटर
ITERATORS,iterators,itxrators,,इटरेटर
ITERO,itero,itxro,,इटेरो
ITERSELF,iterself,itxrself,,स्वयं
ITSELF,itself,itself,,स्वयं
JANUARY,zanuary,zanuary,,जनवरी
JAVA,zawa,zawa,,जावा
JAVASCRIPT,zawascript,zawascript,,जावास्क्रिप्ट
JIT,zit,zit,,जीत
JJOOIINNSELF,zzooiinnself,zzooiinnself,,जजूइनसेल्फ
JOIN,zoin,zoin,,जोड़ना
JOINED,zoined,zoined,,शामिल हुए
JSON,zson,zson,,JSON
JSONDECOD,zsondecod,zsondecod,,JSONDECOD
JSONDECODER,zsondecoder,zsondecodxr,,JSONDECODER
JSONDUMPS,zsondumps,zsondumps,,JSONDUMPS
JSONDUMPSFOO,zsondumpsfoo,zsondumpsfoo,,JSONDUMPSFOO
JSONENCODER,zsonencoder,zsonencodxr,,JSONENCODER
JSONLOADIO,zsonloadio,zsonloadio,,JSONLOADIO
JSONLOADS,zsonloads,zsonloads,,JSONLOADS
JSONLOADSFOO,zsonloadsfoo,zsonloadsfoo,,JSONLOADSFOO
JSONOBJ,zsonobz,zsonobz,,JSONOBJ
JSONRPC,zsonrpc,zsonrpc,,जेएसओएनआरपीसी
JUN,zun,zun,,जून
JUNCTION,zunction,zunction,,जंक्शन
JUNIT,zunit,zunit,,JUnit
KAPING,kaping,kaping,,कपिंग
KEEP,keep,keep,,रखना
KEEPING,keeping,keeping,,रखते हुए
KEEPS,keeps,keeps,,रखता है
KENT,kent,kent,,केंट
KEY,key,key,,चाबी
KEYED,keyed,keyed,,बंद
KEYERROR,keyerror,keyxrror,,कीरोर
KEYERRORKEY,keyerrorkey,keyxrrorkey,,कीरोर्की
KEYS,keys,keys,,चाबियाँ
KEYSEPARATOR,keyseparator,keyseparator,,कुंजीविभाजक
KEYWORD,keyword,keyword,,कीवर्ड
KEYWORDONLY,keywordonly,keywordonly,,केवल कीवर्ड
KEYWORDS,keywords,keywords,,कीवर्ड
KILL,kill,kill,,मारना
KILLED,killed,killed,,मारे गए
KIND,kind,kind,,दयालु
KINDCLASS,kindclass,kindclass,,किंडक्लास
KKEEYYSSSELF,kkeeyyssself,kkeeyyssself,,केकीय्ससेल्फ
KKIILLLLPID,kkiillllpid,kkiillllpid,,ककीलिलपीआईडी
KKIINNDD,kkiinndd,kkiinndd,,केकेआईआईएनडीडी
KKWWAARRGGSS,kkwwaarrggss,kkwwaarrggss,,केकेडब्ल्यूडब्ल्यूएआरजीएसएस
KNONE,knone,knone,,पता है
KNOWLEDGE,knowledge,knowledge,,ज्ञान
KNOWN,known,known,,ज्ञात
KNUTHS,knuths,knuths,,KNUTHS
KTH,kth,kth,,केटीएच
KWARG,kwarg,kwarg,,क्वार्ग
KWARGS,kwargs,kwargs,,क्वार्ग्स
KWDEFAULTS,kwdefaults,kwdefaults,,KWDefaults
KWDS,kwds,kwds,,KWDS
KWON,kwon,kwon,,क्वोन
KWONLYARGS,kwonlyargs,kwonlyargs,,क्वोनलियार्ग्स
KWS,kws,kws,,केडब्लूएस
LACK,lack,lak,,कमी
LACKS,lacks,laks,,का अभाव
LAMBDA,lambda,lambda,,लैम्ब्डा
LANGUAGE,language,language,,भाषा
LARGEST,largest,largest,,सबसे बड़ा
LAST,last,last,,अंतिम
LASTEXC,lastexc,lastexc,,LASTEXC
LASTIN,lastin,lastin,,आखरी अंदर
LASTTRUE,lasttrue,lasttrue,,अंतिम सत्य
LASTTYPE,lasttype,lasttype,,अंतिम प्रकार
LASTVALUE,lastwalue,lastwalue,,अंतिम मूल्य
LATER,later,latxr,,बाद में
LATTER,latter,lattxr,,बाद वाला
LAUNCHED,launched,launched,,शुभारंभ
LAUNCHING,launching,launching,,शुरू करने
LAYOUT,layout,layout,,लेआउट
LEADING,leading,leading,,अग्रणी
LEAF,leaf,leaf,,पत्ता
LEAST,least,least,,कम से कम
LEAVE,leawe,leawe,,छुट्टी
LEAVING,leawing,leawing,,रवाना होने से
LEFT,left,left,,बाएं
LEFTMOST,leftmost,leftmost,,वाम-पंथी
LEGACY,legacy,legacy,,परंपरा
LENFILES,lenfiles,lenfiles,,लेनफ़ाइल्स
LENGTH,length,length,,लंबाई
LENSELF,lenself,lenself,,लेनसेल्फ
LESS,less,less,,कम
LET,let,let,,होने देना
LETTER,letter,lettxr,,पत्र
LETTERS,letters,lettxrs,,पत्र
LEVEL,lxwxl,lxwxl,,स्तर
LEVELINFO,lxwxlinfo,lxwxlinfo,,लेवलइन्फो
LEVELNAME,lxwxlname,lxwxlname,,लेवलनाम
LEVELNAMES,lxwxlnames,lxwxlnames,,स्तर के नाम
LEVELNONE,lxwxlnone,lxwxlnone,,लेवलनोन
LEVELNOS,lxwxlnos,lxwxlnos,,लेवलनोस
LEVELS,lxwxls,lxwxls,,स्तरों
LIABLE,liable,liable,,उत्तरदायी
LIBRARY,library,library,,पुस्तकालय
LIFO,lifo,lifo,,जीवन
LIGHTWEIGHT,lightweight,lightweight,,हल्के
LIMIT,limit,limit,,आप LIMIT
LIMITED,limited,limited,,सीमित
LINEFMTNONE,linefmtnone,linefmtnone,,लाइनएफ़एमटीएनओएन
LINENO,lineno,lineno,,लिनेनो
LINENOD,linenod,linenod,,लिनेनोड
LINES,lines,lines,,पंक्तियां
LINESEP,linesep,linesep,,लाइनसेप
LINESPLIT,linesplit,linesplit,,लाइनस्प्लिट
LINK,link,link,,जोड़ना
LINKS,links,links,,लिंक
LIST,list,list,,सूची
LISTED,listed,listed,,सूचीबद्ध
LISTINT,listint,listint,,सूची
LISTITERABLE,listiterable,listitxrable,,सुनने योग्य
LISTLIKE,listlike,listlike,,सूची जैसा
LISTS,lists,lists,,सूचियों
LISTSPECIFIC,listspecific,listspecific,,सूची विशिष्ट
LITERAL,literal,litxral,,शाब्दिक
LITERALS,literals,litxrals,,शाब्दिक
LITERALTEXT,literaltext,litxraltext,,शाब्दिक पाठ
LLDDEEXXPPX,llddeexxppx,llddeexxppx,,एलएलडीडीएक्सएक्सपीपीएक्स
LLEENNSELF,lleennself,lleennself,,LLEENSELF
LLEESELF,lleeself,lleeself,,लीसेल्फ
LLIINNEENNOO,lliinneennoo,lliinneennoo,,LLIINNEENNO
LLIINNEESS,lliinneess,lliinneess,,लिलीननेस
LLIINNKKSRC,lliinnkksrc,lliinnkksrc,,LLIINNKKSRC
LLOOAADD,llooaadd,llooaadd,,लूआड
LLOOAADDSS,llooaaddss,llooaaddss,,LLOAADDSS
LLOOCCAALLEE,llooccaallee,llooccaallee,,LLOOCCAALLEE
LLOOCCAALLSS,llooccaallss,llooccaallss,,LLOOCCAALLSS
LLOOGG,lloogg,lloogg,,LLOOGG
LLOOGGLEVEL,lloogglxwxl,lloogglxwxl,,LLOOGGLEVEL
LLOOGGPPX,llooggppx,llooggppx,,LLOOGGPPX
LLOOGGSELF,llooggself,llooggself,,LLOOGSELF
LLOOGGX,llooggx,llooggx,,LLOOGGX
LLSSEEEEKKFD,llsseeeekkfd,llsseeeekkfd,,एलएलएससीईकेकेएफडी
LLTTSELF,llttself,llttself,,LLTस्वयं
LNO,lno,lno,,एलएनओ
LOAD,load,load,,भार
LOADED,loaded,loaded,,भरा हुआ
LOADER,loader,loadxr,,लोडर
LOADERNONE,loadernone,loadxrnone,,लोडरनोन
LOADING,loading,loading,,लोड हो रहा है
LOADS,loads,loads,,भार
LOADTESTS,loadtests,loadtests,,लोडटेस्ट
LOCAL,local,local,,स्थानीय
LOCALE,locale,locale,,स्थान
LOCALHOST,localhost,localhost,,स्थानीय होस्ट
LOCALLY,locally,locally,,स्थानीय रूप से
LOCALS,locals,locals,,हैं स्थानीय
LOCALSNONE,localsnone,localsnone,,स्थानीयकोई नहीं
LOCALTIME,localtime,localtime,,स्थानीय समय
LOCATE,locate,locate,,ढूँढें
LOCATION,location,location,,जगह
LOCK,lock,lok,,ताला
LOCKNONE,locknone,loknone,,लॉकनोन
LOG,log,log,,लकड़ी का लट्ठा
LOGARITHM,logarithm,logarithm,,लोगारित्म
LOGGABLE,loggable,loggable,,लॉग करने योग्य
LOGGED,logged,logged,,लॉग इन
LOGGER,logger,loggxr,,लकड़हारा
LOGGERINIT,loggerinit,loggxrinit,,लॉगरिनिट
LOGGERLEVEL,loggerlxwxl,loggxrlxwxl,,लकड़हारा स्तर
LOGGERNAME,loggername,loggxrname,,लकड़हारानाम
LOGGERNONE,loggernone,loggxrnone,,लकड़हारा
LOGGERS,loggers,loggxrs,,वालों
LOGGING,logging,logging,,काटना
LOGICAL,logical,logical,,तार्किक
LOGIN,login,login,,लॉग इन करें
LOGRECORD,logrecord,logrecord,,लॉगरिकॉर्ड
LOGRECORDS,logrecords,logrecords,,लॉगरिकॉर्ड्स
LOGWRITES,logwrites,logwrites,,लॉगराइट
LOGX,logx,logx,,लॉगएक्स
LONGER,longer,longxr,,अब
LONGMESSAGE,longmessage,longmessage,,दीर्घसंदेश
LOOKED,looked,looked,,देखा
LOOKING,looking,looking,,देखना
LOOKS,looks,looks,,लग रहा है
LOOKUP,lookup,lookup,,ऊपर देखो
LOOKUPS,lookups,lookups,,लुकअप
LOOP,loop,loop,,कुंडली
LOSS,loss,loss,,नुकसान
LOW,low,low,,कम
LOWER,lower,lowxr,,निचला
LOWERCASE,lowercase,lowxrcase,,लोअरकेस
LOWEST,lowest,lowest,,सबसे कम
LOWLEVEL,lowlxwxl,lowlxwxl,,कम स्तर
LSTAT,lstat,lstat,,एलएसटीएटी
MACHIN,machin,machin,,मशीन
MACHINE,machine,machine,,मशीन
MACHINES,machines,machines,,मशीनों
MAGIC,magic,magic,,जादू
MAGNITUDE,magnitude,magnitude,,परिमाण
MAIN,main,main,,मुख्य
MAINTAINED,maintained,maintained,,बनाए रखा
MAINTENANCE,maintenance,maintenance,,रखरखाव
MAJOR,mazor,mazor,,प्रमुख
MAKEDIRSNAME,makedirsname,makedirsname,,MAKEDIRSNAME
MAKES,makes,makes,,बनाता है
MAKING,making,making,,रायः
MANAGED,managed,managed,,प्रबंधित
MANAGER,manager,managxr,,प्रबंधक
MANIPULATE,manipulate,manipulate,,चालाकी से काम निकालना
MANIPULATED,manipulated,manipulated,,चालाकी से
MANIPULATION,manipulation,manipulation,,चालाकी
MANPY,manpy,manpy,,मैनपी
MANTISSA,mantissa,mantissa,,अपूर्णांश
MANUAL,manual,manual,,नियमावली
MAP,map,map,,मानचित्र
MAPPED,mapped,mapped,,मैप किए गए
MAPPING,mapping,mapping,,मानचित्रण
MAPPINGS,mappings,mappings,,मानचित्रण
MAPS,maps,maps,,एमएपीएस
MARK,mark,mark,,निशान
MARKED,marked,marked,,चिह्नित
MARKER,marker,markxr,,मार्कर
MARKS,marks,marks,,निशान
MASKED,masked,masked,,नकाबपोश
MATCH,match,match,,मिलान
MATCHED,matched,matched,,मिलान
MATCHES,matches,matches,,मेच
MATCHING,matching,matching,,मेल मिलाना
MATH,math,math,,गणित
MATHEMATICAL,mathematical,mathematical,,गणितीय
MATTER,matter,mattxr,,मामला
MAX,max,max,,मैक्स
MAXDIFF,maxdiff,maxdiff,,मैक्सडिफ़
MAXEPSILO,maxepsilo,maxepsilo,,मैक्सेप्सिलो
MAXIMUM,maximum,maximum,,अधिकतम
MAXLEN,maxlen,maxlen,,मैक्सलेन
MAXSIZE,maxsize,maxsize,,अधिकतम आकार
MAXSPLIT,maxsplit,maxsplit,,मैक्सस्प्लिट
MAXUNICODE,maxunicode,maxunicode,,मैक्सयूनिकोड
MAXWIDTH,maxwidth,maxwidth,,मैक्सविड्थ
MAXWIDTHNONE,maxwidthnone,maxwidthnone,,मैक्सविड्थनोन
MBCS,mbcs,mbcs,,एमबीसीएस
MEANING,meaning,meaning,,अर्थ
MEANINGFUL,meaningful,meaningful,,सार्थक
MEANS,means,means,,मतलब
MEASURED,measured,measured,,मापा गया
MEMBER,member,membxr,,सदस्य
MEMBERS,members,membxrs,,सदस्यों
MEMO,memo,memo,,ज्ञापन
MEMORY,memory,memory,,याद
MENDGROUP,mendgroup,mendgroup,,मेंडग्रुप
MENTIONED,mentioned,mentioned,,उल्लिखित
MERGE,merge,mxrge,,मर्ज
MERGEEXTRA,mergeextra,mxrgeextra,,मर्जएक्स्ट्रा
MERGING,merging,mxrging,,विलय
MESSAGE,message,message,,संदेश
MESSAGENONE,messagenone,messagenone,,संदेशवाहक
MESSAGES,messages,messages,,संदेशों
METACLASS,metaclass,metaclass,,मेटाक्लास
METACLASSES,metaclasses,metaclasses,,मेटाक्लासेस
METAVAR,metawar,metawar,,मेटावार
METAVARINT,metawarint,metawarint,,मेटावैरिंट
METAVARNONE,metawarnone,metawarnone,,मेटावर्नोन
METHOD,method,method,,तरीका
METHODS,methods,methods,,विधि
MICRO,micro,micro,,कुटीर
MICROSECOND,microsecond,microsecond,,माइक्रोसेकंड
MICROSECONDS,microseconds,microseconds,,माइक्रोसेकंड
MIGHT,might,might,,हो सकता है
MILLISECOND,millisecond,millisecond,,मिलीसेकंड
MILLISECONDS,milliseconds,milliseconds,,मिलीसेकंड
MINIMUM,minimum,minimum,,न्यूनतम
MINOR,minor,minor,,नाबालिग
MINUS,minus,minus,,ऋण
MINUTE,minute,minute,,मिनट
MINUTES,minutes,minutes,,मिनट
MISSING,missing,missing,,गुम
MISSINGKEY,missingkey,missingkey,,गुमकुंजी
MISTYPED,mistyped,mistyped,,गलत लिखे गए
MIXED,mixed,mixed,,मिश्रित
MKDIR,mkdir,mkdir,,एमकेडीआईआर
MMAAIINN,mmaaiinn,mmaaiinn,,ममाआइन्न
MMAAXX,mmaaxx,mmaaxx,,एमएमएएक्सएक्स
MMAAXXLLEENN,mmaaxxlleenn,mmaaxxlleenn,,MMAAXXLLENEN
MMIINN,mmiinn,mmiinn,,MMIINN
MMIINNUUTTEE,mmiinnuuttee,mmiinnuuttee,,MMIINNUUTTE
MMOODDFFX,mmooddffx,mmooddffx,,MMOODDFFX
MMOODDSELF,mmooddself,mmooddself,,ममूडसेल्फ
MMOODDUULLEE,mmoodduullee,mmoodduullee,,म्मूद्दुउल्ली
MMOONNTTHH,mmoonntthh,mmoonntthh,,म्मूननठ्ठ
MMUULLSELF,mmuullself,mmuullself,,MMUULLSELF
MNONE,mnone,mnone,,कोई नहीं
MOCK,mock,mok,,दिखावटी
MOD,mod,mod,,एमओडी
MODE,mode,mode,,तरीका
MODEA,modea,modea,,modeâ
MODEO,modeo,modeo,,मोडियो
MODER,moder,modxr,,आधुनिक
MODES,modes,modes,,मोड
MODEW,modew,modiyu,,मोड
MODIFICATION,modification,modification,,परिवर्तन
MODIFIED,modified,modified,,संशोधित
MODIFY,modify,modify,,संशोधित
MODIFYING,modifying,modifying,,संशोधित करने
MODJSON,modzson,modzson,,MODJSON
MODMARSHAL,modmarshal,modmarshal,,मॉडमार्शल
MODNONE,modnone,modnone,,MODNONE
MODPICKLE,modpickle,modpikle,,मॉडपिकल
MODULE,module,module,,मॉड्यूल
MODULEMAIN,modulemain,modulemain,,मॉड्यूलमेन
MODULENONE,modulenone,modulenone,,MODULENONE
MODULES,modules,modules,,मॉड्यूल
MODULEWIDE,modulewide,moduliyuide,,मॉड्यूलवाइड
MONDAY,monday,monday,,सोमवार
MONITORING,monitoring,monitoring,,निगरानी
MONTH,month,month,,महीना
MOSTLY,mostly,mostly,,ज्यादातर
MOUNT,mount,mount,,माउंट
MOVE,mowe,mowe,,कदम
MRO,mro,mro,,एमआरओ
MSC,msc,msc,,एमएससी
MSECSD,msecsd,msecsd,,एमएसईसीएसडी
MSG,msg,msg,,एमएसजी
MSGNONE,msgnone,msgnone,,MSGNONE
MSGOBJECT,msgobzect,msgobzect,,एमएसगोबजेक्ट
MSTARTGROUP,mstartgroup,mstartgroup,,एमस्टार्टग्रुप
MTIME,mtime,mtime,,एमटाइम
MTIMENS,mtimens,mtimens,,MTIMENS
MULSELF,mulself,mulself,,स्वयं
MULTILINE,multiline,multiline,,बहु
MULTIMODULE,multimodule,multimodule,,मल्टीमॉड्यूल
MULTIPLE,multiple,multiple,,एकाधिक
MULTIPLES,multiples,multiples,,गुणकों
MULTIPLYADD,multiplyadd,multiplyadd,,मल्टीप्लायड
MULTISET,multiset,multiset,,मल्टीसेट
MUST,must,must,,अवश्य
MUTABLE,mutable,mutable,,परिवर्तनशील
MUTUALLY,mutually,mutually,,परस्पर
MYDICT,mydict,mydict,,MYDICT
MYSTERIOUS,mysterious,mystxrious,,रहस्यमय
NAIVE,naiwe,naiwe,,अनुभवहीन
NAMECLASS,nameclass,nameclass,,नेमक्लास
NAMED,named,named,,नाम
NAMEDIALECT,namedialect,namedialect,,नामांकित डायलेक्ट
NAMEDTUPLE,namedtuple,namedtuple,,नामितटुपल
NAMEHTML,namehtml,namehtml,,NAMEHTML
NAMEMAX,namemax,namemax,,NAMEMAX
NAMES,names,names,,नाम
NAMESPACE,namespace,namespace,,नाम स्थान
NAMESTDERR,namestderr,namestdxrr,,नेमस्टडेर
NAMESTDIN,namestdin,namestdin,,नमस्तेदीन
NAMESTDOUT,namestdout,namestdout,,नेमेस्टडाउट
NAMEVALUE,namewalue,namiyualue,,नाममूल्य
NAN,nan,nan,,नेन
NANOSECONDS,nanoseconds,nanoseconds,,नैनोसेकंड
NARGS,nargs,nargs,,NARGS
NARGSNONE,nargsnone,nargsnone,,NARGSNONE
NATIVE,natiwe,natiwe,,देशी
NATURAL,natural,natural,,प्राकृतिक
NDIGITS,ndigits,ndigits,,NDIGITS
NDIGITSNONE,ndigitsnone,ndigitsnone,,NDIGITSNONE
NEAR,near,near,,पास में
NEAREST,nearest,nearest,,निकटतम
NECESSARY,necessary,necessary,,ज़रूरी
NEED,need,need,,ज़रूरत
NEEDED,needed,needed,,आवश्यकता है
NEEDNT,neednt,neednt,,आवश्यकता नहीं
NEEDS,needs,needs,,आवश्यकताओं
NEGATIVE,negatiwe,negatiwe,,नकारात्मक
NEITHER,neither,neithxr,,कोई भी नहीं
NESTED,nested,nested,,नेस्ट
NESTING,nesting,nesting,,घोंसला करने की क्रिया
NETWORK,network,network,,नेटवर्क
NEVER,nxwxr,nxwxr,,कभी नहीं
NEWER,newer,niyuxr,,नया
NEWLINE,newline,niyuline,,न्यूलाइन
NEWLINES,newlines,niyulines,,नई-पंक्तियों
NEWLOCALS,newlocals,niyulocals,,न्यूलोकल्स
NEWSTRING,newstring,niyustring,,न्यूस्ट्रिंग
NEXT,next,next,,अगला
NICELY,nicely,nicely,,अच्छी तरह से
NICER,nicer,nicxr,,अच्छे
NINE,nine,nine,,नौ
NINTH,ninth,ninth,,नौवाँ
NLINK,nlink,nlink,,एनलिंक
NNAAMMEE,nnaammee,nnaammee,,नन्नाम्मी
NNAANN,nnaann,nnaann,,NNAANN
NNDD,nndd,nndd,,एनएनडीडी
NNEEGGSELF,nneeggself,nneeggself,,NNEEGGSELF
NNEESELF,nneeself,nneeself,,NNESELF
NNEEWW,nneeww,nneiyuw,,NNEWW
NNEEWWARGS,nneewwargs,nneiyuwargs,,NNEWWARGS
NNEEWWCLS,nneewwcls,nneiyuwcls,,NNEWWCLS
NNEEXXTTSELF,nneexxttself,nneexxttself,,NNEEXTTSELF
NNONE,nnone,nnone,,एनएनओएन
NNOOFFLLAAGG,nnooffllaagg,nnooffllaagg,,NNOOFFLLAAGG
NNOOTTSSEETT,nnoottsseett,nnoottsseett,,NNOOTTSSEETT
NNOOWWTZNONE,nnoowwtznone,nnoowwtznone,,NNOOWWTZNONE
NODENAME,nodename,nodename,,नोडनाम
NOFREE,nofree,nofree,,नि:शुल्क
NONASCII,nonascii,nonascii,,NONASCII
NONBINARY,nonbinary,nonbinary,,गैर-बाइनरी
NONDIGIT,nondigit,nondigit,,नॉनडिजिट
NONDIRECTORY,nondirectory,nondirectory,,गैरनिर्देशिका
NONE,none,none,,कोई नहीं
NONEMPTY,nonempty,nonempty,,अरिक्त
NONGREEDY,nongreedy,nongreedy,,लालची
NONGROUPING,nongrouping,nongrouping,,नॉनग्रुपिंग
NONLOCAL,nonlocal,nonlocal,,
NONLOCALS,nonlocals,nonlocals,,
NONNEGATIVE,nonnegatiwe,nonnegatiwe,,
NONNUMERIC,nonnumeric,nonnumxric,,
NONPRINTABLE,nonprintable,nonprintable,,
NONWINDOWS,nonwindows,nonwindows,,
NONZERO,nonzero,nonzxro,,
NOR,nor,nor,,
NORMAL,normal,normal,,
NORMALIZES,normalizes,normalizes,,
NORMALLY,normally,normally,,
NOTABLE,notable,notable,,
NOTATION,notation,notation,,
NOTE,note,note,,
NOTHING,nothing,nothing,,
NOTICE,notice,notice,,
NTDIRENTRY,ntdirentry,ntdirentry,,
NTPATH,ntpath,ntpath,,
NTUPLE,ntuple,ntuple,,
NUL,nul,nul,,
NULL,null,null,,
NULLHANDLER,nullhandler,nullhandlxr,,
NUMBERS,numbers,numbxrs,,
NUMERATOR,numerator,numxrator,,
NUMERIC,numeric,numxric,,
OBJ,obz,obz,,
OBJCLASSNAME,obzclassname,obzclassname,,
OBJDICT,obzdict,obzdict,,
OBJECT,obzect,obzect,,
OBJECTHOOK,obzecthook,obzecthook,,
OBJECTS,obzects,obzects,,
OBJGLOBALS,obzglobals,obzglobals,,
OBJIMAG,obzimag,obzimag,,
OBJREAL,obzreal,obzreal,,
OBLIGATION,obligation,obligation,,
OBTAINED,obtained,obtained,,
OCCUR,occur,occur,,
OCCURRED,occurred,occurred,,
OCCURRENCE,occurrence,occurrence,,
OCCURRENCES,occurrences,occurrences,,
OCCURS,occurs,occurs,,
OCTAL,octal,octal,,
OCTDIGITS,octdigits,octdigits,,
ODREVERSED,odrxwxrsed,odrxwxrsed,,
OFFSET,offset,offset,,
OFTEN,often,often,,
OLDER,older,oldxr,,
OMITTED,omitted,omitted,,
ONCE,once,once,,
ONECHARACTER,onecharacter,onecharactxr,,
ONELINE,oneline,oneline,,
ONEOFF,oneoff,oneoff,,
ONERROR,onerror,onxrror,,
ONERRORNONE,onerrornone,onxrrornone,,
ONES,ones,ones,,
ONESHOT,oneshot,oneshot,,
ONESHOTFALSE,oneshotfalse,oneshotfalse,,
ONLINEHELP,onlinehelp,onlinehelp,,
ONONBLOCK,ononblock,ononblok,,
ONWARDS,onwards,onwards,,
OOBBJJEECCTT,oobbzzeecctt,oobbzzeecctt,,
OOCCRREEAATT,ooccrreeaatt,ooccrreeaatt,,
OOEEXXCCLL,ooeexxccll,ooeexxccll,,
OOPPEENNPATH,ooppeennpath,ooppeennpath,,
OORRDDWWRR,oorrddwwrr,oorrddwwrr,,
OORRSELF,oorrself,oorrself,,
OOTTEEXXTT,ootteexxtt,ootteexxtt,,
OOTTRRUUNNCC,oottrruunncc,oottrruunncc,,
OPEN,open,open,,
OPENARGSLOG,openargslog,openargslog,,
OPENDIR,opendir,opendir,,
OPENED,opened,opened,,
OPENFILENAME,openfilename,openfilename,,
OPENING,opening,opening,,
OPERAND,operand,opxrand,,
OPERATE,operate,opxrate,,
OPERATING,operating,opxrating,,
OPERATION,operation,opxration,,
OPERATIONS,operations,opxrations,,
OPERATOR,operator,opxrator,,
OPPORTUNITY,opportunity,opportunity,,
OPTDING,optding,optding,,
OPTIMIZATION,optimization,optimization,,
OPTIMIZED,optimized,optimized,,
OPTION,option,option,,
OPTIONAL,optional,optional,,
OPTIONALLY,optionally,optionally,,
OPTIONS,options,options,,
OPTIONSTRING,optionstring,optionstring,,
ORDER,order,ordxr,,
ORDERED,ordered,ordxred,,
ORDEREDDICT,ordereddict,ordxreddict,,
ORDERING,ordering,ordxring,,
ORDINAL,ordinal,ordinal,,
ORDINALS,ordinals,ordinals,,
ORDINARY,ordinary,ordinary,,
ORGANIZED,organized,organized,,
ORIGIN,origin,origin,,
ORIGINAL,original,original,,
ORSELF,orself,orself,,
OSALTSEP,osaltsep,osaltsep,,
OSCHMODFD,oschmodfd,oschmodfd,,
OSCURDIR,oscurdir,oscurdir,,
OSDEFPATH,osdefpath,osdefpath,,
OSDEVNULL,osdewnull,osdiyunull,,
OSENVIRON,osenwiron,osenwiron,,
OSERROR,oserror,osxrror,,
OSEXTSEP,osextsep,osextsep,,
OSFDOPEN,osfdopen,osfdopen,,
OSLINESEP,oslinesep,oslinesep,,
OSNAME,osname,osname,,
OSOPEN,osopen,osopen,,
OSPARDIR,ospardir,ospardir,,
OSPATH,ospath,ospath,,
OSPATHLIKE,ospathlike,ospathlike,,
OSPATHSEP,ospathsep,ospathsep,,
OSPOPEN,ospopen,ospopen,,
OSSCANDIR,osscandir,osscandir,,
OSSEP,ossep,ossep,,
OSSTAT,osstat,osstat,,
OSSTATFD,osstatfd,osstatfd,,
OSSTATVFS,osstatwfs,osstatwfs,,
OSTIMES,ostimes,ostimes,,
OSUNAME,osuname,osuname,,
OSWALK,oswalk,oswalk,,
OTHER,other,othxr,,
OTHERS,others,othxrs,,
OTHERWISE,otherwise,othxrwise,,
OUT,out,out,,
OUTCOME,outcome,outcome,,
OUTER,outer,outxr,,
OUTPUT,output,output,,
OUTPUTS,outputs,outputs,,
OUTSIDE,outside,outside,,
OVERALL,owerall,owxrall,,
OVERFLOW,owerflow,owxrflow,,
OVERRIDDEN,owerridden,owxrridden,,
OVERRIDE,owerride,owxrride,,
OVERRIDES,owerrides,owxrrides,,
OVERRIDING,owerriding,owxrriding,,
OVERWRITING,owerwriting,owxrwriting,,
OVERWRITTEN,owerwritten,owxrwritten,,
OWN,own,own,,
OWNER,owner,ownxr,,
PACKAGE,package,pakage,,
PACKAGES,packages,pakages,,
PAGES,pages,pages,,
PAIR,pair,pair,,
PAIRS,pairs,pairs,,
PARAM,param,param,,
PARAMETER,parameter,parametxr,,
PARAMETERS,parameters,parametxrs,,
PARAMS,params,params,,
PARDIR,pardir,pardir,,
PARENT,parent,parent,,
PARENTHESES,parentheses,parentheses,,
PARENTS,parents,parents,,
PARSE,parse,parse,,
PARSEARGS,parseargs,parseargs,,
PARSED,parsed,parsed,,
PARSEFLOAT,parsefloat,parsefloat,,
PARSEINT,parseint,parseint,,
PARSEINTNONE,parseintnone,parseintnone,,
PARSER,parser,parsxr,,
PARSERS,parsers,parsxrs,,
PARSING,parsing,parsing,,
PARTIAL,partial,partial,,
PARTIALLY,partially,partially,,
PARTICIPATE,participate,participate,,
PARTICULAR,particular,particular,,
PARTS,parts,parts,,
PARTY,party,party,,
PASDICT,pasdict,pasdict,,
PASS,pass,pass,,
PASSED,passed,passed,,
PASSES,passes,passes,,
PASSING,passing,passing,,
PAST,past,past,,
PATH,path,path,,
PATHLIKE,pathlike,pathlike,,
PATHNAME,pathname,pathname,,
PATHNAMES,pathnames,pathnames,,
PATHS,paths,paths,,
PATHSEP,pathsep,pathsep,,
PATTERN,pattern,pattxrn,,
PATTERNERROR,patternerror,pattxrnxrror,,
PATTERNNONE,patternnone,pattxrnnone,,
PATTERNS,patterns,pattxrns,,
PAUL,paul,paul,,
PEP,pep,pep,,
PER,per,pxr,,
PERFORM,perform,pxrform,,
PERFORMS,performs,pxrforms,,
PERIODS,periods,pxriods,,
PERL,perl,pxrl,,
PERMISSION,permission,pxrmission,,
PERMISSIONS,permissions,pxrmissions,,
PEROPCODE,peropcode,pxropcode,,
PERTAINING,pertaining,pxrtaining,,
PERTINENT,pertinent,pxrtinent,,
PHASE,phase,phase,,
PICKLE,pickle,pikle,,
PICKLING,pickling,pikling,,
PID,pid,pid,,
PINGLFWORG,pinglfworg,pinglfworg,,
PIPE,pipe,pipe,,
PLACED,placed,placed,,
PLACEHOLDER,placeholder,placeholdxr,,
PLACES,places,places,,
PLACESNONE,placesnone,placesnone,,
PLAIN,plain,plain,,
PLATFORM,platform,platform,,
PLATFORMS,platforms,platforms,,
PLATFORMTYPE,platformtype,platformtype,,
PLUS,plus,plus,,
PNAME,pname,pname,,
PNOWAIT,pnowait,pnowait,,
POINT,point,point,,
POINTD,pointd,pointd,,
POINTDOC,pointdoc,pointdoc,,
POINTING,pointing,pointing,,
POINTS,points,points,,
POINTX,pointx,pointx,,
POLYNOMIAL,polynomial,polynomial,,
POPS,pops,pops,,
POPULATE,populate,populate,,
POPULATION,population,population,,
PORT,port,port,,
PORTABLE,portable,portable,,
PORTION,portion,portion,,
POS,pos,pos,,
POSITION,position,position,,
POSITIONAL,positional,positional,,
POSITIONS,positions,positions,,
POSITIVE,positiwe,positiwe,,
POSIX,posix,posix,,
POSIXPATH,posixpath,posixpath,,
POSIXWINDOWS,posixwindows,posixwindows,,
POSNONE,posnone,posnone,,
POSSIBILITY,possibility,possibility,,
POSSIBLE,possible,possible,,
POSSIBLY,possibly,possibly,,
POWER,power,powxr,,
POWSELF,powself,powself,,
POWVALUE,powwalue,powwalue,,
PPAARRDDIIRR,ppaarrddiirr,ppaarrddiirr,,
PPAARRSSEERR,ppaarrsseerr,ppaarrssexrr,,
PPAATTHH,ppaatthh,ppaatthh,,
PPEERRMMN,ppeerrmmn,ppexrrmmn,,
PPII,ppii,ppii,,
PPIIPPEE,ppiippee,ppiippee,,
PPOOPPSELF,ppooppself,ppooppself,,
PPOOSS,ppooss,ppooss,,
PPOOSSSELF,ppoossself,ppoossself,,
PPOOWWSELF,ppoowwself,ppoowwself,,
PPOOWWX,ppoowwx,ppoowwx,,
PPRREEFFIIXX,pprreeffiixx,pprreeffiixx,,
PPUURRGGEE,ppuurrggee,ppuurrggee,,
PPWWAAIITT,ppwwaaiitt,ppwwaaiitt,,
PRE,pre,pre,,
PRECEDED,preceded,preceded,,
PRECEDENCE,precedence,precedence,,
PRECEDES,precedes,precedes,,
PRECEDING,preceding,preceding,,
PRECISION,precision,precision,,
PREDEFINED,predefined,predefined,,
PREDICATE,predicate,predicate,,
PREEXISTING,preexisting,preexisting,,
PREFIX,prefix,prefix,,
PREFIXCHARS,prefixchars,prefixchars,,
PREFIXNONE,prefixnone,prefixnone,,
PREPARATORY,preparatory,preparatory,,
PREPLACEX,preplacex,preplacex,,
PRERELEASE,prerelease,prxrelease,,
PRESCOD,prescod,prescod,,
PRESENCE,presence,presence,,
PRESENT,present,present,,
PRETTY,pretty,pretty,,
PRETTYPRINT,prettyprint,prettyprint,,
PREVENT,prxwxnt,prxwxnt,,
PREVENTS,prxwxnts,prxwxnts,,
PREVIOUS,prewious,priyuious,,
PREVIOUSLY,prewiously,priyuiously,,
PRIMARILY,primarily,primarily,,
PRIME,prime,prime,,
PRIMEFACTORS,primefactors,primefactors,,
PRINT,print,print,,
PRINTABLE,printable,printable,,
PRINTBYTES,printbytes,printbytes,,
PRINTED,printed,printed,,
PRINTING,printing,printing,,
PRINTROOT,printroot,printroot,,
PRINTS,prints,prints,,
PRIORITY,priority,priority,,
PROBLEM,problem,problem,,
PROCES,proces,proces,,
PROCESS,process,process,,
PROCESSD,processd,processd,,
PROCESSED,processed,processed,,
PROCESSING,processing,processing,,
PROCESSNAMES,processnames,processnames,,
PROCESSS,processs,processs,,
PRODUCE,produce,produce,,
PRODUCED,produced,produced,,
PRODUCES,produces,produces,,
PRODUCING,producing,producing,,
PRODUCT,product,product,,
PRODUCTION,production,production,,
PRODUCTS,products,products,,
PRODUCTTYPE,producttype,producttype,,
PROFILER,profiler,profilxr,,
PROFILING,profiling,profiling,,
PROG,prog,prog,,
PROGNONE,prognone,prognone,,
PROGRAM,program,program,,
PROGRAMMING,programming,programming,,
PROGRAMS,programs,programs,,
PROJECT,prozect,prozect,,
PROLEPTIC,proleptic,proleptic,,
PROMISE,promise,promise,,
PROMPT,prompt,prompt,,
PROPAGATE,propagate,propagate,,
PROPER,proper,propxr,,
PROPERTIES,properties,propxrties,,
PROPERTY,property,propxrty,,
PROTECTION,protection,protection,,
PROTO,proto,proto,,
PROTOCOL,protocol,protocol,,
PROVIDE,prowide,prowide,,
PROVIDED,prowided,prowided,,
PROVIDES,prowides,prowides,,
PROVIDING,prowiding,prowiding,,
PRUNE,prune,prune,,
PRUNED,pruned,pruned,,
PSEUDOCODE,pseudocode,pseudocode,,
PUBLIC,public,public,,
PUNCTUATION,punctuation,punctuation,,
PURCELL,purcell,purcell,,
PURGE,purge,purge,,
PURPOSE,purpose,purpose,,
PURPOSES,purposes,purposes,,
PWAIT,pwait,pwait,,
PYCACHE,pycache,pycache,,
PYDOC,pydoc,pydoc,,
PYDOCHELPER,pydochelper,pydochelpxr,,
PYTHAGOREAN,pythagorean,pythagorean,,
PYTHON,python,python,,
PYTHONDOCS,pythondocs,pythondocs,,
PYTHONS,pythons,pythons,,
QUALIFIED,kualified,kualified,,
QUALNAME,kualname,kualname,,
QUERIED,kueried,kuxried,,
QUOTATION,kuotation,kuotation,,
QUOTE,kuote,kuote,,
QUOTEALL,kuoteall,kuoteall,,
QUOTECHAR,kuotechar,kuotechar,,
QUOTEMINIMAL,kuoteminimal,kuoteminimal,,
QUOTENO,kuoteno,kuoteno,,
QUOTENONE,kuotenone,kuotenone,,
QUOTES,kuotes,kuotes,,
QUOTETRUE,kuotetrue,kuotetrue,,
QUOTING,kuoting,kuoting,,
RADIANS,radians,radians,,
RAISE,raise,raise,,
RAISED,raised,raised,,
RAISES,raises,raises,,
RAISING,raising,raising,,
RAN,ran,ran,,
RANDOM,random,random,,
RANGE,range,range,,
RANGES,ranges,ranges,,
RATHER,rather,rathxr,,
RATIO,ratio,ratio,,
RATIONAL,rational,rational,,
RAW,raw,raw,,
RCBIN,rcbin,rcbin,,
RCPYTHON,rcpython,rcpython,,
RCPYTHONPY,rcpythonpy,rcpythonpy,,
READ,read,read,,
READER,reader,readxr,,
READERS,readers,readxrs,,
READFD,readfd,readfd,,
READING,reading,reading,,
READONLY,readonly,readonly,,
REAL,real,real,,
REASCII,reascii,reascii,,
REASON,reason,reason,,
RECEIVED,receiwed,receiwed,,
RECENT,recent,recent,,
RECOGNISED,recognised,recognised,,
RECOGNIZE,recognize,recognize,,
RECOMMENDED,recommended,recommended,,
RECOMPILEN,recompilen,recompilen,,
RECORD,record,record,,
RECORDING,recording,recording,,
RECORDS,records,records,,
RECURSE,recurse,recurse,,
RECURSING,recursing,recursing,,
RECURSION,recursion,recursion,,
RECURSIVE,recursiwe,recursiwe,,
RECURSIVELY,recursiwely,recursiwely,,
REDEBUG,redebug,redebug,,
REDIRECT,redirect,redirect,,
REDIRECTED,redirected,redirected,,
REDISTRIBUTE,redistribute,redistribute,,
REDOTALL,redotall,redotall,,
REDUCE,reduce,reduce,,
REDUCED,reduced,reduced,,
REFER,refer,refxr,,
REFERENCE,reference,refxrence,,
REFERENCES,references,refxrences,,
REFS,refs,refs,,
REGARD,regard,regard,,
REGARDING,regarding,regarding,,
REGARDLESS,regardless,regardless,,
REGEX,regex,regex,,
REGEXFLAG,regexflag,regexflag,,
REGEXP,regexp,regexp,,
REGISTER,register,registxr,,
REGISTERED,registered,registxred,,
REGISTRATION,registration,registration,,
REGISTRYNAME,registryname,registryname,,
REGRESSION,regression,regression,,
REGULAR,regular,regular,,
REIGNORECASE,reignorecase,reignorecase,,
REJECT,rezect,rezect,,
RELATED,related,related,,
RELATIVE,relatiwe,relatiwe,,
RELEASE,release,release,,
RELEASELEV,releaselew,releaseliyu,,
RELEVANT,relewant,reliyuant,,
RELOCALE,relocale,relocale,,
RELTOL,reltol,reltol,,
RELTOLE,reltole,reltole,,
REMAIN,remain,remain,,
REMAINDER,remainder,remaindxr,,
REMAINING,remaining,remaining,,
REMATCH,rematch,rematch,,
REMEMBERED,remembered,remembxred,,
REMEMBERS,remembers,remembxrs,,
REMOTE,remote,remote,,
REMOVE,remowe,remowe,,
REMOVED,remowed,remowed,,
REMOVES,remowes,remowes,,
REMULTILINE,remultiline,remultiline,,
RENAME,rename,rename,,
RENAMEFALSE,renamefalse,renamefalse,,
RENAMESOLD,renamesold,renamesold,,
RENOFLAG,renoflag,renoflag,,
REPARSE,reparse,reparse,,
REPATTERN,repattern,repattxrn,,
REPEATING,repeating,repeating,,
REPETITION,repetition,repetition,,
REPETITIONS,repetitions,repetitions,,
REPL,repl,repl,,
REPLACE,replace,replace,,
REPLACED,replaced,replaced,,
REPLACEMENT,replacement,replacement,,
REPLACESELF,replaceself,replaceself,,
REPLACING,replacing,replacing,,
REPORT,report,report,,
REPORTED,reported,reported,,
REPORTING,reporting,reporting,,
REPR,repr,repr,,
REPRESENT,represent,represent,,
REPRESENTED,represented,represented,,
REPRESENTING,representing,representing,,
REPRESENTS,represents,represents,,
REPRODUCIBLE,reproducible,reproducible,,
REPRSELF,reprself,reprself,,
REQUEST,rekuest,rekuest,,
REQUESTED,rekuested,rekuested,,
REQUIRED,rekuired,rekuired,,
REQUIREMENT,rekuirement,rekuirement,,
REQUIRES,rekuires,rekuires,,
RES,res,res,,
RESEARCH,research,research,,
RESERVED,reserwed,resxrwed,,
RESOLUTION,resolution,resolution,,
RESOLVE,resolwe,resolwe,,
RESOLVED,resolwed,resolwed,,
RESOLVES,resolwes,resolwes,,
RESOURCES,resources,resources,,
RESPECTIVE,respectiwe,respectiwe,,
RESPECTIVELY,respectiwely,respectiwely,,
RESPONSIBLE,responsible,responsible,,
RESTKEYNONE,restkeynone,restkeynone,,
RESTORED,restored,restored,,
RESTVAL,restwal,restwal,,
RESTVALNONE,restwalnone,restwalnone,,
RESULT,result,result,,
RESULTING,resulting,resulting,,
RESULTNONE,resultnone,resultnone,,
RESULTS,results,results,,
RESUMES,resumes,resumes,,
RESUMPTIONS,resumptions,resumptions,,
RETAINED,retained,retained,,
RETAINS,retains,retains,,
RETRIED,retried,retried,,
RETRIEVE,retrixwx,retrixwx,,
RETRIEVED,retrixwxd,retrixwxd,,
RETURN,return,return,,
RETURNED,returned,returned,,
RETURNING,returning,returning,,
RETURNS,returns,returns,,
REUNICODE,reunicode,reunicode,,
REVERBOSE,rxwxrbose,rxwxrbose,,
REVERSE,rxwxrse,rxwxrse,,
REVERSEDOD,rxwxrsedod,rxwxrsedod,,
RFC,rfc,rfc,,
RICHARD,richard,richard,,
RIGHTMOST,rightmost,rightmost,,
RIGHTS,rights,rights,,
RMDIR,rmdir,rmdir,,
ROK,rok,rok,,
ROOT,root,root,,
ROOTED,rooted,rooted,,
ROOTLOGGER,rootlogger,rootloggxr,,
ROSSUM,rossum,rossum,,
ROTATE,rotate,rotate,,
ROTATES,rotates,rotates,,
ROUGHLY,roughly,roughly,,
ROUND,round,round,,
ROUNDED,rounded,rounded,,
ROUNDING,rounding,rounding,,
ROUTINE,routine,routine,,
ROUTINES,routines,routines,,
ROW,row,row,,
ROWDICT,rowdict,rowdict,,
ROWDICTS,rowdicts,rowdicts,,
ROWS,rows,rows,,
RRAADDDDSELF,rraaddddself,rraaddddself,,
RRAANNDD,rraanndd,rraanndd,,
RREE,rree,rree,,
RREEAADD,rreeaadd,rreeaadd,,
RREEAADDFD,rreeaaddfd,rreeaaddfd,,
RREEAALL,rreeaall,rreeaall,,
RREEGGSS,rreeggss,rreeggss,,
RREEPPRR,rreepprr,rreepprr,,
RREEPPRRSELF,rreepprrself,rreepprrself,,
RRMMOODDSELF,rrmmooddself,rrmmooddself,,
RRMMUULL,rrmmuull,rrmmuull,,
RRMMUULLSELF,rrmmuullself,rrmmuullself,,
RROOKK,rrookk,rrookk,,
RROOOOTT,rroooott,rroooott,,
RROORR,rroorr,rroorr,,
RROORRSELF,rroorrself,rroorrself,,
RRPPOOWWSELF,rrppoowwself,rrppoowwself,,
RRSSUUBBSELF,rrssuubbself,rrssuubbself,,
RRUUNNSELF,rruunnself,rruunnself,,
RRXXOORR,rrxxoorr,rrxxoorr,,
RULES,rules,rules,,
RUN,run,run,,
RUNNER,runner,runnxr,,
RUNNING,running,running,,
RUNS,runs,runs,,
RUNTEST,runtest,runtest,,
SAF,saf,saf,,
SAFETY,safety,safety,,
SAJIP,sazip,sazip,,
SAMPLE,sample,sample,,
SAPPENDVALUE,sappendwalue,sappendwalue,,
SATISFY,satisfy,satisfy,,
SAVE,sawe,sawe,,
SAVED,sawed,sawed,,
SCAN,scan,scan,,
SCANDIR,scandir,scandir,,
SCANNED,scanned,scanned,,
SCANNER,scanner,scannxr,,
SCLEAR,sclear,sclear,,
SCOUNTVALUE,scountwalue,scountwalue,,
SCREEN,screen,screen,,
SCRIPT,script,script,,
SCRIPTS,scripts,scripts,,
SEARCH,search,search,,
SEARCHED,searched,searched,,
SEARCHING,searching,searching,,
SECOND,second,second,,
SECONDS,seconds,seconds,,
SEEK,seek,seek,,
SEEKCUR,seekcur,seekcur,,
SEEKEND,seekend,seekend,,
SEEKSET,seekset,seekset,,
SEEN,seen,seen,,
SEGMENT,segment,segment,,
SEGMENTS,segments,segments,,
SELECTED,selected,selected,,
SELF,self,self,,
SELFKEY,selfkey,selfkey,,
SELFVALUE,selfwalue,selfwalue,,
SELIVANOV,seliwanow,seliwanow,,
SEND,send,send,,
SENDS,sends,sends,,
SENSIBLE,sensible,sensible,,
SENT,sent,sent,,
SEP,sep,sep,,
SEPARATE,separate,separate,,
SEPARATED,separated,separated,,
SEPARATELY,separately,separately,,
SEPARATOR,separator,separator,,
SEPARATORS,separators,separators,,
SEPNONE,sepnone,sepnone,,
SEQ,sek,sek,,
SEQTYPE,sektype,sektype,,
SEQTYPENONE,sektypenone,sektypenone,,
SEQUENCE,sekuence,sekuence,,
SEQUENCES,sekuences,sekuences,,
SERIALIZABLE,serializable,sxrializable,,
SERIALIZE,serialize,sxrialize,,
SERIALIZED,serialized,sxrialized,,
SERIALIZING,serializing,sxrializing,,
SERVER,serwer,sxrwxr,,
SERVICEPACK,serwicepack,sxrwicepak,,
SESSION,session,session,,
SET,set,set,,
SETLIKE,setlike,setlike,,
SETPROFILE,setprofile,setprofile,,
SETS,sets,sets,,
SETSPECIFIC,setspecific,setspecific,,
SETTING,setting,setting,,
SETTINGS,settings,settings,,
SETTRACE,settrace,settrace,,
SETUP,setup,setup,,
SETUPCLASS,setupclass,setupclass,,
SETUPMODULE,setupmodule,setupmodule,,
SETUPNONE,setupnone,setupnone,,
SEVEN,sxwxn,sxwxn,,
SEVERAL,sxwxral,sxwxral,,
SEVERITY,sxwxrity,sxwxrity,,
SHALL,shall,shall,,
SHALLOW,shallow,shallow,,
SHAZAM,shazam,shazam,,
SHELL,shell,shell,,
SHELLEXECUTE,shellexecute,shellexecute,,
SHIFTED,shifted,shifted,,
SHORT,short,short,,
SHOULD,should,should,,
SHOW,show,show,,
SHOWCMD,showcmd,showcmd,,
SHOWING,showing,showing,,
SHOWN,shown,shown,,
SHOWS,shows,shows,,
SIDE,side,side,,
SIG,sig,sig,,
SIGN,sign,sign,,
SIGNAL,signal,signal,,
SIGNALS,signals,signals,,
SIGNATURE,signature,signature,,
SIGNED,signed,signed,,
SIGNEDFALSE,signedfalse,signedfalse,,
SIGNIFICANT,significant,significant,,
SIGNIFYING,signifying,signifying,,
SIGNS,signs,signs,,
SILENCED,silenced,silenced,,
SILENTLY,silently,silently,,
SIMILAR,similar,similar,,
SIMILARLY,similarly,similarly,,
SIMPLE,simple,simple,,
SIMPLEJSON,simplezson,simplezson,,
SIMPLEST,simplest,simplest,,
SIMPLY,simply,simply,,
SIMULATING,simulating,simulating,,
SINCE,since,since,,
SINDEXVALUE,sindexwalue,sindexwalue,,
SINE,sine,sine,,
SINFONONE,sinfonone,sinfonone,,
SINGLE,single,single,,
SINSERTINDEX,sinsertindex,sinsxrtindex,,
SIZE,size,size,,
SIZEOFDIGIT,sizeofdigit,sizeofdigit,,
SKIP,skip,skip,,
SKIPKEYS,skipkeys,skipkeys,,
SKIPPED,skipped,skipped,,
SKIPPING,skipping,skipping,,
SKIPTEST,skiptest,skiptest,,
SLASH,slash,slash,,
SLAVE,slawe,slawe,,
SLICE,slice,slice,,
SLIPPING,slipping,slipping,,
SMALL,small,small,,
SMALLER,smaller,smallxr,,
SMALLEST,smallest,smallest,,
SMALLTALK,smalltalk,smalltalk,,
SNIFFER,sniffer,sniffxr,,
SNIFFS,sniffs,sniffs,,
SOCKET,socket,soket,,
SOFTWARE,software,software,,
SOLE,sole,sole,,
SOMETHING,something,something,,
SOMETIMES,sometimes,sometimes,,
SOON,soon,soon,,
SORTED,sorted,sorted,,
SORTEDC,sortedc,sortedc,,
SORTKEYS,sortkeys,sortkeys,,
SORTKEYSTRUE,sortkeystrue,sortkeystrue,,
SOURCE,source,source,,
SOURCES,sources,sources,,
SPACE,space,space,,
SPACES,spaces,spaces,,
SPAN,span,span,,
SPAWNLEMODE,spawnlemode,spawnlemode,,
SPAWNLMODE,spawnlmode,spawnlmode,,
SPEC,spec,spec,,
SPECIAL,special,special,,
SPECIALIZED,specialized,specialized,,
SPECIALIZING,specializing,specializing,,
SPECIFIC,specific,specific,,
SPECIFICALLY,specifically,specifically,,
SPECIFIED,specified,specified,,
SPECIFIER,specifier,specifixr,,
SPECIFIERS,specifiers,specifixrs,,
SPECIFIES,specifies,specifies,,
SPECIFY,specify,specify,,
SPECIFYING,specifying,specifying,,
SPEED,speed,speed,,
SPLIT,split,split,,
SPLITS,splits,splits,,
SPOPINDEX,spopindex,spopindex,,
SQRTSUMPX,skrtsumpx,skrtsumpx,,
SQRTSUMX,skrtsumx,skrtsumx,,
SQRTXX,skrtxx,skrtxx,,
SQUARE,skuare,skuare,,
SRC,src,src,,
SRCDIRFD,srcdirfd,srcdirfd,,
SRCDIRFDNONE,srcdirfdnone,srcdirfdnone,,
SREMOVEVALUE,sremowewalue,sremowiyualue,,
SREVERSE,srxwxrse,srxwxrse,,
SROWCOL,srowcol,srowcol,,
SSEECCOONNDD,sseeccoonndd,sseeccoonndd,,
SSEEPP,sseepp,sseepp,,
SSIINNHHX,ssiinnhhx,ssiinnhhx,,
SSIINNX,ssiinnx,ssiinnx,,
SSOORRTTSELF,ssoorrttself,ssoorrttself,,
SSPPAANNSELF,ssppaannself,ssppaannself,,
SSQQRRTTX,sskkrrttx,sskkrrttx,,
SSTTAATTPATH,ssttaattpath,ssttaattpath,,
SSTTAATTSELF,ssttaattself,ssttaattself,,
SSTTAATTUUSS,ssttaattuuss,ssttaattuuss,,
SSTTDDEERRRR,ssttddeerrrr,ssttddexrrrr,,
SSTTDDEEVV,ssttddeeww,ssttddeiyuw,,
SSTTDDIINN,ssttddiinn,ssttddiinn,,
SSTTDDOOUUTT,ssttddoouutt,ssttddoouutt,,
SSTTGGIIDD,ssttggiidd,ssttggiidd,,
SSTTIINNOO,ssttiinnoo,ssttiinnoo,,
SSTTMMOODDEE,ssttmmooddee,ssttmmooddee,,
SSTTOOPPSELF,ssttooppself,ssttooppself,,
SSTTRR,ssttrr,ssttrr,,
SSTTRRIINNGG,ssttrriinngg,ssttrriinngg,,
SSTTRRSELF,ssttrrself,ssttrrself,,
SSTTSSIIZZEE,ssttssiizzee,ssttssiizzee,,
SSTTUUIIDD,ssttuuiidd,ssttuuiidd,,
SSUUBBNNSELF,ssuubbnnself,ssuubbnnself,,
SSUUBBSELF,ssuubbself,ssuubbself,,
SSYYSSTTEEMM,ssyysstteemm,ssyysstteemm,,
STABLE,stable,stable,,
STACK,stack,stak,,
STACKINFO,stackinfo,stakinfo,,
STACKING,stacking,staking,,
STACKLEVEL,stacklxwxl,staklxwxl,,
STAND,stand,stand,,
STANDARD,standard,standard,,
START,start,start,,
STARTDIR,startdir,startdir,,
STARTED,started,started,,
STARTFILE,startfile,startfile,,
STARTING,starting,starting,,
STARTS,starts,starts,,
STARTTEST,starttest,starttest,,
STARTUP,startup,startup,,
STAT,stat,stat,,
STATE,state,state,,
STATES,states,states,,
STATIC,static,static,,
STATICMETHOD,staticmethod,staticmethod,,
STATPATH,statpath,statpath,,
STATRESULT,statresult,statresult,,
STATUS,status,status,,
STATVFS,statwfs,statwfs,,
STBLKSIZE,stblksize,stblksize,,
STBLOCKS,stblocks,stbloks,,
STDERR,stderr,stdxrr,,
STDEV,stdew,stdiyu,,
STDIN,stdin,stdin,,
STDOUT,stdout,stdout,,
STEPS,steps,steps,,
STEPSNONE,stepsnone,stepsnone,,
STEVE,stxwx,stxwx,,
STFLAGS,stflags,stflags,,
STILL,still,still,,
STIME,stime,stime,,
STINO,stino,stino,,
STMODE,stmode,stmode,,
STNLINK,stnlink,stnlink,,
STOP,stop,stop,,
STOPNONE,stopnone,stopnone,,
STOPTEST,stoptest,stoptest,,
STORED,stored,stored,,
STORES,stores,stores,,
STORETRUE,storetrue,storetrue,,
STORING,storing,storing,,
STR,str,str,,
STRBYTES,strbytes,strbytes,,
STRDEV,strdew,strdiyu,,
STRDIG,strdig,strdig,,
STREAM,stream,stream,,
STREAMING,streaming,streaming,,
STREAMNONE,streamnone,streamnone,,
STRERROR,strerror,strxrror,,
STRFTIME,strftime,strftime,,
STRICT,strict,strict,,
STRICTTRUE,stricttrue,stricttrue,,
STRING,string,string,,
STRINGIFIED,stringified,stringified,,
STRINGIO,stringio,stringio,,
STRINGIZED,stringized,stringized,,
STRINGS,strings,strings,,
STRIPPING,stripping,stripping,,
STRIPS,strips,strips,,
STRMSG,strmsg,strmsg,,
STRONGLY,strongly,strongly,,
STRREPLACE,strreplace,strreplace,,
STRSELF,strself,strself,,
STRTRANSLATE,strtranslate,strtranslate,,
STRUCTURE,structure,structure,,
STRUCTURES,structures,structures,,
STUB,stub,stub,,
STUID,stuid,stuid,,
STYLE,style,style,,
SUB,sub,sub,,
SUBAREAS,subareas,subareas,,
SUBCLASS,subclass,subclass,,
SUBCLASSED,subclassed,subclassed,,
SUBCLASSES,subclasses,subclasses,,
SUBCLASSING,subclassing,subclassing,,
SUBGROUP,subgroup,subgroup,,
SUBGROUPS,subgroups,subgroups,,
SUBLEVELS,sublxwxls,sublxwxls,,
SUBN,subn,subn,,
SUBPARSER,subparser,subparsxr,,
SUBPARSERS,subparsers,subparsxrs,,
SUBPROCESS,subprocess,subprocess,,
SUBSET,subset,subset,,
SUBSHELL,subshell,subshell,,
SUBSTITUTE,substitute,substitute,,
SUBSTITUTION,substitution,substitution,,
SUBSTRING,substring,substring,,
SUBSTRINGS,substrings,substrings,,
SUBTEST,subtest,subtest,,
SUBTLE,subtle,subtle,,
SUBTRACT,subtract,subtract,,
SUBTRACTS,subtracts,subtracts,,
SUCCEED,succeed,succeed,,
SUCCESS,success,success,,
SUCCESSFUL,successful,successful,,
SUCCESSFULLY,successfully,successfully,,
SUCCESSIVE,successiwe,successiwe,,
SUCCESSIVELY,successiwely,successiwely,,
SUCH,such,such,,
SUFFERED,suffered,suffxred,,
SUFFIX,suffix,suffix,,
SUGGESTIONS,suggestions,suggestions,,
SUIDSGID,suidsgid,suidsgid,,
SUIT,suit,suit,,
SUITABLE,suitable,suitable,,
SUITE,suite,suite,,
SUITEMASK,suitemask,suitemask,,
SUITES,suites,suites,,
SUM,sum,sum,,
SUMCVALUES,sumcwalues,sumcwalues,,
SUMMARY,summary,summary,,
SUMMED,summed,summed,,
SUMS,sums,sums,,
SUNDAY,sunday,sunday,,
SUPERCLASS,superclass,supxrclass,,
SUPERCLASSS,superclasss,supxrclasss,,
SUPERMKDIR,supermkdir,supxrmkdir,,
SUPERRENAME,superrename,supxrrename,,
SUPERRMDIR,superrmdir,supxrrmdir,,
SUPERSET,superset,supxrset,,
SUPPLIED,supplied,supplied,,
SUPPLY,supply,supply,,
SUPPORT,support,support,,
SUPPORTED,supported,supported,,
SUPPORTING,supporting,supporting,,
SUPPORTS,supports,supports,,
SUPPRESS,suppress,suppress,,
SURE,sure,sure,,
SUSPENDED,suspended,suspended,,
SWITCH,switch,switch,,
SWITCHING,switching,switching,,
SYMBOLIC,symbolic,symbolic,,
SYMLINK,symlink,symlink,,
SYMLINKS,symlinks,symlinks,,
SYMMETRY,symmetry,symmetry,,
SYNOPSIS,synopsis,synopsis,,
SYNTAX,syntax,syntax,,
SYS,sys,sys,,
SYSBYTEORDER,sysbyteorder,sysbyteordxr,,
SYSEXCINFO,sysexcinfo,sysexcinfo,,
SYSNAME,sysname,sysname,,
SYSSETTRACE,syssettrace,syssettrace,,
SYSSTDERR,sysstderr,sysstdxrr,,
SYSSTDOUT,sysstdout,sysstdout,,
SYSTEM,system,system,,
SYSTEMEXIT,systemexit,systemexit,,
SYSTEMS,systems,systems,,
TAB,tab,tab,,
TABDELIMITED,tabdelimited,tabdelimited,,
TABLE,table,table,,
TABS,tabs,tabs,,
TABSIZE,tabsize,tabsize,,
TAG,tag,tag,,
TAGSVCAEC,tagswcaec,tagswcaec,,
TAKES,takes,takes,,
TAKING,taking,taking,,
TANGENT,tangent,tangent,,
TARGET,target,target,,
TARGETS,targets,targets,,
TARGS,targs,targs,,
TASK,task,task,,
TASKNAMES,tasknames,tasknames,,
TBFRAME,tbframe,tbframe,,
TBLASTI,tblasti,tblasti,,
TBLINENO,tblineno,tblineno,,
TBNEXT,tbnext,tbnext,,
TEARDOWN,teardown,teardown,,
TEARDOWNNONE,teardownnone,teardownnone,,
TELL,tell,tell,,
TELLS,tells,tells,,
TEMPLATE,template,template,,
TEMPLATELIB,templatelib,templatelib,,
TEMPORARY,temporary,temporary,,
TERM,term,txrm,,
TERMINAL,terminal,txrminal,,
TERMINALS,terminals,txrminals,,
TERMINALSIZE,terminalsize,txrminalsize,,
TERMINATE,terminate,txrminate,,
TERMINATED,terminated,txrminated,,
TERMS,terms,txrms,,
TEST,test,test,,
TESTADDSELF,testaddself,testaddself,,
TESTCASE,testcase,testcase,,
TESTCASES,testcases,testcases,,
TESTED,tested,tested,,
TESTFUNC,testfunc,testfunc,,
TESTING,testing,testing,,
TESTRESULT,testresult,testresult,,
TESTRUNNER,testrunner,testrunnxr,,
TESTS,tests,tests,,
TESTSUITE,testsuite,testsuite,,
TEXT,text,text,,
TEXTBASED,textbased,textbased,,
TEXTDOC,textdoc,textdoc,,
TEXTUAL,textual,textual,,
THEEXCEPTION,theexception,theexception,,
THEMSELVES,themselwes,themselwes,,
THEOREM,theorem,theorem,,
THEREFORE,therefore,thxrefore,,
THERES,theres,thxres,,
THERETO,thereto,thxreto,,
THEWARNING,thewarning,thiyuarning,,
THINGS,things,things,,
THIRD,third,third,,
THIS,this,this,,
THORNY,thorny,thorny,,
THOSE,those,those,,
THREAD,thread,thread,,
THREADD,threadd,threadd,,
THREADINFO,threadinfo,threadinfo,,
THREADNAMES,threadnames,threadnames,,
THREADS,threads,threads,,
THREE,three,three,,
THREEWAYCMPX,threewaycmpx,threiyuaycmpx,,
THROW,throw,throw,,
THROWN,thrown,thrown,,
TIDY,tidy,tidy,,
TIDYUP,tidyup,tidyup,,
TIMEDELTA,timedelta,timedelta,,
TIMEGMTIME,timegmtime,timegmtime,,
TIMEHOUR,timehour,timehour,,
TIMES,times,times,,
TIMESNONE,timesnone,timesnone,,
TIMESPEC,timespec,timespec,,
TIMESRESULT,timesresult,timesresult,,
TIMESTAMP,timestamp,timestamp,,
TIMESTRFTIME,timestrftime,timestrftime,,
TIMESTRPTIME,timestrptime,timestrptime,,
TIMETIME,timetime,timetime,,
TIMETIMENS,timetimens,timetimens,,
TIMEZONE,timezone,timezone,,
TIMING,timing,timing,,
TNRFV,tnrfw,tnrfw,,
TNRXBXC,tnrxbxc,tnrxbxc,,
TOGETHER,together,togethxr,,
TOKEN,token,token,,
TOKENEATER,tokeneater,tokeneatxr,,
TOLERANCES,tolerances,tolxrances,,
TOMMY,tommy,tommy,,
TOOL,tool,tool,,
TOP,top,top,,
TOPDOWN,topdown,topdown,,
ACHIEVE,achixwx,achixwx,,
ACHIEVED,achixwxd,achixwxd,,
ACHIEVEMENT,achixwxment,achixwxment,,
ACHIEVEMENTS,achixwxments,achixwxments,,
ACHIEVERS,achixwxrs,achixwxrs,,
ACHIEVES,achixwxs,achixwxs,,
AGGRIEVED,aggrixwxd,aggrixwxd,,
BELIEVE,belixwx,belixwx,,
BELIEVED,belixwxd,belixwxd,,
BELIEVER,belixwxr,belixwxr,,
BELIEVERS,belixwxrs,belixwxrs,,
BELIEVES,belixwxs,belixwxs,,
BEVERAGE,bxwxrage,bxwxrage,,
BEVERAGES,bxwxrages,bxwxrages,,
BEVERLY,bxwxrly,bxwxrly,,
CLEVELAND,clxwxland,clxwxland,,
CLEVER,clxwxr,clxwxr,,
CLEVERLY,clxwxrly,clxwxrly,,
DEVELOP,dxwxlop,dxwxlop,,
DEVELOPED,dxwxloped,dxwxloped,,
DEVELOPERS,dxwxlopers,dxwxlopxrs,,
DEVELOPING,dxwxloping,dxwxloping,,
DEVELOPMENT,dxwxlopment,dxwxlopment,,
DEVELOPMENTAL,dxwxlopmental,dxwxlopmental,,
DEVELOPMENTALLY,dxwxlopmentally,dxwxlopmentally,,
DEVELOPMENTS,dxwxlopments,dxwxlopments,,
DEVELOPS,dxwxlops,dxwxlops,,
ELEVEN,elxwxn,elxwxn,,
ELEVENTH,elxwxnth,elxwxnth,,
EVE,ewe,iyue,,
EVELYN,ewelyn,iyuelyn,,
EVENING,ewening,iwxning,,
EVENINGS,ewenings,iwxnings,,
EVENLY,ewenly,iwxnly,,
EVENTFUL,ewentful,iwxntful,,
EVENTUAL,ewentual,iwxntual,,
EVENTUALITY,ewentuality,iwxntuality,,
EVENTUALLY,ewentually,iwxntually,,
EVER,ewer,xwxr,,
EVEREST,ewerest,xwxrest,,
EVERETT,ewerett,xwxrett,,
EVERGLADES,ewerglades,xwxrglades,,
EVERGREEN,ewergreen,xwxrgreen,,
EVERLASTING,ewerlasting,xwxrlasting,,
EVERTON,ewerton,xwxrton,,
EVERYBODY,ewerybody,xwxrybody,,
EVERYDAY,eweryday,xwxryday,,
EVERYONE,eweryone,xwxryone,,
EVERYTHING,ewerything,xwxrything,,
EVERYTIME,ewerytime,xwxrytime,,
EVERYWHERE,ewerywhere,xwxrywhxre,,
FEVER,fxwxr,fxwxr,,
FEVERISH,fxwxrish,fxwxrish,,
FEVERS,fxwxrs,fxwxrs,,
FOREVER,forxwxr,forxwxr,,
GENEVIEVE,genewixwx,geniyuixwx,,
GRIEVE,grixwx,grixwx,,
GRIEVED,grixwxd,grixwxd,,
IRREVERENT,irrxwxrent,irrxwxrent,,
IRREVERSIBLE,irrxwxrsible,irrxwxrsible,,
LEVELED,lxwxled,lxwxled,,
LEVELING,lxwxling,lxwxling,,
LEVELLED,lxwxlled,lxwxlled,,
LEVER,lxwxr,lxwxr,,
LEVERAGE,lxwxrage,lxwxrage,,
LEVERAGED,lxwxraged,lxwxraged,,
LEVERAGES,lxwxrages,lxwxrages,,
LEVERAGING,lxwxraging,lxwxraging,,
LEVERS,lxwxrs,lxwxrs,,
NEVERMIND,nxwxrmind,nxwxrmind,,
NEVERTHELESS,nxwxrtheless,nxwxrtheless,,
PEEVE,pexwx,pexwx,,
PEEVES,pexwxs,pexwxs,,
PERSEVERANCE,persxwxrance,pxrsxwxrance,,
PERSEVERE,persxwxre,pxrsxwxre,,
PERSEVERED,persxwxred,pxrsxwxred,,
PREVENTABLE,prxwxntable,prxwxntable,,
PREVENTATIVE,prxwxntatiwe,prxwxntatiwe,,
PREVENTED,prxwxnted,prxwxnted,,
PREVENTING,prxwxnting,prxwxnting,,
PREVENTION,prxwxntion,prxwxntion,,
PREVENTIVE,prxwxntiwe,prxwxntiwe,,
RECIEVE,recixwx,recixwx,,
REDEVELOPMENT,redxwxlopment,redxwxlopment,,
REEVES,rexwxs,rexwxs,,
RELIEVE,relixwx,relixwx,,
RELIEVED,relixwxd,relixwxd,,
RELIEVER,relixwxr,relixwxr,,
RELIEVERS,relixwxrs,relixwxrs,,
RELIEVES,relixwxs,relixwxs,,
REPRIEVE,reprixwx,reprixwx,,
RETRIEVER,retrixwxr,retrixwxr,,
REVEAL,rxwxal,rxwxal,,
REVEALED,rxwxaled,rxwxaled,,
REVEALING,rxwxaling,rxwxaling,,
REVEALS,rxwxals,rxwxals,,
REVEL,rxwxl,rxwxl,,
REVELATION,rxwxlation,rxwxlation,,
REVELATIONS,rxwxlations,rxwxlations,,
REVENGE,rxwxnge,rxwxnge,,
REVENUE,rxwxnue,rxwxnue,,
REVENUES,rxwxnues,rxwxnues,,
REVERB,rxwxrb,rxwxrb,,
REVERE,rxwxre,rxwxre,,
REVERED,rxwxred,rxwxred,,
REVERENCE,rxwxrence,rxwxrence,,
REVEREND,rxwxrend,rxwxrend,,
REVERSAL,rxwxrsal,rxwxrsal,,
REVERSED,rxwxrsed,rxwxrsed,,
REVERSIBLE,rxwxrsible,rxwxrsible,,
REVERSING,rxwxrsing,rxwxrsing,,
REVERT,rxwxrt,rxwxrt,,
REVERTED,rxwxrted,rxwxrted,,
REVERTING,rxwxrting,rxwxrting,,
ROOSEVELT,roosxwxlt,roosxwxlt,,
SEVENTEEN,sxwxnteen,sxwxnteen,,
SEVENTEENTH,sxwxnteenth,sxwxnteenth,,
SEVENTH,sxwxnth,sxwxnth,,
SEVENTIES,sxwxnties,sxwxnties,,
SEVENTY,sxwxnty,sxwxnty,,
SEVER,sxwxr,sxwxr,,
SEVERANCE,sxwxrance,sxwxrance,,
SEVERE,sxwxre,sxwxre,,
SEVERED,sxwxred,sxwxred,,
SEVERELY,sxwxrely,sxwxrely,,
SEVERUS,sxwxrus,sxwxrus,,
SIEVE,sixwx,sixwx,,
SLEEVE,slexwx,slexwx,,
SLEEVED,slexwxd,slexwxd,,
SLEEVELESS,slexwxless,slexwxless,,
SLEEVES,slexwxs,slexwxs,,
STEVEN,stxwxn,stxwxn,,
STEVENS,stxwxns,stxwxns,,
STEVENSON,stxwxnson,stxwxnson,,
THIEVES,thixwxs,thixwxs,,
UNBELIEVERS,unbelixwxrs,unbelixwxrs,,
UNDERDEVELOPED,underdxwxloped,undxrdxwxloped,,
UNDEVELOPED,undxwxloped,undxwxloped,,
UNEVEN,unewen,xniwxn,,
UNEVENTFUL,unewentful,xniwxntful,,
WHATEVER,whatewer,whatxwxr,,
WHATSOEVER,whatsoewer,whatsoxwxr,,
WHENEVER,whenewer,whenxwxr,,
WHEREVER,wherewer,whxrxwxr,,
WHICHEVER,whichewer,whichxwxr,,
WHOEVER,whoewer,whoxwxr,,
WHOMEVER,whomewer,whomxwxr,,
WHOSOEVER,whosoxwxr,whosoxwxr,,
